-- phpMyAdmin SQL Dump
-- version 3.5.1
-- http://www.phpmyadmin.net
--
-- Servidor: localhost
-- Tiempo de generación: 30-11-2016 a las 21:45:59
-- Versión del servidor: 5.5.24-log
-- Versión de PHP: 5.4.3

SET SQL_MODE="NO_AUTO_VALUE_ON_ZERO";
SET time_zone = "+00:00";


/*!40101 SET @OLD_CHARACTER_SET_CLIENT=@@CHARACTER_SET_CLIENT */;
/*!40101 SET @OLD_CHARACTER_SET_RESULTS=@@CHARACTER_SET_RESULTS */;
/*!40101 SET @OLD_COLLATION_CONNECTION=@@COLLATION_CONNECTION */;
/*!40101 SET NAMES utf8 */;

--
-- Base de datos: `manwil_db`
--

-- --------------------------------------------------------

--
-- Estructura de tabla para la tabla `almacen`
--

CREATE TABLE IF NOT EXISTS `almacen` (
  `id_almacen` int(11) NOT NULL AUTO_INCREMENT,
  `descripcion_area` varchar(150) DEFAULT NULL,
  `id_producto` varchar(150) DEFAULT NULL,
  `peso` varchar(150) DEFAULT NULL,
  `fecha` date DEFAULT NULL,
  `precio` varchar(150) DEFAULT NULL,
  `observacion` varchar(150) DEFAULT NULL,
  `id_usuario` varchar(150) DEFAULT NULL,
  `usuario` varchar(150) DEFAULT NULL,
  `nombre_producto` varchar(150) DEFAULT NULL,
  PRIMARY KEY (`id_almacen`)
) ENGINE=InnoDB DEFAULT CHARSET=latin1 AUTO_INCREMENT=1 ;

-- --------------------------------------------------------

--
-- Estructura de tabla para la tabla `antecedentes`
--

CREATE TABLE IF NOT EXISTS `antecedentes` (
  `id` varchar(20) NOT NULL,
  `usuario` varchar(100) NOT NULL,
  `accion` varchar(100) NOT NULL,
  `fecha` varchar(100) NOT NULL,
  `hora` varchar(100) NOT NULL
) ENGINE=InnoDB DEFAULT CHARSET=latin1;

--
-- Volcado de datos para la tabla `antecedentes`
--

INSERT INTO `antecedentes` (`id`, `usuario`, `accion`, `fecha`, `hora`) VALUES
('1', '1', '1', '1', '1');

-- --------------------------------------------------------

--
-- Estructura de tabla para la tabla `cliente`
--

CREATE TABLE IF NOT EXISTS `cliente` (
  `id_cliente` int(20) NOT NULL AUTO_INCREMENT,
  `nombre` varchar(255) DEFAULT NULL,
  `apellido` varchar(255) DEFAULT NULL,
  `nombre_empresa` varchar(255) DEFAULT NULL,
  `razon_social` varchar(255) DEFAULT NULL,
  `nit` varchar(255) DEFAULT NULL,
  `celular` varchar(255) DEFAULT NULL,
  `observacion` varchar(255) DEFAULT NULL,
  `id_empleado` varchar(20) NOT NULL,
  `nombre_empleado` varchar(150) DEFAULT NULL,
  `direccion` varchar(150) DEFAULT NULL,
  PRIMARY KEY (`id_cliente`)
) ENGINE=InnoDB  DEFAULT CHARSET=latin1 AUTO_INCREMENT=367 ;

--
-- Volcado de datos para la tabla `cliente`
--

INSERT INTO `cliente` (`id_cliente`, `nombre`, `apellido`, `nombre_empresa`, `razon_social`, `nit`, `celular`, `observacion`, `id_empleado`, `nombre_empleado`, `direccion`) VALUES
(1, 'Manolos', '', 'CAFE MANOLOS', 'MANOLOS RESTAURANT SRL', '196328023', '2355271', '', '1', 'Hernando Gutierrez', 'Av. Camacho Edificio Club La Paz  # 1248'),
(2, 'Dork Inversiones', '', 'OLIVER', 'DORK INVERSIONES SRL.', '225948023', '2120764', '', '1', 'Hernando Gutierrez', 'C/ Murillo casi esq. Cochabamba Z. Central'),
(3, 'Fridolin SA.', '', 'FRIDOLIN', 'FRIDOLIN SA.', '1030967020', '2153188 - 69720704', '', '1', 'Hernando Gutierrez', 'Av. 6 de Agosto casi C/ Pedro Salazar Z. Central'),
(4, 'Maria', 'Calderon', 'MAIN COFFEE', 'MAMANI', '447126013', '2225795', '', '1', 'Hernando Gutierrez', 'Av. Saavedra esq. Villa Lobos Edif. Mesanine Z. Miraflores'),
(6, 'Ned Inversiones', '', 'STEAK HOUSE', 'NED INVERSIONES SRL.', '193092027', '2148864', '', '1', 'Hernando Gutierrez', 'Esq. Murillo C/ Cochabamba Z. Central'),
(7, 'PIZZA SEGUIOS', '', '', 'CUETO', '196761018', '2443986', '', '1', 'Hernando Gutierrez', 'Av. 6 de Agosto C/ JJ Perez y Aspiazu Z. Central'),
(8, 'Papaya Express', '', 'PAPAYA EXPRESS', 'VANIA SOTO LEDEZMA', '5276183010', '74072284', '', '1', 'Hernando Gutierrez', 'Ceja c/ Jorge Carrasco La Jungla Patio de Comidas'),
(9, '', 'Abrego', 'PATIO DE COMIDAS', 'ABREGO', '6775672010', '73009325', '', '1', 'Hernando Gutierrez', 'Av. Montes Z. Central'),
(10, 'Fernando', 'Bellot', 'RICO PAN RICO', 'FERNANDO BELLOT', '584762016', '2231953 - 2229558', '', '1', 'Hernando Gutierrez', 'Av. 6 de Agosto c/ Pedro Salazar Z. Central'),
(11, 'SOL Y LUNA', '', 'SOL Y LUNA', 'DE RAVE', '1019459023', '2115323', '', '1', 'Hernando Gutierrez', 'c/ Murillo esq. Cochabamba Z. Central'),
(12, 'Entrestur', '', 'SIL - PANCHO', 'ENTRESTUR SRL.', '268024027', '75264284', '', '1', 'Hernando Gutierrez', 'Ceja c/ 2  Av. 6 de Marzo Edif. Illimani Patio de Comida'),
(13, 'Olive Tree', '', 'OLIVE TREE', 'THE OLIVE THEE SRL', '1002695026', '2431552 - 72091466', '', '1', 'Hernando Gutierrez', 'Av. 6 de Agosto y Campos Z. Central'),
(14, 'Vanesa', '', '', '', '', '2455927', '', '1', 'Hernando Gutierrez', 'Terminal de Buses La Paz dentro del Patio de Comidas'),
(15, 'Heber', 'Quispe Do Nascimento', 'CARIBE', 'HEBER QUISPE DO NASCIMENTO', '3478927019', '76513300', '', '1', 'Hernando Gutierrez', 'Av. Camacho y Calle Bueno Z. Central'),
(16, '', 'Vargas', 'ESPIGA DE ORO', 'VARGAS INVERSIONES SRL.', '163968027', '2811022', '', '1', 'Hernando Gutierrez', 'Av. Satelite # 698 Frente Hospital Holandes'),
(17, 'COMA Y PUNTO', '', 'COMA Y PUNTO', 'OCAMPO', '2699233014', '2148304', '', '1', 'Hernando Gutierrez', 'Av. Mariscal Santa Cruz # 1351 entre c/ Loayza y Colon Edif. Litoral'),
(18, '', 'Quisbert', 'BUEN GUSTO', 'QUISBERT', '3314567017', '71921100', '', '1', 'Hernando Gutierrez', 'Av. Del Policia cerca al Semaforo'),
(19, 'The Melting Pot', '& Rock s.r.l.', 'THE MELTING POT & ROCK SRL.', 'THE MELTING POT & ROCK SRL.', '282374020', '', '', '1', 'Hernando Gutierrez', 'Frente Sol y Luna subir Gradas'),
(20, 'MEGA "1"', 'Menacho', 'COMERCIO "MEGAS"', 'MENACHO', '5606135014', '2409222', '', '1', 'Hernando Gutierrez', 'C/ Comercio esq. Genaro Sanjines # 914'),
(21, 'MEGA "2"', 'Ivoni Miranda Miranda', 'VILLAZON "MEGAS"', 'IVONI MIRANDA MIRANDA', '4976350013', '2311646', '', '1', 'Hernando Gutierrez', 'Villazon frente al Monoblock de la UMSA'),
(22, 'MEGA "3"', 'Elvis Miranda Miranda', 'MIRAFLORES "MEGAS"', 'ELVIS MIRANDA MIRANDA', '6180524016', '2914040', '', '1', 'Hernando Gutierrez', 'Av. Buch esq. Villa Romero # 1899 Z. Miraflores'),
(23, 'MEGA "4"', 'Elvis Miranda Miranda', 'CAMACHO "MEGAS"', 'ELVIS MIRANDA MIRANDA', '6180524016', '2313100', '', '1', 'Hernando Gutierrez', 'Av. Camacho y la Bueno # 159'),
(24, 'MEGA "5"', 'Miranda', 'UYUNI "MEGAS"', 'MIRANDA', '3441708015', '2248582', '', '1', 'Hernando Gutierrez', 'Plaza Uyuni Z. Miraflores'),
(25, 'MEGA "6"', 'Elvis Miranda Miranda', '6 DE AGOSTO "MEGAS"', 'ELVIS MIRANDA MIRANDA', '6180524016', '2441433', '', '1', 'Hernando Gutierrez', 'Av. 6 de Agosto frente a Super andi'),
(26, 'MEGA "7"', 'Elvis Miranda Miranda', 'EL ALTO "MEGA 7"', 'ELVIS MIRANDA MIRANDA', '6180524016', '2820440', '', '1', 'Hernando Gutierrez', 'El Alto Edif. Illimani Piso 4 Local 2'),
(27, 'VICTORIA', '', '', '', '', '', '', '5', 'Juan Apaza', ''),
(28, 'VERONICA', 'APAZA', '', '', '', '', '', '5', 'Juan Apaza', ''),
(29, 'CONCEPCCION', '', '', '', '', '', '', '5', 'Juan Apaza', ''),
(30, 'LUIS', 'MAMANI', '', '', '', '', '', '5', 'Juan Apaza', ''),
(31, 'MAXIMA', 'QUISBERT', '', '', '', '', '', '5', 'Juan Apaza', ''),
(32, 'TOMASA', '', '', '', '', '', '', '5', 'Juan Apaza', ''),
(33, 'ANA MARIA', '', '', '', '', '', '', '5', 'Juan Apaza', ''),
(34, 'ALICIA', '', '', '', '', '', '', '5', 'Juan Apaza', ''),
(35, 'BEATRIZ', 'MAMANI', '', '', '', '', '', '5', 'Juan Apaza', ''),
(36, 'JULIA', 'LLIPE', '', '', '', '', '', '5', 'Juan Apaza', ''),
(37, 'MARIANELA', '', '', '', '', '', '', '5', 'Juan Apaza', ''),
(38, 'MAXIMA', '', '', '', '', '', '', '5', 'Juan Apaza', ''),
(39, 'ROSA', 'VARGAS', '', '', '', '', '', '5', 'Juan Apaza', ''),
(40, 'NIEVEZ', '', '', '', '', '', '', '5', 'Juan Apaza', ''),
(41, 'CHAPACO', '', '', '', '', '', '', '2', 'Diego Tarifa', ''),
(42, 'ALANOCA', '', '', '', '', '', '', '2', 'Diego Tarifa', ''),
(43, 'CHARITO', '', '', '', '', '', '', '2', 'Diego Tarifa', ''),
(44, 'JULIA', '', '', '', '', '', '', '2', 'Diego Tarifa', ''),
(45, 'CELIA', '', '', '', '', '', '', '2', 'Diego Tarifa', ''),
(46, 'LEONOR', '', '', '', '', '', '', '2', 'Diego Tarifa', ''),
(47, 'MARCELA', '', '', '', '', '', '', '2', 'Diego Tarifa', ''),
(48, 'BETTY', '', '', '', '', '', '', '2', 'Diego Tarifa', ''),
(49, 'MARIA', 'SALGUEDO', '', '', '', '', '', '2', 'Diego Tarifa', ''),
(50, 'EVA', '', '', '', '', '', '', '2', 'Diego Tarifa', ''),
(51, 'POLY', '', '', '', '', '', '', '2', 'Diego Tarifa', ''),
(52, 'DIONICIA', '', '', '', '', '', '', '2', 'Diego Tarifa', ''),
(53, 'DAYANA', '', '', '', '', '', '', '2', 'Diego Tarifa', ''),
(54, 'GUSTAVO', '', '', '', '', '', '', '2', 'Diego Tarifa', ''),
(55, 'MANUEL', '', '', '', '', '', '', '2', 'Diego Tarifa', ''),
(56, 'BLANCA', 'FLORES', '', '', '', '', '', '2', 'Diego Tarifa', ''),
(57, 'ELVIRA', '', '', '', '', '', '', '2', 'Diego Tarifa', ''),
(58, 'YENNI', 'YAPU', '', '', '', '', '', '2', 'Diego Tarifa', ''),
(59, 'CARMEN', 'ASPI', '', '', '', '', '', '2', 'Diego Tarifa', ''),
(60, 'LOURDES', '', '', '', '', '', '', '2', 'Diego Tarifa', ''),
(61, 'PAMELA', 'MAYTA', '', '', '', '', '', '2', 'Diego Tarifa', ''),
(62, 'YOLANDA', '', '', '', '', '', '', '8', 'Abad Mamani', ''),
(63, 'ANGELICA', '', '', '', '', '', '', '8', 'Abad Mamani', ''),
(64, 'MARIA', 'QUISBERT', '', '', '', '', '', '8', 'Abad Mamani', ''),
(65, 'JUANA', 'PATZI', '', '', '', '', '', '8', 'Abad Mamani', ''),
(66, 'HILDA', '', '', '', '', '', '', '8', 'Abad Mamani', ''),
(67, 'ELENA', '', '', '', '', '', '', '8', 'Abad Mamani', ''),
(68, 'JOSE LUIS', 'CASAS', '', '', '', '', '', '8', 'Abad Mamani', ''),
(69, 'ANASTACIA', '', '', '', '', '', '', '8', 'Abad Mamani', ''),
(70, 'DELMA', '', '', '', '', '', '', '8', 'Abad Mamani', ''),
(71, 'PEDRO', 'LAURA', '', '', '', '', '', '8', 'Abad Mamani', ''),
(72, 'JAIME', '', '', '', '', '', '', '8', 'Abad Mamani', ''),
(73, 'MARINA', 'PAIRO', '', '', '', '', '', '8', 'Abad Mamani', ''),
(74, 'FRIAL', 'IMBA', '', '', '', '', '', '8', 'Abad Mamani', ''),
(75, 'MARINA', 'LOPEZ', '', '', '', '', '', '8', 'Abad Mamani', ''),
(76, 'FLORA', 'QUIÃ‘ONES', '', '', '', '', '', '8', 'Abad Mamani', ''),
(77, 'PACOSILLO', '', '', '', '', '', '', '2', 'Diego Tarifa', ''),
(78, 'NANCY', '', '', '', '', '', '', '2', 'Diego Tarifa', ''),
(79, 'MARIA', 'QUISPE', '', '', '', '', '', '2', 'Diego Tarifa', ''),
(80, 'AMERICA', '', '', '', '', '', '', '2', 'Diego Tarifa', ''),
(81, 'RIBER', 'RODRIGUEZ', '', '', '', '', '', '2', 'Diego Tarifa', ''),
(82, 'DAYANA', '', '', '', '', '', '', '8', 'Abad Mamani', ''),
(83, 'MAGDALENA', '', '', '', '', '', '', '8', 'Abad Mamani', ''),
(84, 'ROCIO', '', '', '', '', '', '', '8', 'Abad Mamani', ''),
(85, 'PASCUALA', '', '', '', '', '', '', '8', 'Abad Mamani', ''),
(86, 'TEODORA', '', '', '', '', '', '', '8', 'Abad Mamani', ''),
(87, 'JULIA', 'PALABRA', '', '', '', '', '', '8', 'Abad Mamani', ''),
(88, 'JUAN', 'PATZI', '', '', '', '', '', '8', 'Abad Mamani', ''),
(89, 'HILDA', 'CONDORI', '', '', '', '', '', '8', 'Abad Mamani', ''),
(90, 'LOS AZULEJOS DE HUANCANE', '', '', 'TRISTAN', '2445229017', '76500239', '', '1', 'Hernando Gutierrez', 'CALLE HAITI ENTRE AV. BUCH'),
(91, 'EL RINCON DE PLACIDO', '', '', 'LOPEZ', '4849649014', '2286253 - 79122833', '', '1', 'Hernando Gutierrez', 'TERMINAL DE BUSES LA PAZ - INTERIOR'),
(92, 'LA COCINA DE MAMA', '', '', 'C.E.M. SRL', '297792023', '70119613', '', '1', 'Hernando Gutierrez', 'AV. JORGE CARRASCO C/ 5y4 PATIO DE COMIDAS'),
(93, 'BUFFALO AND RIBS', '', '', 'URIA', '4768768018', '76510113', '', '1', 'Hernando Gutierrez', 'AV. JORGE CARRASCO C/ 5y4 PATIO DE COMIDAS'),
(94, '6 DE AGOSTO', '', '', 'MONTAÃ‘O', '3786865018', '72513336', '', '1', 'Hernando Gutierrez', 'AV. 6 DE AGOSTO ESQ. CAMPOS'),
(95, 'LA CABAÃ‘A CENTRAL - 0', '', 'LA CABAÃ‘A', 'ESPEJO', '4270509017', '2821677', '', '1', 'Hernando Gutierrez', 'C/ JORGE CARRASCO ESQ. CALLE 2'),
(96, 'LA CABAÃ‘A  - 1 -', '', 'LA CABAÃ‘A', 'SAAVEDRA', '3428441018', '2820248', '', '1', 'Hernando Gutierrez', 'FINAL TIHUANACU ESQ. 6 DE MARZO (CUARTEL INGAVI)'),
(97, 'LA CABAÃ‘A  - 2 - SATELITE', '', 'LA CABAÃ‘A', 'SAAVEDRA', '3428441018', '2810352', '', '1', 'Hernando Gutierrez', 'AV. ANTOFAGASTA EST. TELEFERICO AMARILLO'),
(98, 'LA CABAÃ‘A  - 3 -', '', 'LA CABAÃ‘A', 'SAAVEDRA', '3428441018', '65179698', '', '1', 'Hernando Gutierrez', 'AV. 6 DE MARZO EX TRANCA DE SENKATA'),
(99, 'GIROS MAROK', '', '', 'QUISPE', '3462055014', '75220760', '', '1', 'Hernando Gutierrez', 'AV. BUCH ESQ. PANAMA'),
(100, 'LA PAZCANA', '', '', 'FABIOLA QUINTANA', '8301088012', '', '', '1', 'Hernando Gutierrez', 'PLAZA DE COMIDAS CEIBO'),
(101, 'YOGGUIS', '', '', 'HUMEREZ', '5763605015', '70549101', '', '1', 'Hernando Gutierrez', 'AV. PERU'),
(102, 'DON  PEREJIL', '', '', 'AGUIRRE', '5952734010', '2432554 - 72088517', '', '1', 'Hernando Gutierrez', 'PEDRO SALAZAR ESQ. AV. 6 DE AGOSTO'),
(103, 'LE PETIT  II', '', '', 'OCHOA', '467982016', '73053193', '', '1', 'Hernando Gutierrez', 'AV. 6 DE MARZO'),
(104, 'THE DUBLINER', '', '', 'THE DUBLINER SRL', '180962023', '2121211', '', '1', 'Hernando Gutierrez', 'IRPAVI EDIFICIO MEGA CENTER'),
(105, 'DO BRASIL', '', '', 'BALTAZAR', '2392227013', '2245030 - 74008223', '', '1', 'Hernando Gutierrez', 'AV. BUCH ESQ. VILLALOBOS'),
(106, 'LA LLAJTA', '', '', 'CARLOS ZEGARRA', '6813504', '76263106', '', '1', 'Hernando Gutierrez', 'AV. PERU'),
(107, 'TRIANGULAR', '', '', '', '', '65644690', '', '1', 'Hernando Gutierrez', 'PLAZA TRIANGULAR'),
(108, 'CAFETERIA ZULMA', '', '', '', '', '74023974 - 76526046', '', '1', 'Hernando Gutierrez', 'TERMINAL DE BUSES LA PAZ CASETA B-1'),
(109, 'SNACK LILI', '', '', '', '', '77252825', '', '1', 'Hernando Gutierrez', 'TERMINAL DE BUSES LA PAZ CASETA A-4'),
(110, 'SNACK NELY', '', '', '', '', '79522232', '', '1', 'Hernando Gutierrez', 'TERMINAL DE BUSES LA PAZ CASETA A-5'),
(111, 'LOS PESCADITOS', '', '', '', '', '2720449', '', '1', 'Hernando Gutierrez', 'AV. SANCHEZ CALLE 11 IRPAVI'),
(112, 'GOLIAT', '', '', '', '', '67181080', '', '1', 'Hernando Gutierrez', 'AV. QUINTANILLA  CALLE LENZ'),
(113, 'DON SEJO', '', '', '', '', '76770722', '', '1', 'Hernando Gutierrez', 'PLAZA DE COMIDAS EL CEIBO'),
(114, 'POLLO EXPRESS', '', '', 'ENTRESTUR', '268024027', '75264284', '', '1', 'Hernando Gutierrez', 'CALLE 2 PATIO DE COMIDAS EDIF. ILLIMANI'),
(115, 'MADAGASCAR', '', '', 'JESUS ERNESTO CAMARGO ALEGRE', '', '2825107 - 79686350', '', '1', 'Hernando Gutierrez', 'AV. RAUL SALMON DE BARRA'),
(116, 'CAFE KARAOKE ARAWY', '', '', 'CARLOS ALANOCA', '', '60108649', '', '1', 'Hernando Gutierrez', 'CALLE 2 # 777 ENTRE AV. ANTOFAGASTA'),
(117, 'LUCERO', '', '', '', '', '', '', '2', 'Diego Tarifa', ''),
(118, 'ESPERANZA', '', '', '', '', '', '', '2', 'Diego Tarifa', ''),
(119, 'ROSARIO', '', '', '', '', '', '', '2', 'Diego Tarifa', ''),
(120, 'JARED', '', '', '', '', '', '', '2', 'Diego Tarifa', ''),
(121, 'VERONICA', 'QUINO', '', '', '', '', '', '2', 'Diego Tarifa', ''),
(122, 'ESTANCIA', '', '', '', '', '', '', '2', 'Diego Tarifa', ''),
(123, 'SUSANA', '', '', '', '', '', '', '2', 'Diego Tarifa', ''),
(124, 'YOLA TARQUI', '', '', '', '', '', '', '2', 'Diego Tarifa', ''),
(125, 'MAGDALENA', '', '', '', '', '', '', '2', 'Diego Tarifa', ''),
(126, 'OSCAR', '', NULL, NULL, NULL, NULL, NULL, '2', 'Diego Tarifa', NULL),
(127, 'DOMINGA', '', NULL, NULL, NULL, NULL, NULL, '2', 'Diego Tarifa', NULL),
(128, 'ANGELICA', '', '', '', '', '', '', '2', 'Diego Tarifa', ''),
(129, 'ALICIA', '', '', '', '', '', '', '2', 'Diego Tarifa', ''),
(130, 'ROSA', 'LINDA', '', '', '', '', '', '2', 'Diego Tarifa', ''),
(131, 'OMAR', '', '', '', '', '', '', '2', 'Diego Tarifa', ''),
(132, 'MECHE', '', '', '', '', '', '', '2', 'Diego Tarifa', ''),
(133, 'FATIMA', '', NULL, NULL, NULL, NULL, NULL, '2', 'Diego Tarifa', NULL),
(134, 'NEYSA', '', NULL, NULL, NULL, NULL, NULL, '2', 'Diego Tarifa', NULL),
(135, 'NELSON', '', NULL, NULL, NULL, NULL, NULL, '2', 'Diego Tarifa', NULL),
(136, 'JUANA', '', '', '', '', '', '', '8', 'Abad Mamani', ''),
(137, 'OSCAR', '', '', '', '', '', '', '8', 'Abad Mamani', ''),
(138, 'PRIMITIVA', '', '', '', '', '', '', '8', 'Abad Mamani', ''),
(139, 'MARY', '', '', '', '', '', '', '8', 'Abad Mamani', ''),
(140, 'LUISA', 'TINTA', '', '', '', '', '', '8', 'Abad Mamani', ''),
(141, 'MARINA', '', '', '', '', '', '', '8', 'Abad Mamani', ''),
(142, 'ADELA', '', '', '', '', '', '', '8', 'Abad Mamani', ''),
(143, 'COSME', '', '', '', '', '', '', '8', 'Abad Mamani', ''),
(144, 'SOFIA', '', '', '', '', '', '', '8', 'Abad Mamani', ''),
(145, 'LIDIA', 'ILLANES', '', '', '', '', '', '8', 'Abad Mamani', ''),
(146, 'JULIA', 'NINA', '', '', '', '', '', '8', 'Abad Mamani', ''),
(147, 'JUANA', 'QUISPE', '', '', '', '', '', '8', 'Abad Mamani', ''),
(148, 'RUTH', '', '', '', '', '', '', '8', 'Abad Mamani', ''),
(149, 'MARTHA', '', '', '', '', '', '', '8', 'Abad Mamani', ''),
(150, 'ANGELA', '', '', '', '', '', '', '8', 'Abad Mamani', ''),
(151, 'JUSTINA', '', '', '', '', '', '', '8', 'Abad Mamani', ''),
(152, 'BERTHA', '', '', '', '', '', '', '8', 'Abad Mamani', ''),
(153, 'MIRIAM', 'BARRA', '', '', '', '', '', '8', 'Abad Mamani', ''),
(154, 'FRANKLIN', '', '', '', '', '', '', '8', 'Abad Mamani', ''),
(155, 'GREGORIA', '', '', '', '', '', '', '8', 'Abad Mamani', ''),
(156, 'CHACON', '', '', '', '', '', '', '8', 'Abad Mamani', ''),
(157, 'NANCY', '', '', '', '', '', '', '8', 'Abad Mamani', ''),
(158, 'VICKY', 'CONDE', '', '', '', '', '', '8', 'Abad Mamani', ''),
(159, 'CLOTILDE', '', '', '', '', '', '', '8', 'Abad Mamani', ''),
(160, 'CECILIA', '', '', '', '', '', '', '8', 'Abad Mamani', ''),
(161, 'CARMEN', '', '', '', '', '', '', '8', 'Abad Mamani', ''),
(162, 'JORGE', '', '', '', '', '', '', '8', 'Abad Mamani', ''),
(163, 'JULIA', '', '', '', '', '', '', '8', 'Abad Mamani', ''),
(164, 'CARLA', '', '', '', '', '', '', '8', 'Abad Mamani', ''),
(165, 'SAN', 'MARTIN', '', '', '', '', '', '8', 'Abad Mamani', ''),
(166, 'FRIAL', 'VENTILLA', '', '', '', '', '', '8', 'Abad Mamani', ''),
(167, 'JUSTA', '', '', '', '', '', '', '8', 'Abad Mamani', ''),
(168, 'EFRAIN', '', '', '', '', '', '', '8', 'Abad Mamani', ''),
(169, 'CRISTIAN', 'CASTRO', 'IMPUESTOS NACIONALES', '', '', '', '', '1', 'Hernando Gutierrez', ''),
(170, 'BERTHA', '', '', '', '', '', '', '2', 'Diego Tarifa', ''),
(171, 'MERY', '', '', '', '', '', '', '2', 'Diego Tarifa', ''),
(172, 'WILLY', '', '', '', '', '', '', '2', 'Diego Tarifa', ''),
(173, 'MARTHA', '', '', '', '', '', '', '2', 'Diego Tarifa', ''),
(174, 'OLGA', '', '', '', '', '', '', '8', 'Abad Mamani', ''),
(175, 'MARIA', 'POMA', '', '', '', '', '', '8', 'ABAD MAMANI', ''),
(176, 'MONICA', '', '', '', '', '', '', '8', 'Abad Mamani', ''),
(177, 'ALEJANDRA', '', '', '', '', '', '', '8', 'Abad Mamani', ''),
(178, 'MARINA', '', '', '', '', '', '', '2', 'Diego Tarifa', ''),
(179, 'SILVIA', '', '', '', '', '', '', '8', 'Abad Mamani', ''),
(180, 'ELY', 'CONDE', '', '', '', '', '', '8', 'Abad Mamani', ''),
(181, 'MARIA', '', '', '', '', '', '', '8', 'Abad Mamani', ''),
(182, 'CARLOS', '', '', '', '', '', '', '2', 'Diego Tarifa', ''),
(183, 'RAQUEL', '', '', '', '', '', '', '2', 'Diego Tarifa', ''),
(184, 'BEATRIZ', '', NULL, NULL, NULL, NULL, NULL, '2', 'Diego Tarifa', NULL),
(185, 'DIEGO', '', NULL, NULL, NULL, NULL, NULL, '2', 'Diego Tarifa', NULL),
(186, 'LUCY', '', NULL, NULL, NULL, NULL, NULL, '2', 'Diego Tarifa', NULL),
(187, 'ROSA', '', NULL, NULL, NULL, NULL, NULL, '2', 'Diego Tarifa', NULL),
(188, 'JHENNY', '', NULL, NULL, NULL, NULL, NULL, '2', 'Diego Tarifa', NULL),
(189, 'GRACIELA', '', NULL, NULL, NULL, NULL, NULL, '2', 'Diego Tarifa', NULL),
(190, 'ROSA', 'YUJRA', NULL, NULL, NULL, NULL, NULL, '2', 'Diego Tarifa', NULL),
(191, 'DELIA', '', NULL, NULL, NULL, NULL, NULL, '2', 'Diego Tarifa', NULL),
(192, 'SONIA', '', NULL, NULL, NULL, NULL, NULL, '5', 'Juan Apaza', NULL),
(193, 'REYNALDO', '', NULL, NULL, NULL, NULL, NULL, '5', 'Juan Apaza', NULL),
(194, 'ELIZABETH', 'ARUQUIPA', NULL, NULL, NULL, NULL, NULL, '5', 'Juan Apaza', NULL),
(195, 'ALICIA', 'PATTY', NULL, NULL, NULL, NULL, NULL, '5', 'Juan Apaza', NULL),
(196, 'SANDRA', 'BLACUT', NULL, NULL, NULL, NULL, NULL, '5', 'Juan Apaza', NULL),
(197, 'JULIA', '', NULL, NULL, NULL, NULL, NULL, '5', 'Juan Apaza', NULL),
(198, 'MARIA', '', NULL, NULL, NULL, NULL, NULL, '5', 'Juan Apaza', NULL),
(199, 'MARY', '', NULL, NULL, NULL, NULL, NULL, '5', 'Juan Apaza', NULL),
(200, 'VALERIO', '', NULL, NULL, NULL, NULL, NULL, '5', 'Juan Apaza', NULL),
(201, 'ELENA', '', NULL, NULL, NULL, NULL, NULL, '5', 'Juan Apaza', NULL),
(202, 'VICKY', 'CHUI', NULL, NULL, NULL, NULL, NULL, '5', 'Juan Apaza', NULL),
(203, 'LUISA', 'VERASTEGUI', NULL, NULL, NULL, NULL, NULL, '5', 'Juan Apaza', NULL),
(204, 'FERMINA', 'TORREZ', NULL, NULL, NULL, NULL, NULL, '5', 'Juan Apaza', NULL),
(205, 'MAGDALENA', 'GUTIERREZ', NULL, NULL, NULL, NULL, NULL, '5', 'Juan Apaza', NULL),
(206, 'ROXANA', '', NULL, NULL, NULL, NULL, NULL, '5', 'Juan Apaza', NULL),
(207, 'LUIS', 'LIMACHI', NULL, NULL, NULL, NULL, NULL, '5', 'Juan Apaza', NULL),
(208, 'NEYMAR', '', NULL, NULL, NULL, NULL, NULL, '5', 'Juan Apaza', NULL),
(209, 'FRANCISCA', '', NULL, NULL, NULL, NULL, NULL, '5', 'Juan Apaza', NULL),
(210, 'GONZALO', '', NULL, NULL, NULL, NULL, NULL, '5', 'Juan Apaza', NULL),
(211, 'YHENY', '', NULL, NULL, NULL, NULL, NULL, '5', 'Juan Apaza', NULL),
(212, 'BEATRIZ', '', NULL, NULL, NULL, NULL, NULL, '5', 'Juan Apaza', NULL),
(213, 'WALTER', '', NULL, NULL, NULL, NULL, NULL, '5', 'Juan Apaza', NULL),
(214, 'MERY', '', NULL, NULL, NULL, NULL, NULL, '5', 'Juan Apaza', NULL),
(215, 'FLORA', '', NULL, NULL, NULL, NULL, NULL, '5', 'Juan Apaza', NULL),
(216, 'NELLY', '', NULL, NULL, NULL, NULL, NULL, '5', 'Juan Apaza', NULL),
(217, 'KARINA', 'QUISPE', NULL, NULL, NULL, NULL, NULL, '5', 'Juan Apaza', NULL),
(218, 'MIRIAM', '', NULL, NULL, NULL, NULL, NULL, '5', 'Juan Apaza', NULL),
(219, 'MARTHA', '', NULL, NULL, NULL, NULL, NULL, '5', 'Juan Apaza', NULL),
(220, 'MARIELA', '', NULL, NULL, NULL, NULL, NULL, '5', 'Juan Apaza', NULL),
(221, 'JHENNY', 'ROJAS', NULL, NULL, NULL, NULL, NULL, '5', 'Juan Apaza', NULL),
(222, 'CARMEN', 'MOLLO', NULL, NULL, NULL, NULL, NULL, '5', 'Juan Apaza', NULL),
(223, 'FERNANDO', '', NULL, NULL, NULL, NULL, NULL, '5', 'Juan Apaza', NULL),
(224, 'JACINTA', '', NULL, NULL, NULL, NULL, NULL, '5', 'Juan Apaza', NULL),
(225, 'LORENA', '', NULL, NULL, NULL, NULL, NULL, '5', 'Juan Apaza', NULL),
(226, 'ROSA', 'MARCA', NULL, NULL, NULL, NULL, NULL, '5', 'Juan Apaza', NULL),
(227, 'ROSE', 'MARY', NULL, NULL, NULL, NULL, NULL, '5', 'Juan Apaza', NULL),
(228, 'SHADAI', '', NULL, NULL, NULL, NULL, NULL, '5', 'Juan Apaza', NULL),
(229, 'SALOME', '', NULL, NULL, NULL, NULL, NULL, '5', 'Juan Apaza', NULL),
(230, 'ROSA', 'VAQUIARA', NULL, NULL, NULL, NULL, NULL, '5', 'Juan Apaza', NULL),
(231, 'BETZA', '', NULL, NULL, NULL, NULL, NULL, '5', 'Juan Apaza', NULL),
(232, 'MAYDANA', '', NULL, NULL, NULL, NULL, NULL, '5', 'Juan Apaza', NULL),
(233, 'JHANET', '', NULL, NULL, NULL, NULL, NULL, '5', 'Juan Apaza', NULL),
(234, 'LIZETH', '', NULL, NULL, NULL, NULL, NULL, '5', 'Juan Apaza', NULL),
(235, 'SANDRA', 'QUINO', NULL, NULL, NULL, NULL, NULL, '5', 'Juan Apaza', NULL),
(236, 'VERONICA', 'URAQUINE', NULL, NULL, NULL, NULL, NULL, '5', 'Juan Apaza', NULL),
(237, 'CANDELARIA', '', NULL, NULL, NULL, NULL, NULL, '5', 'Juan Apaza', NULL),
(238, 'ZENOVIA', '', NULL, NULL, NULL, NULL, NULL, '5', 'Juan Apaza', NULL),
(239, 'MARTHA', 'APAZA', NULL, NULL, NULL, NULL, NULL, '5', 'Juan Apaza', NULL),
(240, 'JAVIER', '', NULL, NULL, NULL, NULL, NULL, '5', 'Juan Apaza', NULL),
(241, 'FRIAL', 'HUAYCHEÃ‘ITO', NULL, NULL, NULL, NULL, NULL, '5', 'Juan Apaza', NULL),
(242, 'LIDIA', 'KENKO', '', '', '', '', '', '8', 'Abad Mamani', ''),
(243, 'EMMA', '', NULL, NULL, NULL, NULL, NULL, '2', 'Diego Tarifa', NULL),
(244, 'MAGUI', '', NULL, NULL, NULL, NULL, NULL, '2', 'Diego Tarifa', NULL),
(245, 'TACORA', '', NULL, NULL, NULL, NULL, NULL, '2', 'Diego Tarifa', NULL),
(246, 'NESTOR', '', NULL, NULL, NULL, NULL, NULL, '2', 'Diego Tarifa', NULL),
(247, 'JHONY', '', NULL, NULL, NULL, NULL, NULL, '2', 'Diego Tarifa', NULL),
(248, 'GONZALO', '', NULL, NULL, NULL, NULL, NULL, '2', 'Diego Tarifa', NULL),
(249, 'ELIANA', '', NULL, NULL, NULL, NULL, NULL, '2', 'Diego Tarifa', NULL),
(250, 'HUGO', 'FERNANDEZ', NULL, NULL, NULL, NULL, NULL, '5', 'Juan Apaza', NULL),
(251, 'BRIYIT', '', NULL, NULL, NULL, NULL, NULL, '5', 'Juan Apaza', NULL),
(252, 'GREGORIA', '', NULL, NULL, NULL, NULL, NULL, '5', 'Juan Apaza', NULL),
(253, 'TEODORA', '', '', '', '', '', '', '5', 'Juan Apaza', ''),
(254, 'CAMILA', '', NULL, NULL, NULL, NULL, NULL, '5', 'Juan Apaza', NULL),
(255, 'NANCY', '', NULL, NULL, NULL, NULL, NULL, '5', 'Juan Apaza', NULL),
(256, 'ALICIA', 'APAZA', NULL, NULL, NULL, NULL, NULL, '5', 'Juan Apaza', NULL),
(257, 'LUCY', '', NULL, NULL, NULL, NULL, NULL, '5', 'Juan Apaza', NULL),
(258, 'ANTONIA', '', NULL, NULL, NULL, NULL, NULL, '5', 'Juan Apaza', NULL),
(259, 'VERONICA', 'ACARAPI', NULL, NULL, NULL, NULL, NULL, '5', 'Juan Apaza', NULL),
(260, 'VALBINA', '', '', '', '', '', '', '8', 'Abad Mamani', ''),
(261, 'REYNA', '', '', '', '', '', '', '8', 'Abad Mamani', ''),
(262, 'AYDA', '', '', '', '', '', '', '8', 'Abad Mamani', ''),
(263, 'CELIA', '', '', '', '', '', '', '8', 'Abad Mamani', ''),
(264, 'MARIA', 'MAMANI', '', '', '', '', '', '8', 'Abad Mamani', ''),
(265, 'NANCY', 'CABRERA', '', '', '', '', '', '8', 'Abad Mamani', ''),
(266, 'CEFERINA', 'QUISPE', '', '', '', '', '', '8', 'Abad Mamani', ''),
(267, 'GLADIS', '', '', '', '', '', '', '8', 'Abad Mamani', ''),
(268, 'EUSEBIA', '', '', '', '', '', '', '8', 'Abad Mamani', ''),
(269, 'ROSA', '', '', '', '', '', '', '8', 'Abad Mamani', ''),
(270, 'FLORA', 'ELENA', '', '', '', '', '', '8', 'Abad Mamani', ''),
(271, 'VICKY', '', '', '', '', '', '', '8', 'Abad Mamani', ''),
(272, 'CELESTINA', '', '', '', '', '', '', '8', 'Abad Mamani', ''),
(273, 'DELIA', '', '', '', '', '', '', '8', 'Abad Mamani', ''),
(274, 'ERWIN', '', '', '', '', '', '', '8', 'Abad Mamani', ''),
(275, 'JULIO', '', '', '', '', '', '', '8', 'Abad Mamani', ''),
(276, 'SHIRLEY', '', NULL, NULL, NULL, NULL, NULL, '2', 'Diego Tarifa', NULL),
(277, 'FRIAL', 'SHADAI', '', '', '', '', '', '5', 'Juan Apaza', ''),
(278, 'ROSARIO', 'QUISPE', '', '', '', '', '', '5', 'Juan Apaza', ''),
(279, 'MARINA', 'QUISPE', NULL, NULL, NULL, NULL, NULL, '2', 'Diego Tarifa', NULL),
(280, 'ADELA', 'GUTIERREZ', '', '', '', '', '', '5', 'Juan Apaza', ''),
(281, 'MAITE', '', '', '', '', '', '', '5', 'Juan Apaza', ''),
(282, 'JUAN', '', NULL, NULL, NULL, NULL, NULL, '2', 'Diego Tarifa', NULL),
(283, 'MAIDSA', '', NULL, NULL, NULL, NULL, NULL, '8', 'Abad Mamani', NULL),
(284, 'PENSION', '', NULL, NULL, NULL, NULL, NULL, '8', 'Abad Mamani', NULL),
(285, 'MARIA', 'FLORES', NULL, NULL, NULL, NULL, NULL, '5', 'Juan Apaza', NULL),
(286, 'CARLA', 'OROSCO', NULL, NULL, NULL, NULL, NULL, '5', 'Juan Apaza', NULL),
(287, 'MADIMA', '', NULL, NULL, NULL, NULL, NULL, '5', 'Juan Apaza', NULL),
(288, 'EDGAR', '', NULL, NULL, NULL, NULL, NULL, '5', 'Juan Apaza', NULL),
(289, 'MAGDALENA', '', NULL, NULL, NULL, NULL, NULL, '5', 'Juan Apaza', NULL),
(290, 'LIDIA', 'AGUILAR', NULL, NULL, NULL, NULL, NULL, '5', 'Juan Apaza', NULL),
(291, 'CELIA', 'LAZO', NULL, NULL, NULL, NULL, NULL, '5', 'Juan Apaza', NULL),
(292, 'RITA', '', NULL, NULL, NULL, NULL, NULL, '5', 'Juan Apaza', NULL),
(293, 'PIZARRO', '', NULL, NULL, NULL, NULL, NULL, '5', 'Juan Apaza', NULL),
(294, 'CONCEPCION', 'ALANOCA', NULL, NULL, NULL, NULL, NULL, '5', 'Juan Apaza', NULL),
(295, 'MARIA', 'SIÃ‘ANI', NULL, NULL, NULL, NULL, NULL, '8', 'Abad Mamani', NULL),
(296, 'ABEL', '', NULL, NULL, NULL, NULL, NULL, '8', 'Abad Mamani', NULL),
(297, 'BLANCA', '', NULL, NULL, NULL, NULL, NULL, '2', 'Diego Tarifa', NULL),
(298, 'ASUNTA', '', NULL, NULL, NULL, NULL, NULL, '2', 'Diego Tarifa', NULL),
(299, 'ABAD', '', '', '', '', '', '', '8', 'Abad Mamani', ''),
(300, 'RAMIRO', '', NULL, NULL, NULL, NULL, NULL, '8', 'Abad Mamani', NULL),
(301, 'MARCELA', '', NULL, NULL, NULL, NULL, NULL, '8', 'Abad Mamani', NULL),
(302, 'rebeca', '', NULL, NULL, NULL, NULL, NULL, '2', 'Diego Tarifa', NULL),
(303, 'CARMECIA', '', NULL, NULL, NULL, NULL, NULL, '8', 'Abad Mamani', NULL),
(304, 'SONIA', '', NULL, NULL, NULL, NULL, NULL, '8', 'Abad Mamani', NULL),
(305, 'MARIA', 'TORREZ', NULL, NULL, NULL, NULL, NULL, '8', 'Abad Mamani', NULL),
(306, 'VICTORIA', 'MAMANI', NULL, NULL, NULL, NULL, NULL, '8', 'Abad Mamani', NULL),
(307, 'YULY', '', NULL, NULL, NULL, NULL, NULL, '8', 'Abad Mamani', NULL),
(308, 'ESPERANZA', 'RAMIREZ', NULL, NULL, NULL, NULL, NULL, '8', 'Abad Mamani', NULL),
(309, 'JUANA', 'ZELADA', NULL, NULL, NULL, NULL, NULL, '5', 'Juan Apaza', NULL),
(310, 'LEONOR', 'HUANCA', NULL, NULL, NULL, NULL, NULL, '8', 'Abad Mamani', NULL),
(311, 'SOFIA', 'QUISPE', NULL, NULL, NULL, NULL, NULL, '5', 'Juan Apaza', NULL),
(312, 'ESTRELLA', 'CHURQUI', NULL, NULL, NULL, NULL, NULL, '5', 'Juan Apaza', NULL),
(313, 'MARUJA', 'QUISPE', NULL, NULL, NULL, NULL, NULL, '5', 'Juan Apaza', NULL),
(314, 'PACESA', '', NULL, NULL, NULL, NULL, NULL, '5', 'Juan Apaza', NULL),
(315, 'FANNY', 'ENDARA', NULL, NULL, NULL, NULL, NULL, '5', 'Juan Apaza', NULL),
(316, 'NANCY', 'JUSTO', NULL, NULL, NULL, NULL, NULL, '5', 'Juan Apaza', NULL),
(317, 'JULIA', 'ESPINAL', NULL, NULL, NULL, NULL, NULL, '5', 'Juan Apaza', NULL),
(318, 'ZULMINA', 'CARITA', NULL, NULL, NULL, NULL, NULL, '5', 'Juan Apaza', NULL),
(319, 'PAMELA', '', NULL, NULL, NULL, NULL, NULL, '5', 'Juan Apaza', NULL),
(320, 'ANGEL', '', NULL, NULL, NULL, NULL, NULL, '2', 'Diego Tarifa', NULL),
(321, 'MAGDA', '', NULL, NULL, NULL, NULL, NULL, '2', 'Diego Tarifa', NULL),
(322, 'ROSA', 'HUANCA', NULL, NULL, NULL, NULL, NULL, '2', 'Diego Tarifa', NULL),
(323, 'HILDA', 'ALVAREZ', NULL, NULL, NULL, NULL, NULL, '8', 'Abad Mamani', NULL),
(324, 'LUCY', '', NULL, NULL, NULL, NULL, NULL, '8', 'Abad Mamani', NULL),
(325, 'VICTORIA', '', NULL, NULL, NULL, NULL, NULL, '8', 'Abad Mamani', NULL),
(326, 'RODRIGUEZ', '', NULL, NULL, NULL, NULL, NULL, '8', 'Abad Mamani', NULL),
(327, '', '', NULL, NULL, NULL, NULL, NULL, '5', 'Juan Apaza', NULL),
(328, 'MARTHA', 'RAMIREZ', NULL, NULL, NULL, NULL, NULL, '5', 'Juan Apaza', NULL),
(329, 'YHENNY', '', NULL, NULL, NULL, NULL, NULL, '5', 'Juan Apaza', NULL),
(330, 'YHENNY', '', NULL, NULL, NULL, NULL, NULL, '5', 'Juan Apaza', NULL),
(331, 'MABER', 'INGRID', NULL, NULL, NULL, NULL, NULL, '5', 'Juan Apaza', NULL),
(332, 'MABEL', 'INGRID', NULL, NULL, NULL, NULL, NULL, '5', 'Juan Apaza', NULL),
(333, 'ANTONIA', 'YUJRA', NULL, NULL, NULL, NULL, NULL, '5', 'Juan Apaza', NULL),
(334, 'LIDIA', 'KENKO', NULL, NULL, NULL, NULL, NULL, '5', 'Juan Apaza', NULL),
(335, 'BENITA', 'CORO', NULL, NULL, NULL, NULL, NULL, '8', 'Abad Mamani', NULL),
(336, 'GLOADIS', 'MAMANI', NULL, NULL, NULL, NULL, NULL, '8', 'Abad Mamani', NULL),
(337, 'GLADIS', 'MAMANI', NULL, NULL, NULL, NULL, NULL, '8', 'Abad Mamani', NULL),
(338, 'MARITZA', 'LIMACHI', NULL, NULL, NULL, NULL, NULL, '8', 'Abad Mamani', NULL),
(339, 'MARCELA', 'SILES', NULL, NULL, NULL, NULL, NULL, '8', 'Abad Mamani', NULL),
(340, 'MARIA', 'PAIROMAN', NULL, NULL, NULL, NULL, NULL, '8', 'Abad Mamani', NULL),
(341, 'MARIA', 'PAIROMAN', NULL, NULL, NULL, NULL, NULL, '8', 'Abad Mamani', NULL),
(342, 'DELIA', 'ACARAPI', NULL, NULL, NULL, NULL, NULL, '8', 'Abad Mamani', NULL),
(343, 'ELSA', '', NULL, NULL, NULL, NULL, NULL, '8', 'Abad Mamani', NULL),
(344, 'ELIZABETH', '', NULL, NULL, NULL, NULL, NULL, '2', 'Diego Tarifa', NULL),
(345, 'FAUSTINA', '', NULL, NULL, NULL, NULL, NULL, '2', 'Diego Tarifa', NULL),
(346, 'BALBINA', '', NULL, NULL, NULL, NULL, NULL, '8', 'Abad Mamani', NULL),
(347, 'RENE', 'QUISPE', NULL, NULL, NULL, NULL, NULL, '8', 'Abad Mamani', NULL),
(348, 'CELIA', 'AGUILAR', NULL, NULL, NULL, NULL, NULL, '8', 'Abad Mamani', NULL),
(349, 'SILVIA', '', NULL, NULL, NULL, NULL, NULL, '8', 'Abad Mamani', NULL),
(350, 'GOMEZ', '', NULL, NULL, NULL, NULL, NULL, '8', 'Abad Mamani', NULL),
(351, 'NINFA', '', NULL, NULL, NULL, NULL, NULL, '8', 'Abad Mamani', NULL),
(352, 'CEFERINA', '', NULL, NULL, NULL, NULL, NULL, '8', 'Abad Mamani', NULL),
(353, 'JUSTA', 'DE', NULL, NULL, NULL, NULL, NULL, '8', 'Abad Mamani', NULL),
(354, 'ALISON', 'TARQUI', NULL, NULL, NULL, NULL, NULL, '8', 'Abad Mamani', NULL),
(355, 'ANTONIO', '', NULL, NULL, NULL, NULL, NULL, '8', 'Abad Mamani', NULL),
(356, 'JIMENA', 'HIDALGO', NULL, NULL, NULL, NULL, NULL, '5', 'Juan Apaza', NULL),
(357, 'YHENNY', 'CASA', NULL, NULL, NULL, NULL, NULL, '5', 'Juan Apaza', NULL),
(358, 'BEATRIZ', 'CONDORI', NULL, NULL, NULL, NULL, NULL, '5', 'Juan Apaza', NULL),
(359, 'JHENNY', '', NULL, NULL, NULL, NULL, NULL, '5', 'Juan Apaza', NULL),
(360, 'DOÃ‘A', 'CARLA', NULL, NULL, NULL, NULL, NULL, '5', 'Juan Apaza', NULL),
(361, 'EDGAR', 'MIRANDA', NULL, NULL, NULL, NULL, NULL, '5', 'Juan Apaza', NULL),
(362, 'FERMINA', '', NULL, NULL, NULL, NULL, NULL, '5', 'Juan Apaza', NULL),
(363, 'MARISOL', 'MATIAS', NULL, NULL, NULL, NULL, NULL, '8', 'Abad Mamani', NULL),
(364, 'BENITA', '', NULL, NULL, NULL, NULL, NULL, '8', 'Abad Mamani', NULL),
(365, 'MAXIMA', 'MIRANDA', NULL, NULL, NULL, NULL, NULL, '8', 'Abad Mamani', NULL),
(366, 'FANNY', 'MENDOZA', NULL, NULL, NULL, NULL, NULL, '8', 'Abad Mamani', NULL);

-- --------------------------------------------------------

--
-- Estructura de tabla para la tabla `empleado`
--

CREATE TABLE IF NOT EXISTS `empleado` (
  `id_empleado` int(20) NOT NULL AUTO_INCREMENT,
  `nombre` varchar(150) DEFAULT NULL,
  `apellido` varchar(150) DEFAULT NULL,
  `fecha_nacimiento` varchar(150) DEFAULT NULL,
  `ci` varchar(100) DEFAULT NULL,
  `tel_Cel` varchar(100) DEFAULT NULL,
  `fecha_ingreso` varchar(150) DEFAULT NULL,
  `fecha_retiro` varchar(150) DEFAULT NULL,
  `horario` varchar(100) DEFAULT NULL,
  `cargo` varchar(100) DEFAULT NULL,
  `garante` varchar(100) DEFAULT NULL,
  `hoja_vida` varchar(100) DEFAULT NULL,
  `observacion` varchar(150) DEFAULT NULL,
  `sexo` varchar(100) DEFAULT NULL,
  `direccion` varchar(150) DEFAULT NULL,
  PRIMARY KEY (`id_empleado`)
) ENGINE=InnoDB  DEFAULT CHARSET=latin1 AUTO_INCREMENT=9 ;

--
-- Volcado de datos para la tabla `empleado`
--

INSERT INTO `empleado` (`id_empleado`, `nombre`, `apellido`, `fecha_nacimiento`, `ci`, `tel_Cel`, `fecha_ingreso`, `fecha_retiro`, `horario`, `cargo`, `garante`, `hoja_vida`, `observacion`, `sexo`, `direccion`) VALUES
(1, 'Hernando', 'Gutierrez', '25/02/1981', '4745061LP', '71987456', '19/09/2016', '19/12/2016', '08:00 - 17:00', 'Vendedor', 'si', 'si', '', 'M', 'Z. Nuevos Horizontes'),
(2, 'Diego', 'Tarifa', '08/05/1988', '6548745LP', '2354687', '01/01/2014', '', '07:00 - 18:00', 'Vendedor', 'si', 'si', '', 'M', 'Z. Franca Calle 2'),
(3, 'Jasinto', 'Robles', '18/08/1970', '4445148', '65487841', '12/02/2000', '', '08:00 - 18:00', 'Portero', 'si', 'si', '', 'M', 'z. Inca Chaca'),
(4, 'Cinthya', 'Pusari Fernandez', '12/10/1994', '9211146LP', '71965487', '19/09/2016', '18/12/2016', '08:30 -17:00', 'Auxiliar Contable', 'no', 'si', '', 'F', 'Rio seco'),
(5, 'Juan', 'Apaza', '08/12/1978', '456789lp', '78945612', '01/03/2016', '', 'no definido', 'vendedor', 'si', 'si', '', 'M', 'santa isabel'),
(6, 'Julio', 'Aranda', '29/03/1985', '1124145lp', '60145787', '09/04/2014', '', 'no definido', 'Vendedor', 'si', 'si', '', 'M', 'senkata'),
(7, 'Maria', 'Copa', '', '6058218LP', '69844789', '', '', '', 'Gerente General', '', '', '', 'F', 'Villa Dolores Calle 5 # 118'),
(8, 'Abad', 'Mamani', '01/01/1990', '65498754LP', '78945612', '', '', '', 'Vendedor', '', '', '', 'M', 'SANTIAGO II');

-- --------------------------------------------------------

--
-- Estructura de tabla para la tabla `nota`
--

CREATE TABLE IF NOT EXISTS `nota` (
  `id_nota` int(20) NOT NULL AUTO_INCREMENT,
  `cliente` varchar(150) DEFAULT NULL,
  `empresa` varchar(150) DEFAULT NULL,
  `autorizado` varchar(100) DEFAULT NULL,
  `vendedor` varchar(100) DEFAULT NULL,
  `monto` varchar(100) DEFAULT NULL,
  `baja` varchar(100) DEFAULT NULL,
  `tc` varchar(100) DEFAULT NULL,
  `deposito` varchar(150) DEFAULT NULL,
  `id_cliente` varchar(150) DEFAULT NULL,
  `id_usuario` varchar(100) DEFAULT NULL,
  `id_empleado` varchar(150) DEFAULT NULL,
  `forma_pago` varchar(150) DEFAULT NULL,
  `nota_unica` varchar(150) DEFAULT NULL,
  `fecha_creacion` date DEFAULT NULL,
  `observacion` varchar(150) DEFAULT NULL,
  PRIMARY KEY (`id_nota`)
) ENGINE=InnoDB  DEFAULT CHARSET=latin1 AUTO_INCREMENT=981 ;

--
-- Volcado de datos para la tabla `nota`
--

INSERT INTO `nota` (`id_nota`, `cliente`, `empresa`, `autorizado`, `vendedor`, `monto`, `baja`, `tc`, `deposito`, `id_cliente`, `id_usuario`, `id_empleado`, `forma_pago`, `nota_unica`, `fecha_creacion`, `observacion`) VALUES
(16, ' Cueto', 'PIZZA SEGUIOS', 'Maria Copa', 'Hernando Gutierrez', '49', 'DEBE', '6.97', '', '7', '6058218LP', '1', 'contado', NULL, '2016-11-04', NULL),
(17, ' Cueto', 'PIZZA SEGUIOS', 'Maria Copa', 'Hernando Gutierrez', '29', 'DEBE', '6.97', '', '7', '6058218LP', '1', 'contado', NULL, '2016-11-04', NULL),
(18, 'Manolos ', 'CAFE MANOLOS', 'Maria Copa', 'Hernando Gutierrez', '315', 'DEBE', '6.97', '', '1', '6058218LP', '1', 'contado', NULL, '2016-11-04', NULL),
(19, 'Vanesa ', 'VANESA', 'Maria Copa', 'Hernando Gutierrez', '64', 'DEBE', '6.97', '', '14', '6058218LP', '1', 'contado', NULL, '2016-11-04', NULL),
(20, ' Menacho', 'COMERCIO "MEGA 1"', 'Maria Copa', 'Hernando Gutierrez', '739', 'DEBE', '6.97', '', '20', '6058218LP', '1', 'contado', NULL, '2016-11-04', NULL),
(21, 'Ivoni Miranda Miranda', 'VILLAZON "MEGA 2"', 'Maria Copa', 'Hernando Gutierrez', '573', 'DEBE', '6.97', '', '21', '6058218LP', '1', 'contado', NULL, '2016-11-04', NULL),
(22, 'Elvis Miranda Miranda', 'MIRAFLORES "MEGA 3"', 'Maria Copa', 'Hernando Gutierrez', '556', 'DEBE', '6.97', '', '22', '6058218LP', '1', 'contado', NULL, '2016-11-04', NULL),
(23, 'Elvis Miranda Miranda', 'CAMACHO "MEGA 4"', 'Maria Copa', 'Hernando Gutierrez', '800', 'DEBE', '6.97', '', '23', '6058218LP', '1', 'contado', NULL, '2016-11-04', NULL),
(24, ' Miranda', 'UYUNI "MEGA 5"', 'Maria Copa', 'Hernando Gutierrez', '0', 'DEBE', '6.97', '', '24', '6058218LP', '1', 'contado', NULL, '2016-11-04', NULL),
(25, ' Miranda', 'UYUNI "MEGA 5"', 'Maria Copa', 'Hernando Gutierrez', '300', 'DEBE', '6.97', '', '24', '6058218LP', '1', 'contado', NULL, '2016-11-04', NULL),
(26, 'Elvis Miranda Miranda', '"MEGA 6"', 'Maria Copa', 'Hernando Gutierrez', '212', 'DEBE', '6.97', '', '25', '6058218LP', '1', 'contado', NULL, '2016-11-04', NULL),
(27, ' Miranda', 'UYUNI "MEGA 5"', 'Maria Copa', 'Hernando Gutierrez', '300', 'DEBE', '6.97', '', '24', '6058218LP', '1', 'contado', NULL, '2016-11-04', NULL),
(28, 'Vania Soto Ledezma', 'PAPAYA EXPRESS', 'Maria Copa', 'Hernando Gutierrez', '163', 'CANCELADO', '', '', '8', '6058218LP', '1', 'contado', NULL, '2016-11-04', NULL),
(29, ' Menacho', 'COMERCIO "MEGA 1"', 'Maria Copa', 'Hernando Gutierrez', '108', 'DEBE', '6.97', '', '20', '6058218LP', '1', 'contado', NULL, '2016-11-04', NULL),
(30, 'Maria Calderon', 'MY COFFI', 'Maria Copa', 'Hernando Gutierrez', '98', 'DEBE', '6.97', '', '4', '6058218LP', '1', 'contado', NULL, '2016-11-04', NULL),
(35, ' Ocampo', 'COMA Y PUNTO', 'Rebeca Quispe', 'Hernando Gutierrez', '147', 'CANCELADO', '', '', '17', '6066719LP', '1', 'contado', NULL, '2016-11-09', NULL),
(36, 'LOS PESCADITOS ', '', 'Juan Callisaya', 'Hernando Gutierrez', '112', 'CANCELADO', '', '', '111', '6897356LP', '1', 'contado', NULL, '2016-11-09', NULL),
(37, ' Menacho', 'COMERCIO "MEGA 1"', 'Maria Copa', 'Hernando Gutierrez', '1993', 'DEBE', '', '', '20', '6058218LP', '1', 'contado', NULL, '2016-11-05', NULL),
(38, 'Elvis Miranda Miranda', 'MIRAFLORES "MEGA 3"', 'Maria Copa', 'Hernando Gutierrez', '1494', 'DEBE', '', '', '22', '6058218LP', '1', 'contado', NULL, '2016-11-05', NULL),
(39, 'Elvis Miranda Miranda', 'CAMACHO "MEGA 4"', 'Maria Copa', 'Hernando Gutierrez', '1704', 'DEBE', '', '', '23', '6058218LP', '1', 'contado', NULL, '2016-11-05', NULL),
(40, ' Miranda', 'UYUNI "MEGA 5"', 'Maria Copa', 'Hernando Gutierrez', '996', 'DEBE', '', '', '24', '6058218LP', '1', 'contado', NULL, '2016-11-05', NULL),
(41, 'Elvis Miranda Miranda', '"MEGA 6"', 'Maria Copa', 'Hernando Gutierrez', '587', 'DEBE', '', '', '25', '6058218LP', '1', 'contado', NULL, '2016-11-05', NULL),
(42, 'Ivoni Miranda Miranda', 'VILLAZON "MEGA 2"', 'Rebeca Quispe', 'Hernando Gutierrez', '830', 'DEBE', '', '', '21', '6066719LP', '1', 'contado', NULL, '2016-11-05', NULL),
(43, ' Menacho', 'COMERCIO "MEGA 1"', 'Maria Copa', 'Hernando Gutierrez', '135', 'CANCELADO', '', '', '20', '6058218LP', '1', 'contado', NULL, '2016-11-05', NULL),
(44, 'Vanesa ', '', 'Maria Copa', 'Hernando Gutierrez', '64', 'DEBE', '', '', '14', '6058218LP', '1', 'contado', NULL, '2016-11-05', NULL),
(45, 'Vania Soto Ledezma', 'PAPAYA EXPRESS', 'Maria Copa', 'Hernando Gutierrez', '128', 'DEBE', '', '', '8', '6058218LP', '1', 'contado', NULL, '2016-11-05', NULL),
(46, '6 DE AGOSTO ', 'Restaurant', 'Rebeca Quispe', 'Hernando Gutierrez', '210', 'DEBE', '', '', '94', '6066719LP', '1', 'contado', NULL, '2016-11-05', NULL),
(54, 'Manolos ', 'CAFE MANOLOS', 'Maria Copa', 'Hernando Gutierrez', '28', 'DEBE', '', '', '1', '6058218LP', '1', 'contado', NULL, '2016-11-05', NULL),
(55, ' Menacho', 'COMERCIO "MEGA 1"', 'Maria Copa', 'Hernando Gutierrez', '750', 'DEBE', '', '', '20', '6058218LP', '1', 'contado', NULL, '2016-11-07', NULL),
(56, ' Menacho', 'COMERCIO "MEGA 1"', 'Maria Copa', 'Hernando Gutierrez', '750', 'DEBE', '', '', '20', '6058218LP', '1', 'contado', NULL, '2016-11-07', NULL),
(57, 'Manolos ', 'CAFE MANOLOS', 'Maria Copa', 'Hernando Gutierrez', '0', 'DEBE', '', '', '1', '6058218LP', '1', 'contado', NULL, '2016-11-07', NULL),
(58, 'CELIA ', '', 'Rebeca Quispe', 'Diego Tarifa', '345', 'CANCELADO', '', '', '45', '6066719LP', '2', 'contado', NULL, '2016-11-15', NULL),
(59, 'OSCAR ', '', 'Rebeca Quispe', 'Diego Tarifa', '250', 'CANCELADO', '', '', '126', '6066719LP', '2', 'contado', NULL, '2016-11-15', NULL),
(60, 'Vania Soto Ledezma', 'PAPAYA EXPRESS', 'Rebeca Quispe', 'Hernando Gutierrez', '163', 'CANCELADO', '', '', '8', '6066719LP', '1', 'contado', NULL, '2016-11-08', NULL),
(61, 'LA CABAÃ‘A SUCURSAL - 2 ', 'LA CABAÃ‘A', 'Juan Callisaya', 'Hernando Gutierrez', '150', 'CANCELADO', '', '', '97', '6897356LP', '1', 'contado', NULL, '2016-11-08', NULL),
(62, ' Menacho', 'COMERCIO "MEGA 1"', 'Rebeca Quispe', 'Hernando Gutierrez', '588', 'DEBE', '', '', '20', '6066719LP', '1', 'contado', NULL, '2016-11-09', NULL),
(63, ' Menacho', 'COMERCIO "MEGA 1"', 'Rebeca Quispe', 'Hernando Gutierrez', '105.3', 'DEBE', '', '', '20', '6066719LP', '1', 'contado', NULL, '2016-11-09', NULL),
(64, 'Elvis Miranda Miranda', 'CAMACHO "MEGA 4"', 'Rebeca Quispe', 'Hernando Gutierrez', '725', 'DEBE', '', '', '23', '6066719LP', '1', 'contado', NULL, '2016-11-09', NULL),
(65, ' Miranda', 'UYUNI "MEGA 5"', 'Rebeca Quispe', 'Hernando Gutierrez', '316', 'DEBE', '', '', '24', '6066719LP', '1', 'contado', NULL, '2016-11-09', NULL),
(66, 'Ivoni Miranda Miranda', 'VILLAZON "MEGA 2"', 'Juan Callisaya', 'Hernando Gutierrez', '180', 'DEBE', '', '', '21', '6897356LP', '1', 'contado', NULL, '2016-11-09', NULL),
(67, 'Elvis Miranda Miranda', 'MIRAFLORES "MEGA 3"', 'Cinthia Pusari', 'Hernando Gutierrez', '453', 'DEBE', '', '', '22', '9211146LP', '1', 'contado', NULL, '2016-11-09', NULL),
(68, 'Elvis Miranda Miranda', '"MEGA 6"', 'Cinthia Pusari', 'Hernando Gutierrez', '242', 'DEBE', '', '', '25', '9211146LP', '1', 'contado', NULL, '2016-11-09', NULL),
(69, 'THE DUBLINER ', '', 'Cinthia Pusari', 'Hernando Gutierrez', '245', 'CANCELADO', '', '', '104', '9211146LP', '1', 'contado', NULL, '2016-11-09', NULL),
(70, 'ALANOCA ', '', 'Maria Copa', 'Diego Tarifa', '0', 'DEBE', '', '', '42', '6058218LP', '2', 'credito', NULL, '2016-11-09', NULL),
(71, 'GUSTAVO ', '', 'Maria Copa', 'Diego Tarifa', '115', 'DEBE', '', '', '54', '6058218LP', '2', 'contado', NULL, '2016-11-10', NULL),
(72, ' Menacho', 'COMERCIO "MEGA 1"', 'Cinthia Pusari', 'Hernando Gutierrez', '694', 'DEBE', '', '', '20', '9211146LP', '1', 'contado', NULL, '2016-11-10', NULL),
(73, 'alicia ', '', 'Maria Copa', 'Diego Tarifa', '69', 'DEBE', '', '', '129', '6058218LP', '2', 'contado', NULL, '2016-11-10', NULL),
(74, 'MERY ', '', 'Rebeca Quispe', 'Diego Tarifa', '69', 'DEBE', '', '', '171', '6066719LP', '2', 'contado', NULL, '2016-11-10', NULL),
(75, 'YENNI YAPU', '', 'Maria Copa', 'Diego Tarifa', '138', 'DEBE', '', '', '58', '6058218LP', '2', 'contado', NULL, '2016-11-10', NULL),
(76, ' Menacho', 'COMERCIO "MEGA 1"', 'Cinthia Pusari', 'Hernando Gutierrez', '135', 'DEBE', '', '', '20', '9211146LP', '1', 'contado', NULL, '2016-11-10', NULL),
(77, 'rosa linda', '', 'Maria Copa', 'Diego Tarifa', '69', 'DEBE', '', '', '130', '6058218LP', '2', 'contado', NULL, '2016-11-10', NULL),
(78, 'Ivoni Miranda Miranda', 'VILLAZON "MEGA 2"', 'Cinthia Pusari', 'Hernando Gutierrez', '587', 'DEBE', '', '', '21', '9211146LP', '1', 'contado', NULL, '2016-11-10', NULL),
(79, 'ELVIRA ', '', 'Maria Copa', 'Diego Tarifa', '115', 'DEBE', '', '', '57', '6058218LP', '2', 'contado', NULL, '2016-11-10', NULL),
(80, 'Elvis Miranda Miranda', 'MIRAFLORES "MEGA 3"', 'Cinthia Pusari', 'Hernando Gutierrez', '405', 'DEBE', '', '', '22', '9211146LP', '1', 'contado', NULL, '2016-11-10', NULL),
(81, 'meche ', '', 'Maria Copa', 'Diego Tarifa', '115', 'DEBE', '', '', '132', '6058218LP', '2', 'contado', NULL, '2016-11-10', NULL),
(82, 'CHARITO ', '', 'Maria Copa', 'Diego Tarifa', '230', 'DEBE', '', '', '43', '6058218LP', '2', 'contado', NULL, '2016-11-10', NULL),
(83, 'Elvis Miranda Miranda', 'CAMACHO "MEGA 4"', 'Cinthia Pusari', 'Hernando Gutierrez', '618', 'DEBE', '', '', '23', '9211146LP', '1', 'contado', NULL, '2016-11-10', NULL),
(84, 'CELIA ', '', 'Maria Copa', 'Diego Tarifa', '115', 'DEBE', '', '', '45', '6058218LP', '2', 'contado', NULL, '2016-11-10', NULL),
(85, 'FATIMA ', '', 'Maria Copa', 'Diego Tarifa', '115', 'DEBE', '', '', '133', '6058218LP', '2', 'contado', NULL, '2016-11-10', NULL),
(86, 'NEYSA ', '', 'Maria Copa', 'Diego Tarifa', '105', 'DEBE', '', '', '134', '6058218LP', '2', 'contado', NULL, '2016-11-10', NULL),
(87, ' Miranda', 'UYUNI "MEGA 5"', 'Cinthia Pusari', 'Hernando Gutierrez', '406', 'DEBE', '', '', '24', '9211146LP', '1', 'contado', NULL, '2016-11-10', NULL),
(88, 'LA CABAÃ‘A SUCURSAL - 2 ', 'LA CABAÃ‘A', 'Juan Callisaya', 'Hernando Gutierrez', '184', 'CANCELADO', '', '', '97', '6897356LP', '1', 'contado', NULL, '2016-11-11', NULL),
(89, 'NELSON ', '', 'Maria Copa', 'Diego Tarifa', '230', 'DEBE', '', '', '135', '6058218LP', '2', 'contado', NULL, '2016-11-10', NULL),
(90, ' De Rave', 'SOL Y LUNA', 'Juan Callisaya', 'Hernando Gutierrez', '196', 'DEBE', '', '', '11', '6897356LP', '1', 'contado', NULL, '2016-11-11', NULL),
(91, ' Menacho', 'COMERCIO "MEGA 1"', 'Juan Callisaya', 'Hernando Gutierrez', '617', 'CANCELADO', '', '', '20', '6897356LP', '1', 'contado', NULL, '2016-11-11', NULL),
(92, 'Elvis Miranda Miranda', '"MEGA 6"', 'Juan Callisaya', 'Hernando Gutierrez', '271', 'DEBE', '', '', '25', '6897356LP', '1', 'contado', NULL, '2016-11-10', NULL),
(93, 'Vanesa ', '', 'Juan Callisaya', 'Hernando Gutierrez', '93', 'DEBE', '', '', '14', '6897356LP', '1', 'contado', NULL, '2016-11-10', NULL),
(94, ' Cueto', 'PIZZA SEGUIOS', 'Juan Callisaya', 'Hernando Gutierrez', '98', 'DEBE', '', '', '7', '6897356LP', '1', 'contado', NULL, '2016-11-10', NULL),
(95, ' Menacho', 'COMERCIO "MEGA 1"', 'Juan Callisaya', 'Hernando Gutierrez', '135', 'DEBE', '', '', '20', '6897356LP', '1', 'contado', NULL, '2016-11-11', NULL),
(96, 'Elvis Miranda Miranda', 'MIRAFLORES "MEGA 3"', 'Maria Copa', 'Hernando Gutierrez', '466', 'CANCELADO', '', '', '22', '6058218LP', '1', 'contado', NULL, '2016-11-11', NULL),
(97, 'Elvis Miranda Miranda', 'CAMACHO "MEGA 4"', 'Maria Copa', 'Hernando Gutierrez', '859', 'CANCELADO', '', '', '23', '6058218LP', '1', 'contado', NULL, '2016-11-11', NULL),
(98, ' Miranda', 'UYUNI "MEGA 5"', 'Maria Copa', 'Hernando Gutierrez', '302', 'CANCELADO', '', '', '24', '6058218LP', '1', 'contado', NULL, '2016-11-11', NULL),
(99, 'Elvis Miranda Miranda', '"MEGA 6"', 'Maria Copa', 'Hernando Gutierrez', '346', 'CANCELADO', '', '', '25', '6058218LP', '1', 'contado', NULL, '2016-11-11', NULL),
(100, 'Manolos ', 'CAFE MANOLOS', 'Rebeca Quispe', 'Hernando Gutierrez', '308', 'DEBE', '', '', '1', '6066719LP', '1', 'contado', NULL, '2016-11-11', NULL),
(101, 'Ivoni Miranda Miranda', 'VILLAZON "MEGA 2"', 'Juan Callisaya', 'Hernando Gutierrez', '377', 'CANCELADO', '', '', '21', '6897356LP', '1', 'contado', NULL, '2016-11-11', NULL),
(102, 'Olive Tree ', 'OLIVE TREE', 'Juan Callisaya', 'Hernando Gutierrez', '399', 'CANCELADO', '', '', '13', '6897356LP', '1', 'contado', NULL, '2016-11-11', NULL),
(103, 'Vania Soto Ledezma', 'PAPAYA EXPRESS', 'Juan Callisaya', 'Hernando Gutierrez', '131', 'DEBE', '', '', '8', '6897356LP', '1', 'contado', NULL, '2016-11-11', NULL),
(104, 'JUANA PATZI', '', 'Juan Callisaya', 'Julio Aranda', '330', 'DEBE', '', '', '65', '6897356LP', '6', 'contado', NULL, '2016-11-11', NULL),
(105, 'PEDRO LAURA', '', 'Juan Callisaya', 'Julio Aranda', '460', 'DEBE', '', '', '71', '6897356LP', '6', 'contado', NULL, '2016-11-11', NULL),
(106, 'OSCAR ', '', 'Juan Callisaya', 'Julio Aranda', '205', 'DEBE', '', '', '137', '6897356LP', '6', 'contado', NULL, '2016-11-11', NULL),
(107, 'PRIMITIVA ', '', 'Juan Callisaya', 'Julio Aranda', '205', 'DEBE', '', '', '138', '6897356LP', '6', 'contado', NULL, '2016-11-11', NULL),
(108, 'JAIME ', '', 'Juan Callisaya', 'Julio Aranda', '205', 'DEBE', '', '', '72', '6897356LP', '6', 'contado', NULL, '2016-11-11', NULL),
(109, 'MARY ', '', 'Juan Callisaya', 'Julio Aranda', '285', 'DEBE', '', '', '139', '6897356LP', '6', 'contado', NULL, '2016-11-11', NULL),
(110, 'LUISA TINTA', '', 'Juan Callisaya', 'Julio Aranda', '330', 'DEBE', '', '', '140', '6897356LP', '6', 'contado', NULL, '2016-11-11', NULL),
(111, 'TEODORA ', '', 'Juan Callisaya', 'Julio Aranda', '0', 'DEBE', '', '', '86', '6897356LP', '6', 'contado', NULL, '2016-11-11', NULL),
(112, 'PASCUALA ', '', 'Juan Callisaya', 'Julio Aranda', '125', 'DEBE', '', '', '85', '6897356LP', '6', 'contado', NULL, '2016-11-11', NULL),
(113, 'MARINA ', '', 'Juan Callisaya', 'Julio Aranda', '229', 'DEBE', '', '', '141', '6897356LP', '6', 'contado', NULL, '2016-11-11', NULL),
(114, 'ADELA ', '', 'Juan Callisaya', 'Julio Aranda', '250', 'DEBE', '', '', '142', '6897356LP', '6', 'contado', NULL, '2016-11-11', NULL),
(115, 'COSME ', '', 'Juan Callisaya', 'Julio Aranda', '332.5', 'DEBE', '', '', '143', '6897356LP', '6', 'contado', NULL, '2016-11-11', NULL),
(116, 'ANGELICA ', '', 'Juan Callisaya', 'Julio Aranda', '450', 'DEBE', '', '', '63', '6897356LP', '6', 'contado', NULL, '2016-11-11', NULL),
(117, 'YOLANDA ', '', 'Juan Callisaya', 'Julio Aranda', '590', 'DEBE', '', '', '62', '6897356LP', '6', 'contado', NULL, '2016-11-11', NULL),
(118, 'SOFIA ', '', 'Juan Callisaya', 'Julio Aranda', '125', 'DEBE', '', '', '144', '6897356LP', '6', 'contado', NULL, '2016-11-11', NULL),
(119, 'LIDIA I.', '', 'Juan Callisaya', 'Julio Aranda', '205', 'DEBE', '', '', '145', '6897356LP', '6', 'contado', NULL, '2016-11-11', NULL),
(120, 'JULIA NINA', '', 'Juan Callisaya', 'Julio Aranda', '330', 'DEBE', '', '', '146', '6897356LP', '6', 'contado', NULL, '2016-11-11', NULL),
(121, 'JUANA QUISPE', '', 'Juan Callisaya', 'Julio Aranda', '205', 'DEBE', '', '', '147', '6897356LP', '6', 'contado', NULL, '2016-11-11', NULL),
(122, 'RUTH ', '', 'Juan Callisaya', 'Julio Aranda', '505', 'DEBE', '', '', '148', '6897356LP', '6', 'contado', NULL, '2016-11-11', NULL),
(123, 'ROCIO ', '', 'Juan Callisaya', 'Julio Aranda', '75', 'DEBE', '', '', '84', '6897356LP', '6', 'contado', NULL, '2016-11-11', NULL),
(124, 'MARTHA ', '', 'Juan Callisaya', 'Julio Aranda', '75', 'DEBE', '', '', '149', '6897356LP', '6', 'contado', NULL, '2016-11-11', NULL),
(125, 'ANGELA ', '', 'Juan Callisaya', 'Julio Aranda', '75', 'DEBE', '', '', '150', '6897356LP', '6', 'contado', NULL, '2016-11-11', NULL),
(126, 'JUSTINA ', '', 'Juan Callisaya', 'Julio Aranda', '69', 'DEBE', '', '', '151', '6897356LP', '6', 'contado', NULL, '2016-11-11', NULL),
(127, 'BERTHA ', '', 'Juan Callisaya', 'Julio Aranda', '194', 'DEBE', '', '', '152', '6897356LP', '6', 'contado', NULL, '2016-11-11', NULL),
(128, 'JOSE LUIS CASAS', '', 'Juan Callisaya', 'Julio Aranda', '300', 'DEBE', '', '', '68', '6897356LP', '6', 'contado', NULL, '2016-11-11', NULL),
(129, 'MIRIAM BARRA', '', 'Juan Callisaya', 'Julio Aranda', '160', 'DEBE', '', '', '153', '6897356LP', '6', 'contado', NULL, '2016-11-11', NULL),
(130, 'FRANKLIN ', '', 'Juan Callisaya', 'Julio Aranda', '320', 'DEBE', '', '', '154', '6897356LP', '6', 'contado', NULL, '2016-11-11', NULL),
(131, 'GREGORIA ', '', 'Juan Callisaya', 'Julio Aranda', '220', 'DEBE', '', '', '155', '6897356LP', '6', 'contado', NULL, '2016-11-11', NULL),
(132, 'CHACON ', '', 'Juan Callisaya', 'Julio Aranda', '48', 'DEBE', '', '', '156', '6897356LP', '6', 'contado', NULL, '2016-11-11', NULL),
(133, 'NANCY ', '', 'Juan Callisaya', 'Julio Aranda', '114', 'DEBE', '', '', '157', '6897356LP', '6', 'contado', NULL, '2016-11-11', NULL),
(134, 'VICKY CONDE', '', 'Juan Callisaya', 'Julio Aranda', '80', 'DEBE', '', '', '158', '6897356LP', '6', 'contado', NULL, '2016-11-11', NULL),
(135, 'Vanesa ', '', 'Cinthia Pusari', 'Hernando Gutierrez', '64', 'DEBE', '', '', '14', '9211146LP', '1', 'contado', NULL, '2016-11-12', NULL),
(136, ' Menacho', 'COMERCIO "MEGA 1"', 'Rebeca Quispe', 'Hernando Gutierrez', '2023', 'CANCELADO', '', '', '20', '6066719LP', '1', 'contado', NULL, '2016-11-12', NULL),
(137, 'Ivoni Miranda Miranda', 'VILLAZON "MEGA 2"', 'Cinthia Pusari', 'Hernando Gutierrez', '814', 'CANCELADO', '', '', '21', '9211146LP', '1', 'contado', NULL, '2016-11-12', NULL),
(138, 'Elvis Miranda Miranda', 'MIRAFLORES "MEGA 3"', 'Rebeca Quispe', 'Hernando Gutierrez', '1404', 'CANCELADO', '', '', '22', '6066719LP', '1', 'contado', NULL, '2016-11-12', NULL),
(139, 'Elvis Miranda Miranda', 'CAMACHO "MEGA 4"', 'Cinthia Pusari', 'Hernando Gutierrez', '2068', 'CANCELADO', '', '', '23', '9211146LP', '1', 'contado', NULL, '2016-11-12', NULL),
(140, ' Miranda', 'UYUNI "MEGA 5"', 'Rebeca Quispe', 'Hernando Gutierrez', '1417', 'CANCELADO', '', '', '24', '6066719LP', '1', 'contado', NULL, '2016-11-12', NULL),
(141, 'Elvis Miranda Miranda', '"MEGA 6"', 'Cinthia Pusari', 'Hernando Gutierrez', '845', 'CANCELADO', '', '', '25', '9211146LP', '1', 'contado', NULL, '2016-11-12', NULL),
(142, 'Vania Soto Ledezma', 'PAPAYA EXPRESS', 'Cinthia Pusari', 'Hernando Gutierrez', '195', 'DEBE', '', '', '8', '9211146LP', '1', 'contado', NULL, '2016-11-12', NULL),
(143, ' Menacho', 'COMERCIO "MEGA 1"', 'Rebeca Quispe', 'Hernando Gutierrez', '240.3', 'CANCELADO', '', '', '20', '6066719LP', '1', 'contado', NULL, '2016-11-12', NULL),
(144, ' Menacho', 'COMERCIO "MEGA 1"', 'Cinthia Pusari', 'Hernando Gutierrez', '314', 'CANCELADO', '', '', '20', '9211146LP', '1', 'contado', NULL, '2016-11-14', NULL),
(145, 'Ivoni Miranda Miranda', 'VILLAZON "MEGA 2"', 'Cinthia Pusari', 'Hernando Gutierrez', '408', 'CANCELADO', '', '', '21', '9211146LP', '1', 'contado', NULL, '2016-11-14', NULL),
(146, 'Elvis Miranda Miranda', 'MIRAFLORES "MEGA 3"', 'Cinthia Pusari', 'Hernando Gutierrez', '344', 'CANCELADO', '', '', '22', '9211146LP', '1', 'contado', NULL, '2016-11-14', NULL),
(147, 'Elvis Miranda Miranda', 'CAMACHO "MEGA 4"', 'Cinthia Pusari', 'Hernando Gutierrez', '480', 'CANCELADO', '', '', '23', '9211146LP', '1', 'contado', NULL, '2016-11-14', NULL),
(148, 'Elvis Miranda Miranda', '"MEGA 6"', 'Cinthia Pusari', 'Hernando Gutierrez', '164', 'CANCELADO', '', '', '25', '9211146LP', '1', 'contado', NULL, '2016-11-14', NULL),
(149, 'PEDRO LAURA', '', 'Cinthia Pusari', 'Julio Aranda', '120', 'CANCELADO', '', '', '71', '9211146LP', '6', 'contado', NULL, '2016-11-14', NULL),
(150, 'CLOTILDE ', '', 'Rebeca Quispe', 'Julio Aranda', '125', 'DEBE', '', '', '159', '6066719LP', '6', 'contado', NULL, '2016-11-14', NULL),
(151, 'MARY ', '', 'Cinthia Pusari', 'Julio Aranda', '120', 'CANCELADO', '', '', '139', '9211146LP', '6', 'contado', NULL, '2016-11-14', NULL),
(152, 'ROCIO ', '', 'Cinthia Pusari', 'Julio Aranda', '120', 'CANCELADO', '', '', '84', '9211146LP', '6', 'contado', NULL, '2016-11-14', NULL),
(153, 'ANGELA ', '', 'Cinthia Pusari', 'Julio Aranda', '120', 'CANCELADO', '', '', '150', '9211146LP', '6', 'contado', NULL, '2016-11-14', NULL),
(154, 'CECILIA ', '', 'Cinthia Pusari', 'Julio Aranda', '69', 'CANCELADO', '', '', '160', '9211146LP', '6', 'contado', NULL, '2016-11-14', NULL),
(155, 'CARMEN ', '', 'Cinthia Pusari', 'Julio Aranda', '69', 'CANCELADO', '', '', '161', '9211146LP', '6', 'contado', NULL, '2016-11-14', NULL),
(156, 'JORGE ', '', 'Cinthia Pusari', 'Julio Aranda', '69', 'DEBE', '', '', '162', '9211146LP', '6', 'contado', NULL, '2016-11-14', NULL),
(157, 'JULIA ', '', 'Cinthia Pusari', 'Julio Aranda', '69', 'CANCELADO', '', '', '163', '9211146LP', '6', 'contado', NULL, '2016-11-14', NULL),
(158, 'CARLA ', '', 'Cinthia Pusari', 'Julio Aranda', '69', 'CANCELADO', '', '', '164', '9211146LP', '6', 'contado', NULL, '2016-11-14', NULL),
(159, 'COSME ', '', 'Cinthia Pusari', 'Julio Aranda', '66', 'CANCELADO', '', '', '143', '9211146LP', '6', 'contado', NULL, '2016-11-14', NULL),
(160, 'SAN MARTIN', '', 'Rebeca Quispe', 'Julio Aranda', '110', 'CANCELADO', '', '', '165', '6066719LP', '6', 'contado', NULL, '2016-11-14', NULL),
(161, 'BERTHA ', '', 'Cinthia Pusari', 'Julio Aranda', '66', 'CANCELADO', '', '', '152', '9211146LP', '6', 'contado', NULL, '2016-11-14', NULL),
(162, 'FRIAL VENTILLA', '', 'Rebeca Quispe', 'Julio Aranda', '66', 'CANCELADO', '', '', '166', '6066719LP', '6', 'contado', NULL, '2016-11-14', NULL),
(163, 'JUANA PATZI', '', 'Cinthia Pusari', 'Julio Aranda', '103.5', 'CANCELADO', '', '', '65', '9211146LP', '6', 'contado', NULL, '2016-11-14', NULL),
(164, 'JUSTA ', '', 'Rebeca Quispe', 'Julio Aranda', '110', 'CANCELADO', '', '', '167', '6066719LP', '6', 'contado', NULL, '2016-11-14', NULL),
(165, 'EFRAIN ', '', 'Cinthia Pusari', 'Julio Aranda', '127', 'CANCELADO', '', '', '168', '9211146LP', '6', 'contado', NULL, '2016-11-14', NULL),
(166, 'COSME ', '', 'Rebeca Quispe', 'Julio Aranda', '212.5', 'CANCELADO', '', '', '143', '6066719LP', '6', 'contado', NULL, '2016-11-14', NULL),
(167, 'MEGA "1" Menacho', 'COMERCIO "MEGAS"', 'Cinthia Pusari', 'Hernando Gutierrez', '540', 'CANCELADO', '', '', '20', '9211146LP', '1', 'contado', NULL, '2016-11-15', NULL),
(168, 'MEGA "1" Menacho', 'COMERCIO "MEGAS"', 'Cinthia Pusari', 'Hernando Gutierrez', '135', 'CANCELADO', '', '', '20', '9211146LP', '1', 'contado', NULL, '2016-11-15', NULL),
(169, 'MEGA "2" Ivoni Miranda Miranda', 'VILLAZON "MEGAS"', 'Cinthia Pusari', 'Hernando Gutierrez', '224', 'CANCELADO', '', '', '21', '9211146LP', '1', 'contado', NULL, '2016-11-15', NULL),
(170, 'MEGA "3" Elvis Miranda Miranda', 'MIRAFLORES "MEGAS"', 'Cinthia Pusari', 'Hernando Gutierrez', '271', 'CANCELADO', '', '', '22', '9211146LP', '1', 'contado', NULL, '2016-11-15', NULL),
(171, 'MEGA "4" Elvis Miranda Miranda', 'CAMACHO "MEGAS"', 'Cinthia Pusari', 'Hernando Gutierrez', '374', 'CANCELADO', '', '', '23', '9211146LP', '1', 'contado', NULL, '2016-11-15', NULL),
(172, 'MEGA "5" Miranda', 'UYUNI "MEGAS"', 'Cinthia Pusari', 'Hernando Gutierrez', '512', 'CANCELADO', '', '', '24', '9211146LP', '1', 'contado', NULL, '2016-11-15', NULL),
(173, 'MEGA "6" Elvis Miranda Miranda', '6 DE AGOSTO "MEGAS"', 'Cinthia Pusari', 'Hernando Gutierrez', '150', 'CANCELADO', '', '', '25', '9211146LP', '1', 'contado', NULL, '2016-11-15', NULL),
(174, 'ANGELICA ', '', 'Cinthia Pusari', 'Julio Aranda', '240', 'CANCELADO', '', '', '63', '9211146LP', '6', 'contado', NULL, '2016-11-15', NULL),
(175, 'MARIA POMA', '', 'Rebeca Quispe', 'ABAD MAMANI', '240', 'CANCELADO', '', '', '175', '6066719LP', '8', 'contado', NULL, '2016-11-15', NULL),
(176, 'JULIA NINA', '', 'Cinthia Pusari', 'Julio Aranda', '240', 'CANCELADO', '', '', '146', '9211146LP', '6', 'contado', NULL, '2016-11-15', NULL),
(177, 'MARY ', '', 'Cinthia Pusari', 'Julio Aranda', '120', 'CANCELADO', '', '', '139', '9211146LP', '6', 'contado', NULL, '2016-11-15', NULL),
(178, 'JAIME ', '', 'Cinthia Pusari', 'Julio Aranda', '125', 'CANCELADO', '', '', '72', '9211146LP', '6', 'contado', NULL, '2016-11-15', NULL),
(179, 'OSCAR ', '', 'Rebeca Quispe', 'Julio Aranda', '125', 'CANCELADO', '', '', '137', '6066719LP', '6', 'contado', NULL, '2016-11-15', NULL),
(180, 'MARINA PAIRO', '', 'Cinthia Pusari', 'Julio Aranda', '229', 'CANCELADO', '', '', '73', '9211146LP', '6', 'contado', NULL, '2016-11-15', NULL),
(181, 'JUANA QUISPE', '', 'Rebeca Quispe', 'Julio Aranda', '125', 'CANCELADO', '', '', '147', '6066719LP', '6', 'contado', NULL, '2016-11-15', NULL),
(182, 'RUTH ', '', 'Cinthia Pusari', 'Julio Aranda', '235', 'DEBE', '', '', '148', '9211146LP', '6', 'contado', NULL, '2016-11-15', NULL),
(183, 'ADELA ', '', 'Cinthia Pusari', 'Julio Aranda', '240', 'CANCELADO', '', '', '142', '9211146LP', '6', 'contado', NULL, '2016-11-15', NULL),
(184, 'PEDRO LAURA', '', 'Cinthia Pusari', 'Julio Aranda', '292', 'CANCELADO', '', '', '71', '9211146LP', '6', 'contado', NULL, '2016-11-15', NULL),
(185, 'YOLANDA ', '', 'Rebeca Quispe', 'Julio Aranda', '125', 'DEBE', '', '', '62', '6066719LP', '6', 'contado', NULL, '2016-11-15', NULL),
(186, 'SAN MARTIN', '', 'Cinthia Pusari', 'Julio Aranda', '120', 'CANCELADO', '', '', '165', '9211146LP', '6', 'contado', NULL, '2016-11-15', NULL),
(187, 'LUISA TINTA', '', 'Cinthia Pusari', 'Julio Aranda', '240', 'CANCELADO', '', '', '140', '9211146LP', '6', 'contado', NULL, '2016-11-15', NULL),
(188, 'Maria Calderon', 'MAIN COFFEE', 'Cinthia Pusari', 'Hernando Gutierrez', '147', 'CANCELADO', '', '', '4', '9211146LP', '1', 'contado', NULL, '2016-11-15', NULL),
(189, 'CRISTIAN CASTRO', '', 'Cinthia Pusari', 'Hernando Gutierrez', '229.5', 'CANCELADO', '', '', '169', '9211146LP', '1', 'contado', NULL, '2016-11-15', NULL),
(190, 'LA CABAÃ‘A SUCURSAL - 2 ', 'LA CABAÃ‘A', 'Rebeca Quispe', 'Hernando Gutierrez', '150', 'CANCELADO', '', '', '97', '6066719LP', '1', 'contado', NULL, '2016-11-15', NULL),
(191, 'MEGA "1" Menacho', 'COMERCIO "MEGAS"', 'Maria Copa', 'Hernando Gutierrez', '498', 'CANCELADO', '', '', '20', '6058218LP', '1', 'contado', NULL, '2016-11-16', NULL),
(192, 'MEGA "4" Elvis Miranda Miranda', 'CAMACHO "MEGAS"', 'Maria Copa', 'Hernando Gutierrez', '980', 'CANCELADO', '', '', '23', '6058218LP', '1', 'contado', NULL, '2016-11-16', NULL),
(193, 'MEGA "5" Miranda', 'UYUNI "MEGAS"', 'Maria Copa', 'Hernando Gutierrez', '332', 'CANCELADO', '', '', '24', '6058218LP', '1', 'contado', NULL, '2016-11-16', NULL),
(194, 'Vanesa ', '', 'Maria Copa', 'Hernando Gutierrez', '64', 'CANCELADO', '', '', '14', '6058218LP', '1', 'contado', NULL, '2016-11-16', NULL),
(195, 'MEGA "2" Ivoni Miranda Miranda', 'VILLAZON "MEGAS"', 'Maria Copa', 'Hernando Gutierrez', '484', 'CANCELADO', '', '', '21', '6058218LP', '1', 'contado', NULL, '2016-11-16', NULL),
(196, 'MEGA "3" Elvis Miranda Miranda', 'MIRAFLORES "MEGAS"', 'Maria Copa', 'Hernando Gutierrez', '407', 'CANCELADO', '', '', '22', '6058218LP', '1', 'contado', NULL, '2016-11-16', NULL),
(197, 'MEGA "6" Elvis Miranda Miranda', '6 DE AGOSTO "MEGAS"', 'Maria Copa', 'Hernando Gutierrez', '195', 'CANCELADO', '', '', '25', '6058218LP', '1', 'contado', NULL, '2016-11-16', NULL),
(198, 'PIZZA SEGUIOS ', '', 'Maria Copa', 'Hernando Gutierrez', '98', 'CANCELADO', '', '', '7', '6058218LP', '1', 'contado', NULL, '2016-11-16', NULL),
(199, 'ELENA ', '', 'Cinthia Pusari', 'Julio Aranda', '0', 'CANCELADO', '', '', '67', '9211146LP', '6', 'contado', NULL, '2016-11-16', NULL),
(200, 'JOSE LUIS CASAS', '', 'Cinthia Pusari', 'Julio Aranda', '0', 'CANCELADO', '', '', '68', '9211146LP', '6', 'contado', NULL, '2016-11-16', NULL),
(201, 'OLGA ', '', 'Cinthia Pusari', 'Julio Aranda', '125', 'CANCELADO', '', '', '174', '9211146LP', '6', 'contado', NULL, '2016-11-16', NULL),
(202, 'MARIA POMA', '', 'Cinthia Pusari', 'Julio Aranda', '125', 'CANCELADO', '', '', '175', '9211146LP', '6', 'contado', NULL, '2016-11-16', NULL),
(203, 'MONICA ', '', 'Cinthia Pusari', 'Julio Aranda', '125', 'CANCELADO', '', '', '176', '9211146LP', '6', 'contado', NULL, '2016-11-16', NULL),
(204, 'SAN MARTIN', '', 'Cinthia Pusari', 'Julio Aranda', '110', 'CANCELADO', '', '', '165', '9211146LP', '6', 'contado', NULL, '2016-11-16', NULL),
(205, 'ALEJANDRA ', '', 'Cinthia Pusari', 'Julio Aranda', '125', 'CANCELADO', '', '', '177', '9211146LP', '6', 'contado', NULL, '2016-11-16', NULL),
(206, 'MARIA QUISBERT', '', 'Cinthia Pusari', 'Julio Aranda', '120', 'CANCELADO', '', '', '64', '9211146LP', '6', 'contado', NULL, '2016-11-16', NULL),
(207, 'HILDA ', '', 'Cinthia Pusari', 'Julio Aranda', '120', 'CANCELADO', '', '', '66', '9211146LP', '6', 'contado', NULL, '2016-11-16', NULL),
(208, 'SILVIA ', '', 'Cinthia Pusari', 'Julio Aranda', '120', 'CANCELADO', '', '', '179', '9211146LP', '6', 'contado', NULL, '2016-11-16', NULL),
(209, 'LUISA TINTA', '', 'Cinthia Pusari', 'Julio Aranda', '240', 'CANCELADO', '', '', '140', '9211146LP', '6', 'contado', NULL, '2016-11-16', NULL),
(210, 'VICKY CONDE', '', 'Cinthia Pusari', 'Julio Aranda', '110', 'DEBE', '', '', '158', '9211146LP', '6', 'contado', NULL, '2016-11-16', NULL),
(211, 'ELY CONDE', '', 'Cinthia Pusari', 'Julio Aranda', '110', 'CANCELADO', '', '', '180', '9211146LP', '6', 'contado', NULL, '2016-11-16', NULL),
(212, 'MARIA ', '', 'Cinthia Pusari', 'Julio Aranda', '110', 'CANCELADO', '', '', '181', '9211146LP', '6', 'contado', NULL, '2016-11-16', NULL),
(213, 'NANCY ', '', 'Cinthia Pusari', 'Julio Aranda', '88', 'CANCELADO', '', '', '157', '9211146LP', '6', 'contado', NULL, '2016-11-16', NULL),
(214, 'MEGA "2" Ivoni Miranda Miranda', 'VILLAZON "MEGAS"', 'Cinthia Pusari', 'Hernando Gutierrez', '302', 'CANCELADO', '', '', '21', '9211146LP', '1', 'contado', NULL, '2016-11-17', NULL),
(215, 'MEGA "3" Elvis Miranda Miranda', 'MIRAFLORES "MEGAS"', 'Cinthia Pusari', 'Hernando Gutierrez', '241', 'CANCELADO', '', '', '22', '9211146LP', '1', 'contado', NULL, '2016-11-17', NULL),
(216, 'MEGA "4" Elvis Miranda Miranda', 'CAMACHO "MEGAS"', 'Cinthia Pusari', 'Hernando Gutierrez', '784', 'CANCELADO', '', '', '23', '9211146LP', '1', 'contado', NULL, '2016-11-17', NULL),
(217, 'MEGA "5" Miranda', 'UYUNI "MEGAS"', 'Cinthia Pusari', 'Hernando Gutierrez', '392', 'CANCELADO', '', '', '24', '9211146LP', '1', 'contado', NULL, '2016-11-17', NULL),
(218, 'MEGA "6" Elvis Miranda Miranda', '6 DE AGOSTO "MEGAS"', 'Cinthia Pusari', 'Hernando Gutierrez', '272', 'CANCELADO', '', '', '25', '9211146LP', '1', 'contado', NULL, '2016-11-17', NULL),
(219, 'MEGA "6" Elvis Miranda Miranda', '6 DE AGOSTO "MEGAS"', 'Cinthia Pusari', 'Hernando Gutierrez', '186', 'DEBE', '', '', '25', '9211146LP', '1', 'contado', NULL, '2016-11-17', NULL),
(220, '6 DE AGOSTO ', '', 'Cinthia Pusari', 'Hernando Gutierrez', '209', 'DEBE', '', '', '94', '9211146LP', '1', 'contado', NULL, '2016-11-17', NULL),
(221, 'MEGA "1" Menacho', 'COMERCIO "MEGAS"', 'Cinthia Pusari', 'Hernando Gutierrez', '467', 'CANCELADO', '', '', '20', '9211146LP', '1', 'contado', NULL, '2016-11-17', NULL),
(222, 'MEGA "1" Menacho', 'COMERCIO "MEGAS"', 'Cinthia Pusari', 'Hernando Gutierrez', '135', 'CANCELADO', '', '', '20', '9211146LP', '1', 'contado', NULL, '2016-11-17', NULL),
(223, 'GUSTAVO ', '', 'Cinthia Pusari', 'Diego Tarifa', '115', 'CANCELADO', '', '', '54', '9211146LP', '2', 'contado', NULL, '2016-11-17', NULL),
(224, 'YENNI YAPU', '', 'Cinthia Pusari', 'Diego Tarifa', '138', 'CANCELADO', '', '', '58', '9211146LP', '2', 'contado', NULL, '2016-11-17', NULL),
(225, 'FATIMA ', '', 'Maria Copa', 'Diego Tarifa', '120', 'CANCELADO', '', '', '133', '6058218LP', '2', 'contado', NULL, '2016-11-17', NULL),
(226, 'ELVIRA ', '', 'Maria Copa', 'Diego Tarifa', '120', 'CANCELADO', '', '', '57', '6058218LP', '2', 'contado', NULL, '2016-11-17', NULL),
(227, 'VERONICA QUINO', '', 'Cinthia Pusari', 'Diego Tarifa', '115', 'CANCELADO', '', '', '121', '9211146LP', '2', 'contado', NULL, '2016-11-17', NULL),
(228, 'ALICIA ', '', 'Cinthia Pusari', 'Diego Tarifa', '69', 'CANCELADO', '', '', '129', '9211146LP', '2', 'contado', NULL, '2016-11-17', NULL),
(229, 'MERY ', '', 'Maria Copa', 'Diego Tarifa', '144', 'CANCELADO', '', '', '171', '6058218LP', '2', 'contado', NULL, '2016-11-17', NULL),
(230, 'MAGDALENA ', '', 'Maria Copa', 'Diego Tarifa', '72', 'CANCELADO', '', '', '125', '6058218LP', '2', 'contado', NULL, '2016-11-17', NULL),
(231, 'BLANCA FLORES', '', 'Maria Copa', 'Diego Tarifa', '115', 'CANCELADO', '', '', '56', '6058218LP', '2', 'contado', NULL, '2016-11-17', NULL),
(232, 'carlos ', '', 'Maria Copa', 'Diego Tarifa', '115', 'CANCELADO', '', '', '182', '6058218LP', '2', 'contado', NULL, '2016-11-17', NULL),
(233, 'BEATRIZ ', '', 'Rebeca Quispe', 'Diego Tarifa', '0', 'DEBE', '', '', '184', '6066719LP', '2', 'contado', NULL, '2016-11-17', 'RETORNO'),
(234, 'SNACK LILI ', '', 'Rebeca Quispe', 'Hernando Gutierrez', '56', 'CANCELADO', '', '', '109', '6066719LP', '1', 'contado', NULL, '2016-11-17', NULL),
(235, 'DIEGO ', '', 'Rebeca Quispe', 'Diego Tarifa', '0', 'DEBE', '', '', '185', '6066719LP', '2', 'contado', NULL, '2016-11-17', 'RETORNO'),
(236, 'COSME ', '', 'Rebeca Quispe', 'Julio Aranda', '552.5', 'CANCELADO', '', '', '143', '6066719LP', '6', 'contado', NULL, '2016-11-17', NULL),
(237, 'ANGELICA ', '', 'Rebeca Quispe', 'Diego Tarifa', '115', 'CANCELADO', '', '', '128', '6066719LP', '2', 'contado', NULL, '2016-11-14', NULL),
(238, 'PACOSILLO ', '', 'Rebeca Quispe', 'Diego Tarifa', '115', 'CANCELADO', '', '', '77', '6066719LP', '2', 'contado', NULL, '2016-11-14', NULL),
(239, 'JARED ', '', 'Rebeca Quispe', 'Diego Tarifa', '115', 'CANCELADO', '', '', '120', '6066719LP', '2', 'contado', NULL, '2016-11-14', NULL),
(240, 'ESTANCIA ', '', 'Rebeca Quispe', 'Diego Tarifa', '115', 'CANCELADO', '', '', '122', '6066719LP', '2', 'contado', NULL, '2016-11-14', NULL),
(241, 'MARINA ', '', 'Rebeca Quispe', 'Diego Tarifa', '115', 'CANCELADO', '', '', '178', '6066719LP', '2', 'contado', NULL, '2016-11-14', NULL),
(242, 'GUSTAVO ', '', 'Rebeca Quispe', 'Diego Tarifa', '230', 'CANCELADO', '', '', '54', '6066719LP', '2', 'contado', NULL, '2016-11-14', NULL),
(243, 'VERONICA QUINO', '', 'Rebeca Quispe', 'Diego Tarifa', '125', 'CANCELADO', '', '', '121', '6066719LP', '2', 'contado', NULL, '2016-11-14', NULL),
(244, 'RIBER RODRIGUEZ', '', 'Rebeca Quispe', 'Diego Tarifa', '280', 'CANCELADO', '', '', '81', '6066719LP', '2', 'contado', NULL, '2016-11-14', NULL),
(245, 'SUSANA ', '', 'Rebeca Quispe', 'Diego Tarifa', '184', 'CANCELADO', '', '', '123', '6066719LP', '2', 'contado', NULL, '2016-11-14', NULL),
(246, 'CHAPACO ', '', 'Rebeca Quispe', 'Diego Tarifa', '301', 'CANCELADO', '', '', '41', '6066719LP', '2', 'contado', NULL, '2016-11-15', NULL),
(247, 'CHARITO ', '', 'Rebeca Quispe', 'Diego Tarifa', '230', 'CANCELADO', '', '', '43', '6066719LP', '2', 'contado', NULL, '2016-11-15', NULL),
(248, 'JULIA ', '', 'Rebeca Quispe', 'Diego Tarifa', '125', 'CANCELADO', '', '', '44', '6066719LP', '2', 'contado', NULL, '2016-11-15', NULL),
(249, 'AMERICA ', '', 'Rebeca Quispe', 'Diego Tarifa', '802', 'CANCELADO', '', '', '80', '6066719LP', '2', 'contado', NULL, '2016-11-15', NULL),
(250, 'MARIA SALGUEDO', '', 'Rebeca Quispe', 'Diego Tarifa', '542', 'CANCELADO', '', '', '49', '6066719LP', '2', 'contado', NULL, '2016-11-15', NULL),
(251, 'NANCY ', '', 'Rebeca Quispe', 'Diego Tarifa', '125', 'CANCELADO', '', '', '78', '6066719LP', '2', 'contado', NULL, '2016-11-15', NULL),
(252, 'DAYANA ', '', 'Rebeca Quispe', 'Diego Tarifa', '120', 'CANCELADO', '', '', '53', '6066719LP', '2', 'contado', NULL, '2016-11-15', NULL),
(253, 'LEONOR ', '', 'Rebeca Quispe', 'Diego Tarifa', '120', 'CANCELADO', '', '', '46', '6066719LP', '2', 'contado', NULL, '2016-11-15', NULL),
(254, 'LUCERO ', '', 'Rebeca Quispe', 'Diego Tarifa', '325', 'CANCELADO', '', '', '117', '6066719LP', '2', 'contado', NULL, '2016-11-15', NULL),
(255, 'MARIA QUISPE', '', 'Rebeca Quispe', 'Diego Tarifa', '125', 'CANCELADO', '', '', '79', '6066719LP', '2', 'contado', NULL, '2016-11-15', NULL),
(256, 'MARCELA ', '', 'Rebeca Quispe', 'Diego Tarifa', '209', 'CANCELADO', '', '', '47', '6066719LP', '2', 'contado', NULL, '2016-11-15', NULL),
(257, 'DIONICIA ', '', 'Rebeca Quispe', 'Diego Tarifa', '78', 'DEBE', '', '', '52', '6066719LP', '2', 'contado', NULL, '2016-11-15', NULL),
(258, 'ESPERANZA ', '', 'Rebeca Quispe', 'Diego Tarifa', '310', 'CANCELADO', '', '', '118', '6066719LP', '2', 'contado', NULL, '2016-11-15', NULL),
(259, 'ROSARIO ', '', 'Rebeca Quispe', 'Diego Tarifa', '247', 'CANCELADO', '', '', '119', '6066719LP', '2', 'contado', NULL, '2016-11-15', NULL),
(260, 'PAMELA MAYTA', '', 'Rebeca Quispe', 'Diego Tarifa', '687', 'DEBE', '', '', '61', '6066719LP', '2', 'contado', NULL, '2016-11-16', NULL),
(261, 'LUCY ', '', 'Rebeca Quispe', 'Diego Tarifa', '315', 'CANCELADO', '', '', '186', '6066719LP', '2', 'contado', NULL, '2016-11-16', NULL),
(262, 'ROSA ', '', 'Rebeca Quispe', 'Diego Tarifa', '180', 'CANCELADO', '', '', '187', '6066719LP', '2', 'contado', NULL, '2016-11-16', NULL),
(263, 'JHENNY ', '', 'Rebeca Quispe', 'Diego Tarifa', '120', 'CANCELADO', '', '', '188', '6066719LP', '2', 'contado', NULL, '2016-11-16', NULL),
(264, 'EVA ', '', 'Rebeca Quispe', 'Diego Tarifa', '120', 'CANCELADO', '', '', '50', '6066719LP', '2', 'contado', NULL, '2016-11-16', NULL),
(265, 'DAYANA ', '', 'Rebeca Quispe', 'Diego Tarifa', '115', 'CANCELADO', '', '', '53', '6066719LP', '2', 'contado', NULL, '2016-11-16', NULL),
(266, 'GRACIELA ', '', 'Rebeca Quispe', 'Diego Tarifa', '69', 'CANCELADO', '', '', '189', '6066719LP', '2', 'contado', NULL, '2016-11-16', NULL),
(267, 'ROSA YUJRA', '', 'Rebeca Quispe', 'Diego Tarifa', '125', 'CANCELADO', '', '', '190', '6066719LP', '2', 'contado', NULL, '2016-11-16', NULL),
(268, 'WILLY ', '', 'Rebeca Quispe', 'Diego Tarifa', '120', 'CANCELADO', '', '', '172', '6066719LP', '2', 'contado', NULL, '2016-11-16', NULL),
(269, 'ROSA LINDA', '', 'Rebeca Quispe', 'Diego Tarifa', '115', 'CANCELADO', '', '', '130', '6066719LP', '2', 'contado', NULL, '2016-11-16', NULL),
(270, 'DIONICIA ', '', 'Rebeca Quispe', 'Diego Tarifa', '205', 'DEBE', '', '', '52', '6066719LP', '2', 'contado', NULL, '2016-11-16', NULL),
(271, 'DELIA ', '', 'Rebeca Quispe', 'Diego Tarifa', '75', 'CANCELADO', '', '', '191', '6066719LP', '2', 'contado', NULL, '2016-11-16', NULL),
(272, 'MECHE ', '', 'Rebeca Quispe', 'Diego Tarifa', '115', 'CANCELADO', '', '', '132', '6066719LP', '2', 'contado', NULL, '2016-11-16', NULL),
(273, 'SONIA ', '', 'Rebeca Quispe', 'Juan Apaza', '115', 'CANCELADO', '', '', '192', '6066719LP', '5', 'contado', NULL, '2016-11-14', NULL),
(274, 'REYNALDO ', '', 'Rebeca Quispe', 'Juan Apaza', '69', 'CANCELADO', '', '', '193', '6066719LP', '5', 'contado', NULL, '2016-11-14', NULL),
(275, 'ELIZABETH ARUQUIPA', '', 'Rebeca Quispe', 'Juan Apaza', '69', 'CANCELADO', '', '', '194', '6066719LP', '5', 'contado', NULL, '2016-11-14', NULL),
(276, 'ALICIA PATTY', '', 'Rebeca Quispe', 'Juan Apaza', '69', 'CANCELADO', '', '', '195', '6066719LP', '5', 'contado', NULL, '2016-11-14', NULL),
(277, 'SANDRA BLACUT', '', 'Rebeca Quispe', 'Juan Apaza', '69', 'CANCELADO', '', '', '196', '6066719LP', '5', 'contado', NULL, '2016-11-14', NULL),
(278, 'JULIA LLIPE', '', 'Rebeca Quispe', 'Juan Apaza', '276', 'CANCELADO', '', '', '36', '6066719LP', '5', 'contado', NULL, '2016-11-14', NULL),
(279, 'JULIA ', '', 'Rebeca Quispe', 'Juan Apaza', '69', 'CANCELADO', '', '', '197', '6066719LP', '5', 'contado', NULL, '2016-11-14', NULL),
(280, 'VICTORIA ', '', 'Rebeca Quispe', 'Juan Apaza', '69', 'CANCELADO', '', '', '27', '6066719LP', '5', 'contado', NULL, '2016-11-14', NULL),
(281, 'MARIA ', '', 'Rebeca Quispe', 'Juan Apaza', '69', 'CANCELADO', '', '', '198', '6066719LP', '5', 'contado', NULL, '2016-11-14', NULL),
(282, 'MARY ', '', 'Rebeca Quispe', 'Juan Apaza', '115', 'CANCELADO', '', '', '199', '6066719LP', '5', 'contado', NULL, '2016-11-14', NULL),
(283, 'BEATRIZ MAMANI', '', 'Rebeca Quispe', 'Juan Apaza', '120', 'CANCELADO', '', '', '35', '6066719LP', '5', 'contado', NULL, '2016-11-14', NULL),
(284, 'VALERIO ', '', 'Rebeca Quispe', 'Juan Apaza', '75', 'CANCELADO', '', '', '200', '6066719LP', '5', 'contado', NULL, '2016-11-15', NULL),
(285, 'ELENA ', '', 'Rebeca Quispe', 'Juan Apaza', '125', 'CANCELADO', '', '', '201', '6066719LP', '5', 'contado', NULL, '2016-11-15', NULL),
(286, 'VICKY CHUI', '', 'Rebeca Quispe', 'Juan Apaza', '88', 'CANCELADO', '', '', '202', '6066719LP', '5', 'contado', NULL, '2016-11-15', NULL),
(287, 'LUISA VERASTEGUI', '', 'Rebeca Quispe', 'Juan Apaza', '115', 'CANCELADO', '', '', '203', '6066719LP', '5', 'contado', NULL, '2016-11-15', NULL),
(288, 'FERMINA TORREZ', '', 'Rebeca Quispe', 'Juan Apaza', '220', 'CANCELADO', '', '', '204', '6066719LP', '5', 'contado', NULL, '2016-11-15', NULL),
(289, 'MAGDALENA GUTIERREZ', '', 'Rebeca Quispe', 'Juan Apaza', '72', 'CANCELADO', '', '', '205', '6066719LP', '5', 'contado', NULL, '2016-11-15', NULL),
(290, 'ROXANA ', '', 'Rebeca Quispe', 'Juan Apaza', '125', 'CANCELADO', '', '', '206', '6066719LP', '5', 'contado', NULL, '2016-11-15', NULL),
(291, 'LUIS LIMACHI', '', 'Rebeca Quispe', 'Juan Apaza', '125', 'CANCELADO', '', '', '207', '6066719LP', '5', 'contado', NULL, '2016-11-15', NULL),
(292, 'NEYMAR ', '', 'Rebeca Quispe', 'Juan Apaza', '125', 'CANCELADO', '', '', '208', '6066719LP', '5', 'contado', NULL, '2016-11-15', NULL),
(293, 'MAXIMA ', '', 'Rebeca Quispe', 'Juan Apaza', '125', 'CANCELADO', '', '', '38', '6066719LP', '5', 'contado', NULL, '2016-11-15', NULL),
(294, 'FRANCISCA ', '', 'Rebeca Quispe', 'Juan Apaza', '125', 'CANCELADO', '', '', '209', '6066719LP', '5', 'contado', NULL, '2016-11-15', NULL),
(295, 'GONZALO ', '', 'Rebeca Quispe', 'Juan Apaza', '260', 'CANCELADO', '', '', '210', '6066719LP', '5', 'contado', NULL, '2016-11-15', NULL),
(296, 'VERONICA APAZA', '', 'Rebeca Quispe', 'Juan Apaza', '250', 'CANCELADO', '', '', '28', '6066719LP', '5', 'contado', NULL, '2016-11-15', NULL),
(297, 'YHENY ', '', 'Rebeca Quispe', 'Juan Apaza', '125', 'CANCELADO', '', '', '211', '6066719LP', '5', 'contado', NULL, '2016-11-15', NULL),
(298, 'BEATRIZ ', '', 'Rebeca Quispe', 'Juan Apaza', '125', 'CANCELADO', '', '', '212', '6066719LP', '5', 'contado', NULL, '2016-11-15', NULL),
(299, 'WALTER ', '', 'Rebeca Quispe', 'Juan Apaza', '115', 'CANCELADO', '', '', '213', '6066719LP', '5', 'contado', NULL, '2016-11-15', NULL),
(300, 'MERY ', '', 'Rebeca Quispe', 'Juan Apaza', '125', 'CANCELADO', '', '', '214', '6066719LP', '5', 'contado', NULL, '2016-11-15', NULL),
(301, 'FLORA ', '', 'Rebeca Quispe', 'Juan Apaza', '125', 'CANCELADO', '', '', '215', '6066719LP', '5', 'contado', NULL, '2016-11-15', NULL),
(302, 'NELLY ', '', 'Rebeca Quispe', 'Juan Apaza', '125', 'CANCELADO', '', '', '216', '6066719LP', '5', 'contado', NULL, '2016-11-15', NULL),
(303, 'KARINA QUISPE', '', 'Rebeca Quispe', 'Juan Apaza', '115', 'CANCELADO', '', '', '217', '6066719LP', '5', 'contado', NULL, '2016-11-15', NULL),
(304, 'CONCEPCCION ', '', 'Rebeca Quispe', 'Juan Apaza', '230', 'CANCELADO', '', '', '29', '6066719LP', '5', 'contado', NULL, '2016-11-15', NULL),
(305, 'MIRIAM ', '', 'Cinthia Pusari', 'Juan Apaza', '411', 'CANCELADO', '', '', '218', '9211146LP', '5', 'contado', NULL, '2016-11-16', NULL),
(306, 'SONIA ', '', 'Rebeca Quispe', 'Juan Apaza', '115', 'CANCELADO', '', '', '192', '6066719LP', '5', 'contado', NULL, '2016-11-16', NULL),
(307, 'MARTHA ', '', 'Cinthia Pusari', 'Juan Apaza', '72', 'CANCELADO', '', '', '219', '9211146LP', '5', 'contado', NULL, '2016-11-16', NULL),
(308, 'MARIANELA ', '', 'Rebeca Quispe', 'Juan Apaza', '72', 'CANCELADO', '', '', '37', '6066719LP', '5', 'contado', NULL, '2016-11-16', NULL),
(309, 'MARIELA ', '', 'Rebeca Quispe', 'Juan Apaza', '52', 'CANCELADO', '', '', '220', '6066719LP', '5', 'contado', NULL, '2016-11-16', NULL),
(310, 'JHENNY ROJAS', '', 'Rebeca Quispe', 'Juan Apaza', '72', 'CANCELADO', '', '', '221', '6066719LP', '5', 'contado', NULL, '2016-11-16', NULL),
(311, 'VICTORIA ', '', 'Rebeca Quispe', 'Juan Apaza', '125', 'CANCELADO', '', '', '27', '6066719LP', '5', 'contado', NULL, '2016-11-16', NULL),
(312, 'TOMASA ', '', 'Rebeca Quispe', 'Juan Apaza', '125', 'CANCELADO', '', '', '32', '6066719LP', '5', 'contado', NULL, '2016-11-16', NULL),
(313, 'CARMEN MOLLO', '', 'Rebeca Quispe', 'Juan Apaza', '125', 'CANCELADO', '', '', '222', '6066719LP', '5', 'contado', NULL, '2016-11-16', NULL),
(314, 'FERNANDO ', '', 'Rebeca Quispe', 'Juan Apaza', '228', 'DEBE', '', '', '223', '6066719LP', '5', 'contado', NULL, '2016-11-16', NULL),
(315, 'JACINTA ', '', 'Rebeca Quispe', 'Juan Apaza', '125', 'CANCELADO', '', '', '224', '6066719LP', '5', 'contado', NULL, '2016-11-16', NULL),
(316, 'ANA MARIA ', '', 'Rebeca Quispe', 'Juan Apaza', '250', 'CANCELADO', '', '', '33', '6066719LP', '5', 'contado', NULL, '2016-11-16', NULL),
(317, 'LORENA ', '', 'Rebeca Quispe', 'Juan Apaza', '125', 'CANCELADO', '', '', '225', '6066719LP', '5', 'contado', NULL, '2016-11-16', NULL),
(318, 'LUIS MAMANI', '', 'Rebeca Quispe', 'Juan Apaza', '125', 'CANCELADO', '', '', '30', '6066719LP', '5', 'contado', NULL, '2016-11-16', NULL),
(319, 'ROSA MARCA', '', 'Rebeca Quispe', 'Juan Apaza', '125', 'CANCELADO', '', '', '226', '6066719LP', '5', 'contado', NULL, '2016-11-16', NULL),
(320, 'ROSE MARY', '', 'Rebeca Quispe', 'Juan Apaza', '146', 'CANCELADO', '', '', '227', '6066719LP', '5', 'contado', NULL, '2016-11-16', NULL),
(321, 'SHADAI ', '', 'Juan Callisaya', 'Juan Apaza', '69', 'CANCELADO', '', '', '228', '6897356LP', '5', 'contado', NULL, '2016-11-17', NULL),
(322, 'SALOME ', '', 'Rebeca Quispe', 'Juan Apaza', '180', 'CANCELADO', '', '', '229', '6066719LP', '5', 'contado', NULL, '2016-11-16', NULL),
(323, 'BETZA ', '', 'Rebeca Quispe', 'Juan Apaza', '90', 'CANCELADO', '', '', '231', '6066719LP', '5', 'contado', NULL, '2016-11-16', NULL),
(324, 'ROSA VAQUIARA', '', 'Juan Callisaya', 'Juan Apaza', '69', 'CANCELADO', '', '', '230', '6897356LP', '5', 'contado', NULL, '2016-11-17', NULL),
(325, 'MAYDANA ', '', 'Rebeca Quispe', 'Juan Apaza', '110', 'CANCELADO', '', '', '232', '6066719LP', '5', 'contado', NULL, '2016-11-16', NULL),
(326, 'JHANET ', '', 'Juan Callisaya', 'Juan Apaza', '69', 'CANCELADO', '', '', '233', '6897356LP', '5', 'contado', NULL, '2016-11-17', NULL),
(327, 'LIZETH ', '', 'Rebeca Quispe', 'Juan Apaza', '88', 'CANCELADO', '', '', '234', '6066719LP', '5', 'contado', NULL, '2016-11-16', NULL),
(328, 'JULIA LLIPE', '', 'Rebeca Quispe', 'Juan Apaza', '69', 'CANCELADO', '', '', '36', '6066719LP', '5', 'contado', NULL, '2016-11-17', NULL),
(329, 'SANDRA QUINO', '', 'Rebeca Quispe', 'Juan Apaza', '72', 'CANCELADO', '', '', '235', '6066719LP', '5', 'contado', NULL, '2016-11-16', NULL),
(330, 'VERONICA URAQUINE', '', 'Rebeca Quispe', 'Juan Apaza', '115', 'CANCELADO', '', '', '236', '6066719LP', '5', 'contado', NULL, '2016-11-17', NULL),
(331, 'CANDELARIA ', '', 'Rebeca Quispe', 'Juan Apaza', '115', 'CANCELADO', '', '', '237', '6066719LP', '5', 'contado', NULL, '2016-11-16', NULL),
(332, 'CONCEPCCION ', '', 'Rebeca Quispe', 'Juan Apaza', '460', 'CANCELADO', '', '', '29', '6066719LP', '5', 'contado', NULL, '2016-11-16', NULL),
(333, 'ZENOVIA ', '', 'Juan Callisaya', 'Juan Apaza', '98', 'CANCELADO', '', '', '238', '6897356LP', '5', 'contado', NULL, '2016-11-17', NULL),
(334, 'KARINA QUISPE', '', 'Rebeca Quispe', 'Juan Apaza', '115', 'CANCELADO', '', '', '217', '6066719LP', '5', 'contado', NULL, '2016-11-16', NULL),
(335, 'MARTHA APAZA', '', 'Rebeca Quispe', 'Juan Apaza', '69', 'CANCELADO', '', '', '239', '6066719LP', '5', 'contado', NULL, '2016-11-17', NULL),
(336, 'BEATRIZ MAMANI', '', 'Rebeca Quispe', 'Juan Apaza', '120', 'CANCELADO', '', '', '35', '6066719LP', '5', 'contado', NULL, '2016-11-17', NULL),
(337, 'JAVIER ', '', 'Rebeca Quispe', 'Juan Apaza', '69', 'CANCELADO', '', '', '240', '6066719LP', '5', 'contado', NULL, '2016-11-17', NULL),
(338, 'FRIAL HUAYCHEÃ‘ITO', '', 'Rebeca Quispe', 'Juan Apaza', '115', 'CANCELADO', '', '', '241', '6066719LP', '5', 'contado', NULL, '2016-11-17', NULL),
(339, 'ALICIA PATTY', '', 'Rebeca Quispe', 'Juan Apaza', '69', 'CANCELADO', '', '', '195', '6066719LP', '5', 'contado', NULL, '2016-11-17', NULL),
(340, 'MARY ', '', 'Rebeca Quispe', 'Juan Apaza', '69', 'CANCELADO', '', '', '199', '6066719LP', '5', 'contado', NULL, '2016-11-17', NULL),
(341, 'WALTER ', '', 'Rebeca Quispe', 'Juan Apaza', '69', 'CANCELADO', '', '', '213', '6066719LP', '5', 'contado', NULL, '2016-11-17', NULL),
(342, 'CANDELARIA ', '', 'Rebeca Quispe', 'Juan Apaza', '69', 'CANCELADO', '', '', '237', '6066719LP', '5', 'contado', NULL, '2016-11-17', NULL),
(343, 'KARINA QUISPE', '', 'Rebeca Quispe', 'Juan Apaza', '115', 'CANCELADO', '', '', '217', '6066719LP', '5', 'contado', NULL, '2016-11-17', NULL),
(344, '6 DE AGOSTO ', '', 'Cinthia Pusari', 'Hernando Gutierrez', '180', 'DEBE', '', '', '94', '9211146LP', '1', 'contado', NULL, '2016-11-18', NULL),
(345, 'MEGA "1" Menacho', 'COMERCIO "MEGAS"', 'Cinthia Pusari', 'Hernando Gutierrez', '768', 'CANCELADO', '', '', '20', '9211146LP', '1', 'contado', NULL, '2016-11-18', NULL),
(346, 'CRISTIAN CASTRO', 'IMPUESTOS NACIONALES', 'Rebeca Quispe', 'Hernando Gutierrez', '227.7', 'DEBE', '', '', '169', '6066719LP', '1', 'contado', NULL, '2016-11-08', NULL),
(347, 'MEGA "2" Ivoni Miranda Miranda', 'VILLAZON "MEGAS"', 'Cinthia Pusari', 'Hernando Gutierrez', '527', 'CANCELADO', '', '', '21', '9211146LP', '1', 'contado', NULL, '2016-11-18', NULL),
(348, 'MEGA "3" Elvis Miranda Miranda', 'MIRAFLORES "MEGAS"', 'Cinthia Pusari', 'Hernando Gutierrez', '406', 'CANCELADO', '', '', '22', '9211146LP', '1', 'contado', NULL, '2016-11-18', NULL),
(349, 'MEGA "4" Elvis Miranda Miranda', 'CAMACHO "MEGAS"', 'Cinthia Pusari', 'Hernando Gutierrez', '723', 'CANCELADO', '', '', '23', '9211146LP', '1', 'contado', NULL, '2016-11-18', NULL),
(350, 'MEGA "5" Miranda', 'UYUNI "MEGAS"', 'Cinthia Pusari', 'Hernando Gutierrez', '271', 'CANCELADO', '', '', '24', '9211146LP', '1', 'contado', NULL, '2016-11-18', NULL),
(351, 'Papaya Express ', 'PAPAYA EXPRESS', 'Cinthia Pusari', 'Hernando Gutierrez', '128', 'DEBE', '', '', '8', '9211146LP', '1', 'contado', NULL, '2016-11-18', NULL),
(352, 'MEGA "6" Elvis Miranda Miranda', '6 DE AGOSTO "MEGAS"', 'Cinthia Pusari', 'Hernando Gutierrez', '242', 'CANCELADO', '', '', '25', '9211146LP', '1', 'contado', NULL, '2016-11-18', NULL),
(353, 'MEGA "1" Menacho', 'COMERCIO "MEGAS"', 'Cinthia Pusari', 'Hernando Gutierrez', '245.7', 'CANCELADO', '', '', '20', '9211146LP', '1', 'contado', NULL, '2016-11-18', NULL),
(354, 'LOS PESCADITOS ', '', 'Cinthia Pusari', 'Hernando Gutierrez', '112', 'CANCELADO', '', '', '111', '9211146LP', '1', 'contado', NULL, '2016-11-18', NULL);
INSERT INTO `nota` (`id_nota`, `cliente`, `empresa`, `autorizado`, `vendedor`, `monto`, `baja`, `tc`, `deposito`, `id_cliente`, `id_usuario`, `id_empleado`, `forma_pago`, `nota_unica`, `fecha_creacion`, `observacion`) VALUES
(355, 'ANGELICA ', '', 'Cinthia Pusari', 'Julio Aranda', '452', 'CANCELADO', '', '', '63', '9211146LP', '6', 'contado', NULL, '2016-11-18', NULL),
(356, 'PEDRO LAURA', '', 'Cinthia Pusari', 'Julio Aranda', '450', 'CANCELADO', '', '', '71', '9211146LP', '6', 'contado', NULL, '2016-11-18', NULL),
(357, 'MARIA QUISBERT', '', 'Cinthia Pusari', 'Julio Aranda', '240', 'CANCELADO', '', '', '64', '9211146LP', '6', 'contado', NULL, '2016-11-18', NULL),
(358, 'JUANA PATZI', '', 'Cinthia Pusari', 'Julio Aranda', '320', 'CANCELADO', '', '', '65', '9211146LP', '6', 'contado', NULL, '2016-11-18', NULL),
(359, 'OSCAR ', '', 'Maria Copa', 'Julio Aranda', '205', 'CANCELADO', '', '', '137', '6058218LP', '6', 'contado', NULL, '2016-11-18', NULL),
(360, 'JAIME ', '', 'Maria Copa', 'Julio Aranda', '309', 'CANCELADO', '', '', '72', '6058218LP', '6', 'contado', NULL, '2016-11-18', NULL),
(361, 'JUANA QUISPE', '', 'Maria Copa', 'Julio Aranda', '125', 'DEBE', '', '', '147', '6058218LP', '6', 'contado', NULL, '2016-11-18', NULL),
(362, 'MARY ', '', 'Cinthia Pusari', 'Julio Aranda', '270', 'CANCELADO', '', '', '139', '9211146LP', '6', 'contado', NULL, '2016-11-18', NULL),
(363, 'LUISA TINTA', '', 'Cinthia Pusari', 'Julio Aranda', '320', 'CANCELADO', '', '', '140', '9211146LP', '6', 'contado', NULL, '2016-11-18', NULL),
(364, 'ALANOCA ', '', 'Rebeca Quispe', 'Diego Tarifa', '358', 'CANCELADO', '', '', '42', '6066719LP', '2', 'contado', NULL, '2016-11-18', NULL),
(365, 'TEODORA ', '', 'Cinthia Pusari', 'Julio Aranda', '120', 'CANCELADO', '', '', '86', '9211146LP', '6', 'contado', NULL, '2016-11-18', NULL),
(366, 'PASCUALA ', '', 'Rebeca Quispe', 'Julio Aranda', '0', 'CANCELADO', '', '', '85', '6066719LP', '6', 'contado', NULL, '2016-11-18', 'RETORNO'),
(367, 'PRIMITIVA ', '', 'Maria Copa', 'Julio Aranda', '205', 'CANCELADO', '', '', '138', '6058218LP', '6', 'contado', NULL, '2016-11-18', NULL),
(368, 'MARINA PAIRO', '', 'Rebeca Quispe', 'Julio Aranda', '0', 'CANCELADO', '', '', '73', '6066719LP', '6', 'contado', NULL, '2016-11-18', 'RETORNO'),
(369, 'CHAPACO ', '', 'Rebeca Quispe', 'Diego Tarifa', '235', 'CANCELADO', '', '', '41', '6066719LP', '2', 'contado', NULL, '2016-11-18', NULL),
(370, 'CLOTILDE ', '', 'Maria Copa', 'Julio Aranda', '125', 'CANCELADO', '', '', '159', '6058218LP', '6', 'contado', NULL, '2016-11-18', NULL),
(371, 'YOLANDA ', '', 'Maria Copa', 'Julio Aranda', '470', 'CANCELADO', '', '', '62', '6058218LP', '6', 'contado', NULL, '2016-11-18', NULL),
(372, 'VICKY CONDE', '', 'Maria Copa', 'Julio Aranda', '80', 'CANCELADO', '', '', '158', '6058218LP', '6', 'contado', NULL, '2016-11-18', NULL),
(373, 'JOSE LUIS CASAS', '', 'Maria Copa', 'Julio Aranda', '300', 'CANCELADO', '', '', '68', '6058218LP', '6', 'contado', NULL, '2016-11-18', NULL),
(374, 'GREGORIA ', '', 'Cinthia Pusari', 'Julio Aranda', '215', 'CANCELADO', '', '', '155', '9211146LP', '6', 'contado', NULL, '2016-11-18', NULL),
(375, 'FRANKLIN ', '', 'Maria Copa', 'Julio Aranda', '320', 'DEBE', '', '', '154', '6058218LP', '6', 'contado', NULL, '2016-11-18', NULL),
(376, 'LIDIA KENKO', '', 'Maria Copa', 'Julio Aranda', '420', 'CANCELADO', '', '', '242', '6058218LP', '6', 'contado', NULL, '2016-11-18', NULL),
(377, 'RUTH ', '', 'Rebeca Quispe', 'Julio Aranda', '395', 'DEBE', '', '', '148', '6066719LP', '6', 'contado', NULL, '2016-11-18', NULL),
(378, 'OSCAR ', '', 'Rebeca Quispe', 'Diego Tarifa', '250', 'CANCELADO', '', '', '126', '6066719LP', '2', 'contado', NULL, '2016-11-18', NULL),
(379, 'CHARITO ', '', 'Rebeca Quispe', 'Diego Tarifa', '230', 'CANCELADO', '', '', '43', '6066719LP', '2', 'contado', NULL, '2016-11-18', NULL),
(380, 'CELIA ', '', 'Rebeca Quispe', 'Diego Tarifa', '345', 'CANCELADO', '', '', '45', '6066719LP', '2', 'contado', NULL, '2016-11-18', NULL),
(381, 'PACOSILLO ', '', 'Rebeca Quispe', 'Diego Tarifa', '120', 'DEBE', '', '', '77', '6066719LP', '2', 'contado', NULL, '2016-11-18', NULL),
(382, 'JULIA ', '', 'Rebeca Quispe', 'Diego Tarifa', '250', 'CANCELADO', '', '', '44', '6066719LP', '2', 'contado', NULL, '2016-11-18', NULL),
(383, 'EMMA ', '', 'Rebeca Quispe', 'Diego Tarifa', '638', 'DEBE', '', '', '243', '6066719LP', '2', 'contado', NULL, '2016-11-18', NULL),
(384, 'GRACIELA ', '', 'Rebeca Quispe', 'Diego Tarifa', '242', 'CANCELADO', '', '', '189', '6066719LP', '2', 'contado', NULL, '2016-11-18', NULL),
(385, 'MARIA SALGUEDO', '', 'Rebeca Quispe', 'Diego Tarifa', '474', 'CANCELADO', '', '', '49', '6066719LP', '2', 'contado', NULL, '2016-11-18', NULL),
(386, 'NANCY ', '', 'Rebeca Quispe', 'Diego Tarifa', '173', 'CANCELADO', '', '', '78', '6066719LP', '2', 'contado', NULL, '2016-11-18', NULL),
(387, 'LEONOR ', '', 'Cinthia Pusari', 'Diego Tarifa', '120', 'CANCELADO', '', '', '46', '9211146LP', '2', 'contado', NULL, '2016-11-18', NULL),
(388, 'BETTY ', '', 'Rebeca Quispe', 'Diego Tarifa', '125', 'DEBE', '', '', '48', '6066719LP', '2', 'contado', NULL, '2016-11-18', NULL),
(389, 'RAQUEL ', '', 'Rebeca Quispe', 'Diego Tarifa', '353', 'CANCELADO', '', '', '183', '6066719LP', '2', 'contado', NULL, '2016-11-18', NULL),
(390, 'OMAR ', '', 'Rebeca Quispe', 'Diego Tarifa', '115', 'CANCELADO', '', '', '131', '6066719LP', '2', 'contado', NULL, '2016-11-18', NULL),
(391, 'LOURDES ', '', 'Rebeca Quispe', 'Diego Tarifa', '345', 'CANCELADO', '', '', '60', '6066719LP', '2', 'contado', NULL, '2016-11-18', NULL),
(392, 'DIONICIA ', '', 'Rebeca Quispe', 'Diego Tarifa', '104', 'CANCELADO', '', '', '52', '6066719LP', '2', 'contado', NULL, '2016-11-18', NULL),
(393, 'BERTHA ', '', 'Rebeca Quispe', 'Diego Tarifa', '78', 'CANCELADO', '', '', '170', '6066719LP', '2', 'contado', NULL, '2016-11-18', NULL),
(394, 'LA CABAÃ‘A  - 2 - SATELITE ', 'LA CABAÃ‘A', 'Rebeca Quispe', 'Hernando Gutierrez', '182', 'DEBE', '', '', '97', '6066719LP', '1', 'contado', NULL, '2016-11-18', NULL),
(395, 'LUCY ', '', 'Maria Copa', 'Diego Tarifa', '420', 'CANCELADO', '', '', '186', '6058218LP', '2', 'contado', NULL, '2016-11-19', NULL),
(396, 'MAGUI ', '', 'Maria Copa', 'Diego Tarifa', '75', 'CANCELADO', '', '', '244', '6058218LP', '2', 'contado', NULL, '2016-11-19', NULL),
(397, 'TACORA ', '', 'Maria Copa', 'Diego Tarifa', '69', 'CANCELADO', '', '', '245', '6058218LP', '2', 'contado', NULL, '2016-11-19', NULL),
(398, 'DELIA ', '', 'Maria Copa', 'Diego Tarifa', '75', 'CANCELADO', '', '', '191', '6058218LP', '2', 'contado', NULL, '2016-11-19', NULL),
(399, 'DOMINGA ', '', 'Maria Copa', 'Diego Tarifa', '110', 'CANCELADO', '', '', '127', '6058218LP', '2', 'contado', NULL, '2016-11-19', NULL),
(400, 'JUANA PATZI', '', 'Rebeca Quispe', 'Abad Mamani', '100', 'CANCELADO', '', '', '65', '6066719LP', '8', 'contado', NULL, '2016-11-21', NULL),
(401, 'CHAPACO ', '', 'Maria Copa', 'Diego Tarifa', '250', 'CANCELADO', '', '', '41', '6058218LP', '2', 'contado', NULL, '2016-11-19', NULL),
(402, 'LUCERO ', '', 'Maria Copa', 'Diego Tarifa', '120', 'CANCELADO', '', '', '117', '6058218LP', '2', 'contado', NULL, '2016-11-19', NULL),
(403, 'NESTOR ', '', 'Maria Copa', 'Diego Tarifa', '120', 'CANCELADO', '', '', '246', '6058218LP', '2', 'contado', NULL, '2016-11-19', NULL),
(404, 'JHONY ', '', 'Maria Copa', 'Diego Tarifa', '120', 'CANCELADO', '', '', '247', '6058218LP', '2', 'contado', NULL, '2016-11-19', NULL),
(405, 'DAYANA ', '', 'Cinthia Pusari', 'Diego Tarifa', '115', 'CANCELADO', '', '', '53', '9211146LP', '2', 'contado', NULL, '2016-11-19', NULL),
(406, 'BEATRIZ ', '', 'Maria Copa', 'Diego Tarifa', '75', 'CANCELADO', '', '', '184', '6058218LP', '2', 'contado', NULL, '2016-11-19', NULL),
(407, 'MARIA QUISPE', '', 'Maria Copa', 'Diego Tarifa', '125', 'CANCELADO', '', '', '79', '6058218LP', '2', 'contado', NULL, '2016-11-19', NULL),
(408, 'WILLY ', '', 'Maria Copa', 'Diego Tarifa', '240', 'CANCELADO', '', '', '172', '6058218LP', '2', 'contado', NULL, '2016-11-19', NULL),
(409, 'SUSANA ', '', 'Maria Copa', 'Diego Tarifa', '230', 'CANCELADO', '', '', '123', '6058218LP', '2', 'contado', NULL, '2016-11-19', NULL),
(410, 'GONZALO ', '', 'Cinthia Pusari', 'Diego Tarifa', '125', 'CANCELADO', '', '', '248', '9211146LP', '2', 'contado', NULL, '2016-11-19', NULL),
(411, 'ELIANA ', '', 'Maria Copa', 'Diego Tarifa', '734.5', 'DEBE', '', '', '249', '6058218LP', '2', 'contado', NULL, '2016-11-19', NULL),
(412, 'MARTHA ', '', 'Maria Copa', 'Diego Tarifa', '125', 'CANCELADO', '', '', '173', '6058218LP', '2', 'contado', NULL, '2016-11-19', NULL),
(413, 'DIONICIA ', '', 'Maria Copa', 'Diego Tarifa', '130', 'CANCELADO', '', '', '52', '6058218LP', '2', 'contado', NULL, '2016-11-19', NULL),
(414, 'MARINA ', '', 'Maria Copa', 'Diego Tarifa', '52', 'CANCELADO', '', '', '178', '6058218LP', '2', 'contado', NULL, '2016-11-19', NULL),
(415, 'DIEGO ', '', 'Cinthia Pusari', 'Diego Tarifa', '69', 'CANCELADO', '', '', '185', '9211146LP', '2', 'contado', NULL, '2016-11-19', NULL),
(416, 'CARMEN ASPI', '', 'Maria Copa', 'Diego Tarifa', '107.5', 'CANCELADO', '', '', '59', '6058218LP', '2', 'contado', NULL, '2016-11-19', NULL),
(417, 'EVA ', '', 'Rebeca Quispe', 'Diego Tarifa', '0', 'CANCELADO', '', '', '50', '6066719LP', '2', 'contado', NULL, '2016-11-19', 'RETORNO'),
(418, 'Vanesa ', '', 'Maria Copa', 'Hernando Gutierrez', '64', 'DEBE', '', '', '14', '6058218LP', '1', 'contado', NULL, '2016-11-19', NULL),
(419, 'MEGA "1" Menacho', 'COMERCIO "MEGAS"', 'Maria Copa', 'Hernando Gutierrez', '1871', 'CANCELADO', '', '', '20', '6058218LP', '1', 'contado', NULL, '2016-11-19', NULL),
(420, 'MEGA "1" Menacho', 'COMERCIO "MEGAS"', 'Maria Copa', 'Hernando Gutierrez', '135', 'CANCELADO', '', '', '20', '6058218LP', '1', 'contado', NULL, '2016-11-19', NULL),
(421, 'MEGA "5" Miranda', 'UYUNI "MEGAS"', 'Maria Copa', 'Hernando Gutierrez', '1042', 'CANCELADO', '', '', '24', '6058218LP', '1', 'contado', NULL, '2016-11-19', NULL),
(422, 'MEGA "6" Elvis Miranda Miranda', '6 DE AGOSTO "MEGAS"', 'Maria Copa', 'Hernando Gutierrez', '800', 'CANCELADO', '', '', '25', '6058218LP', '1', 'contado', NULL, '2016-11-19', NULL),
(423, 'MEGA "2" Ivoni Miranda Miranda', 'VILLAZON "MEGAS"', 'Maria Copa', 'Hernando Gutierrez', '998', 'CANCELADO', '', '', '21', '6058218LP', '1', 'contado', NULL, '2016-11-19', NULL),
(424, 'MEGA "3" Elvis Miranda Miranda', 'MIRAFLORES "MEGAS"', 'Maria Copa', 'Hernando Gutierrez', '1463', 'CANCELADO', '', '', '22', '6058218LP', '1', 'contado', NULL, '2016-11-19', NULL),
(425, 'MEGA "4" Elvis Miranda Miranda', 'CAMACHO "MEGAS"', 'Maria Copa', 'Hernando Gutierrez', '2128', 'CANCELADO', '', '', '23', '6058218LP', '1', 'contado', NULL, '2016-11-19', NULL),
(426, 'Papaya Express ', 'PAPAYA EXPRESS', 'Maria Copa', 'Hernando Gutierrez', '131', 'CANCELADO', '', '', '8', '6058218LP', '1', 'contado', NULL, '2016-11-19', NULL),
(427, 'ELENA ', '', 'Rebeca Quispe', 'Juan Apaza', '125', 'CANCELADO', '', '', '201', '6066719LP', '5', 'contado', NULL, '2016-11-18', NULL),
(428, 'HUGO FERNANDEZ', '', 'Rebeca Quispe', 'Juan Apaza', '30', 'CANCELADO', '', '', '250', '6066719LP', '5', 'contado', NULL, '2016-11-18', NULL),
(429, 'VICKY CHUI', '', 'Rebeca Quispe', 'Juan Apaza', '88', 'CANCELADO', '', '', '202', '6066719LP', '5', 'contado', NULL, '2016-11-18', NULL),
(430, 'VICKY CHUI', '', 'Rebeca Quispe', 'Juan Apaza', '28', 'CANCELADO', '', '', '202', '6066719LP', '5', 'contado', NULL, '2016-11-18', NULL),
(431, 'LUIS LIMACHI', '', 'Rebeca Quispe', 'Juan Apaza', '330', 'CANCELADO', '', '', '207', '6066719LP', '5', 'contado', NULL, '2016-11-18', NULL),
(432, 'NEYMAR ', '', 'Rebeca Quispe', 'Juan Apaza', '125', 'CANCELADO', '', '', '208', '6066719LP', '5', 'contado', NULL, '2016-11-18', NULL),
(433, 'NEYMAR ', '', 'Rebeca Quispe', 'Juan Apaza', '405', 'DEBE', '', '', '208', '6066719LP', '5', 'contado', NULL, '2016-11-18', NULL),
(434, 'YHENY ', '', 'Rebeca Quispe', 'Juan Apaza', '125', 'CANCELADO', '', '', '211', '6066719LP', '5', 'contado', NULL, '2016-11-18', NULL),
(435, 'BRIYIT ', '', 'Rebeca Quispe', 'Juan Apaza', '125', 'CANCELADO', '', '', '251', '6066719LP', '5', 'contado', NULL, '2016-11-18', NULL),
(436, 'BEATRIZ ', '', 'Rebeca Quispe', 'Juan Apaza', '125', 'CANCELADO', '', '', '212', '6066719LP', '5', 'contado', NULL, '2016-11-18', NULL),
(437, 'GREGORIA ', '', 'Rebeca Quispe', 'Juan Apaza', '275.5', 'CANCELADO', '', '', '252', '6066719LP', '5', 'contado', NULL, '2016-11-18', NULL),
(438, 'TEODORA ', '', 'Rebeca Quispe', 'Juan Apaza', '455', 'DEBE', '', '', '253', '6066719LP', '5', 'contado', NULL, '2016-11-18', NULL),
(439, 'ROSA MARCA', '', 'Rebeca Quispe', 'Juan Apaza', '410', 'CANCELADO', '', '', '226', '6066719LP', '5', 'contado', NULL, '2016-11-18', NULL),
(440, 'CAMILA ', '', 'Rebeca Quispe', 'Juan Apaza', '190', 'CANCELADO', '', '', '254', '6066719LP', '5', 'contado', NULL, '2016-11-18', NULL),
(441, 'NELLY ', '', 'Rebeca Quispe', 'Juan Apaza', '125', 'CANCELADO', '', '', '216', '6066719LP', '5', 'contado', NULL, '2016-11-18', NULL),
(442, 'NANCY ', '', 'Rebeca Quispe', 'Juan Apaza', '125', 'CANCELADO', '', '', '255', '6066719LP', '5', 'contado', NULL, '2016-11-18', NULL),
(443, 'FLORA ', '', 'Rebeca Quispe', 'Juan Apaza', '125', 'CANCELADO', '', '', '215', '6066719LP', '5', 'contado', NULL, '2016-11-18', NULL),
(444, 'VERONICA APAZA', '', 'Rebeca Quispe', 'Juan Apaza', '503', 'CANCELADO', '', '', '28', '6066719LP', '5', 'contado', NULL, '2016-11-18', NULL),
(445, 'MAXIMA ', '', 'Rebeca Quispe', 'Juan Apaza', '160', 'CANCELADO', '', '', '38', '6066719LP', '5', 'contado', NULL, '2016-11-18', NULL),
(446, 'GONZALO ', '', 'Cinthia Pusari', 'Juan Apaza', '0', 'CANCELADO', '', '', '210', '9211146LP', '5', 'contado', NULL, '2016-11-18', NULL),
(447, 'MEGA "1" Menacho', 'COMERCIO "MEGAS"', 'Cinthia Pusari', 'Hernando Gutierrez', '420', 'CANCELADO', '', '', '20', '9211146LP', '1', 'contado', NULL, '2016-11-21', NULL),
(448, 'MEGA "3" Elvis Miranda Miranda', 'MIRAFLORES "MEGAS"', 'Cinthia Pusari', 'Hernando Gutierrez', '240', 'CANCELADO', '', '', '22', '9211146LP', '1', 'contado', NULL, '2016-11-21', NULL),
(449, 'MEGA "4" Elvis Miranda Miranda', 'CAMACHO "MEGAS"', 'Cinthia Pusari', 'Hernando Gutierrez', '180', 'CANCELADO', '', '', '23', '9211146LP', '1', 'contado', NULL, '2016-11-21', NULL),
(450, 'MEGA "5" Miranda', 'UYUNI "MEGAS"', 'Cinthia Pusari', 'Hernando Gutierrez', '420', 'CANCELADO', '', '', '24', '9211146LP', '1', 'contado', NULL, '2016-11-21', NULL),
(451, 'MEGA "6" Elvis Miranda Miranda', '6 DE AGOSTO "MEGAS"', 'Cinthia Pusari', 'Hernando Gutierrez', '254', 'CANCELADO', '', '', '25', '9211146LP', '1', 'contado', NULL, '2016-11-21', NULL),
(452, 'NIEVEZ ', '', 'Rebeca Quispe', 'Juan Apaza', '169', 'DEBE', '', '', '40', '6066719LP', '5', 'contado', NULL, '2016-11-19', NULL),
(453, 'MARIANELA ', '', 'Cinthia Pusari', 'Juan Apaza', '72', 'CANCELADO', '', '', '37', '9211146LP', '5', 'contado', NULL, '2016-11-19', NULL),
(454, 'VICTORIA ', '', 'Rebeca Quispe', 'Juan Apaza', '125', 'CANCELADO', '', '', '27', '6066719LP', '5', 'contado', NULL, '2016-11-19', NULL),
(455, 'TOMASA ', '', 'Rebeca Quispe', 'Juan Apaza', '328', 'CANCELADO', '', '', '32', '6066719LP', '5', 'contado', NULL, '2016-11-19', NULL),
(456, 'CARMEN MOLLO', '', 'Rebeca Quispe', 'Juan Apaza', '125', 'CANCELADO', '', '', '222', '6066719LP', '5', 'contado', NULL, '2016-11-19', NULL),
(457, 'ALICIA APAZA', '', 'Rebeca Quispe', 'Juan Apaza', '125', 'CANCELADO', '', '', '256', '6066719LP', '5', 'contado', NULL, '2016-11-19', NULL),
(458, 'LUIS MAMANI', '', 'Rebeca Quispe', 'Juan Apaza', '125', 'CANCELADO', '', '', '30', '6066719LP', '5', 'contado', NULL, '2016-11-19', NULL),
(459, 'LUCY ', '', 'Rebeca Quispe', 'Juan Apaza', '232.5', 'DEBE', '', '', '257', '6066719LP', '5', 'contado', NULL, '2016-11-19', NULL),
(460, 'YHENY ', '', 'Cinthia Pusari', 'Juan Apaza', '897', 'CANCELADO', '', '', '211', '9211146LP', '5', 'contado', NULL, '2016-11-19', NULL),
(461, 'ZENOVIA ', '', 'Rebeca Quispe', 'Juan Apaza', '72', 'CANCELADO', '', '', '238', '6066719LP', '5', 'contado', NULL, '2016-11-19', NULL),
(462, 'SALOME ', '', 'Rebeca Quispe', 'Juan Apaza', '260', 'CANCELADO', '', '', '229', '6066719LP', '5', 'contado', NULL, '2016-11-19', NULL),
(463, 'ROSA VARGAS', '', 'Rebeca Quispe', 'Juan Apaza', '125', 'CANCELADO', '', '', '39', '6066719LP', '5', 'contado', NULL, '2016-11-19', NULL),
(464, 'ANTONIA ', '', 'Rebeca Quispe', 'Juan Apaza', '622.5', 'DEBE', '', '', '258', '6066719LP', '5', 'contado', NULL, '2016-11-19', NULL),
(465, 'VERONICA ACARAPI', '', 'Rebeca Quispe', 'Juan Apaza', '250', 'CANCELADO', '', '', '259', '6066719LP', '5', 'contado', NULL, '2016-11-19', NULL),
(466, 'MAYDANA ', '', 'Rebeca Quispe', 'Juan Apaza', '110', 'CANCELADO', '', '', '232', '6066719LP', '5', 'contado', NULL, '2016-11-19', NULL),
(467, 'CONCEPCCION ', '', 'Rebeca Quispe', 'Juan Apaza', '230', 'CANCELADO', '', '', '29', '6066719LP', '5', 'contado', NULL, '2016-11-19', NULL),
(468, 'COMA Y PUNTO ', 'COMA Y PUNTO', 'Cinthia Pusari', 'Hernando Gutierrez', '147', 'DEBE', '', '', '17', '9211146LP', '1', 'contado', NULL, '2016-11-21', NULL),
(469, 'VALBINA ', '', 'Rebeca Quispe', 'Abad Mamani', '69', 'CANCELADO', '', '', '260', '6066719LP', '8', 'contado', NULL, '2016-11-21', NULL),
(470, 'MEGA "1" Menacho', 'COMERCIO "MEGAS"', 'Cinthia Pusari', 'Hernando Gutierrez', '559', 'CANCELADO', '', '', '20', '9211146LP', '1', 'contado', NULL, '2016-11-22', NULL),
(471, 'MEGA "2" Ivoni Miranda Miranda', 'VILLAZON "MEGAS"', 'Cinthia Pusari', 'Hernando Gutierrez', '210', 'CANCELADO', '', '', '21', '9211146LP', '1', 'contado', NULL, '2016-11-22', NULL),
(472, 'MEGA "3" Elvis Miranda Miranda', 'MIRAFLORES "MEGAS"', 'Cinthia Pusari', 'Hernando Gutierrez', '344', 'CANCELADO', '', '', '22', '9211146LP', '1', 'contado', NULL, '2016-11-22', NULL),
(473, 'MEGA "4" Elvis Miranda Miranda', 'CAMACHO "MEGAS"', 'Cinthia Pusari', 'Hernando Gutierrez', '720', 'CANCELADO', '', '', '23', '9211146LP', '1', 'contado', NULL, '2016-11-22', NULL),
(474, 'MEGA "5" Miranda', 'UYUNI "MEGAS"', 'Cinthia Pusari', 'Hernando Gutierrez', '270', 'CANCELADO', '', '', '24', '9211146LP', '1', 'contado', NULL, '2016-11-22', NULL),
(475, 'PIZZA SEGUIOS ', '', 'Cinthia Pusari', 'Hernando Gutierrez', '136', 'DEBE', '', '', '7', '9211146LP', '1', 'contado', NULL, '2016-11-22', NULL),
(476, 'REYNA ', '', 'Rebeca Quispe', 'Abad Mamani', '120', 'CANCELADO', '', '', '261', '6066719LP', '8', 'contado', NULL, '2016-11-21', NULL),
(477, 'CHAPACO ', '', 'Cinthia Pusari', 'Diego Tarifa', '301', 'CANCELADO', '', '', '41', '9211146LP', '2', 'contado', NULL, '2016-11-22', NULL),
(478, 'ELENA ', '', 'Rebeca Quispe', 'Abad Mamani', '64', 'CANCELADO', '', '', '67', '6066719LP', '8', 'contado', NULL, '2016-11-21', NULL),
(479, 'OSCAR ', '', 'Cinthia Pusari', 'Diego Tarifa', '250', 'CANCELADO', '', '', '126', '9211146LP', '2', 'contado', NULL, '2016-11-22', NULL),
(480, 'CHARITO ', '', 'Cinthia Pusari', 'Diego Tarifa', '230', 'CANCELADO', '', '', '43', '9211146LP', '2', 'contado', NULL, '2016-11-22', NULL),
(481, 'CELIA ', '', 'Cinthia Pusari', 'Diego Tarifa', '345', 'CANCELADO', '', '', '45', '9211146LP', '2', 'contado', NULL, '2016-11-22', NULL),
(482, 'ALEJANDRA ', '', 'Rebeca Quispe', 'Abad Mamani', '125', 'CANCELADO', '', '', '177', '6066719LP', '8', 'contado', NULL, '2016-11-21', NULL),
(483, 'MARCELA ', '', 'Cinthia Pusari', 'Diego Tarifa', '125', 'CANCELADO', '', '', '47', '9211146LP', '2', 'contado', NULL, '2016-11-22', NULL),
(484, 'AMERICA ', '', 'Cinthia Pusari', 'Diego Tarifa', '795', 'CANCELADO', '', '', '80', '9211146LP', '2', 'contado', NULL, '2016-11-22', NULL),
(485, 'NANCY ', '', 'Cinthia Pusari', 'Diego Tarifa', '125', 'CANCELADO', '', '', '78', '9211146LP', '2', 'contado', NULL, '2016-11-22', NULL),
(486, 'LEONOR ', '', 'Cinthia Pusari', 'Diego Tarifa', '177', 'DEBE', '', '', '46', '9211146LP', '2', 'contado', NULL, '2016-11-22', NULL),
(487, 'GUSTAVO ', '', 'Cinthia Pusari', 'Diego Tarifa', '230', 'CANCELADO', '', '', '54', '9211146LP', '2', 'contado', NULL, '2016-11-22', NULL),
(488, 'DIONICIA ', '', 'Cinthia Pusari', 'Diego Tarifa', '78', 'CANCELADO', '', '', '52', '9211146LP', '2', 'contado', NULL, '2016-11-22', NULL),
(489, 'ESPERANZA ', '', 'Cinthia Pusari', 'Diego Tarifa', '302', 'CANCELADO', '', '', '118', '9211146LP', '2', 'contado', NULL, '2016-11-22', NULL),
(490, 'ROSARIO ', '', 'Cinthia Pusari', 'Diego Tarifa', '240', 'CANCELADO', '', '', '119', '9211146LP', '2', 'contado', NULL, '2016-11-22', NULL),
(491, 'JULIA ', '', 'Cinthia Pusari', 'Diego Tarifa', '250', 'CANCELADO', '', '', '44', '9211146LP', '2', 'contado', NULL, '2016-11-22', NULL),
(492, 'MEGA "6" Elvis Miranda Miranda', '6 DE AGOSTO "MEGAS"', 'Juan Callisaya', 'Hernando Gutierrez', '182', 'CANCELADO', '', '', '25', '6897356LP', '1', 'contado', NULL, '2016-11-22', NULL),
(493, 'MEGA "1" Menacho', 'COMERCIO "MEGAS"', 'Juan Callisaya', 'Hernando Gutierrez', '135', 'DEBE', '', '', '20', '6897356LP', '1', 'contado', NULL, '2016-11-22', NULL),
(494, 'Papaya Express ', 'PAPAYA EXPRESS', 'Juan Callisaya', 'Hernando Gutierrez', '131', 'DEBE', '', '', '8', '6897356LP', '1', 'contado', NULL, '2016-11-22', NULL),
(495, 'MARIA POMA', '', 'Rebeca Quispe', 'ABAD MAMANI', '125', 'CANCELADO', '', '', '175', '6066719LP', '8', 'contado', NULL, '2016-11-19', NULL),
(496, 'AYDA ', '', 'Rebeca Quispe', 'Abad Mamani', '75', 'CANCELADO', '', '', '262', '6066719LP', '8', 'contado', NULL, '2016-11-21', NULL),
(497, 'CELIA ', '', 'Rebeca Quispe', 'Abad Mamani', '66', 'CANCELADO', '', '', '263', '6066719LP', '8', 'contado', NULL, '2016-11-21', NULL),
(498, 'OLGA ', '', 'Rebeca Quispe', 'Abad Mamani', '125', 'CANCELADO', '', '', '174', '6066719LP', '8', 'contado', NULL, '2016-11-19', NULL),
(499, 'MARINA PAIRO', '', 'Rebeca Quispe', 'Abad Mamani', '177', 'CANCELADO', '', '', '73', '6066719LP', '8', 'contado', NULL, '2016-11-21', NULL),
(500, 'MARIA MAMANI', '', 'Rebeca Quispe', 'Abad Mamani', '72', 'CANCELADO', '', '', '264', '6066719LP', '8', 'contado', NULL, '2016-11-21', NULL),
(501, 'NANCY CABRERA', '', 'Rebeca Quispe', 'Abad Mamani', '66', 'CANCELADO', '', '', '265', '6066719LP', '8', 'contado', NULL, '2016-11-21', NULL),
(502, 'CEFERINA QUISPE', '', 'Rebeca Quispe', 'Abad Mamani', '72', 'CANCELADO', '', '', '266', '6066719LP', '8', 'contado', NULL, '2016-11-21', NULL),
(503, 'GLADIS ', '', 'Rebeca Quispe', 'Abad Mamani', '72', 'CANCELADO', '', '', '267', '6066719LP', '8', 'contado', NULL, '2016-11-21', NULL),
(504, 'SILVIA ', '', 'Rebeca Quispe', 'Abad Mamani', '125', 'CANCELADO', '', '', '179', '6066719LP', '8', 'contado', NULL, '2016-11-21', NULL),
(505, 'HILDA CONDORI', '', 'Rebeca Quispe', 'Abad Mamani', '110', 'CANCELADO', '', '', '89', '6066719LP', '8', 'contado', NULL, '2016-11-21', NULL),
(506, 'NANCY ', '', 'Rebeca Quispe', 'Abad Mamani', '110', 'CANCELADO', '', '', '157', '6066719LP', '8', 'contado', NULL, '2016-11-21', NULL),
(507, 'MARIA QUISBERT', '', 'Rebeca Quispe', 'Abad Mamani', '125', 'CANCELADO', '', '', '64', '6066719LP', '8', 'contado', NULL, '2016-11-21', NULL),
(508, 'EUSEBIA ', '', 'Rebeca Quispe', 'Abad Mamani', '72', 'CANCELADO', '', '', '268', '6066719LP', '8', 'contado', NULL, '2016-11-21', NULL),
(509, 'ROSA ', '', 'Rebeca Quispe', 'Abad Mamani', '125', 'CANCELADO', '', '', '269', '6066719LP', '8', 'contado', NULL, '2016-11-19', NULL),
(510, 'FLORA ELENA', '', 'Rebeca Quispe', 'Abad Mamani', '240', 'CANCELADO', '', '', '270', '6066719LP', '8', 'contado', NULL, '2016-11-19', NULL),
(511, 'JOSE LUIS CASAS', '', 'Rebeca Quispe', 'Abad Mamani', '240', 'CANCELADO', '', '', '68', '6066719LP', '8', 'contado', NULL, '2016-11-19', NULL),
(512, 'ANASTACIA ', '', 'Rebeca Quispe', 'Abad Mamani', '230', 'CANCELADO', '', '', '69', '6066719LP', '8', 'contado', NULL, '2016-11-19', NULL),
(513, 'VICKY ', '', 'Rebeca Quispe', 'Abad Mamani', '110', 'CANCELADO', '', '', '271', '6066719LP', '8', 'contado', NULL, '2016-11-19', NULL),
(514, 'LIDIA ILLANES', '', 'Rebeca Quispe', 'Abad Mamani', '125', 'CANCELADO', '', '', '145', '6066719LP', '8', 'contado', NULL, '2016-11-19', NULL),
(515, 'PRIMITIVA ', '', 'Rebeca Quispe', 'Abad Mamani', '125', 'CANCELADO', '', '', '138', '6066719LP', '8', 'contado', NULL, '2016-11-19', NULL),
(516, 'CELESTINA ', '', 'Rebeca Quispe', 'Abad Mamani', '120', 'CANCELADO', '', '', '272', '6066719LP', '8', 'contado', NULL, '2016-11-19', NULL),
(517, 'JAIME ', '', 'Rebeca Quispe', 'Abad Mamani', '125', 'CANCELADO', '', '', '72', '6066719LP', '8', 'contado', NULL, '2016-11-19', NULL),
(518, 'DELIA ', '', 'Rebeca Quispe', 'Abad Mamani', '125', 'CANCELADO', '', '', '273', '6066719LP', '8', 'contado', NULL, '2016-11-19', NULL),
(519, 'COSME ', '', 'Rebeca Quispe', 'Abad Mamani', '460', 'CANCELADO', '', '', '143', '6066719LP', '8', 'contado', NULL, '2016-11-19', NULL),
(520, 'ERWIN ', '', 'Rebeca Quispe', 'Abad Mamani', '125', 'CANCELADO', '', '', '274', '6066719LP', '8', 'contado', NULL, '2016-11-19', NULL),
(521, 'Maria Calderon', 'MAIN COFFEE', 'Cinthia Pusari', 'Hernando Gutierrez', '147', 'DEBE', '', '', '4', '9211146LP', '1', 'contado', NULL, '2016-11-22', NULL),
(522, 'CRISTIAN CASTRO', 'IMPUESTOS NACIONALES', 'Cinthia Pusari', 'Hernando Gutierrez', '83.7', 'DEBE', '', '', '169', '9211146LP', '1', 'contado', NULL, '2016-11-22', NULL),
(523, 'JULIO ', '', 'Cinthia Pusari', 'Julio Aranda', '360', 'CANCELADO', '', '', '275', '9211146LP', '6', 'contado', NULL, '2016-11-18', NULL),
(524, 'LIDIA KENKO', '', 'Rebeca Quispe', 'Abad Mamani', '420', 'CANCELADO', '', '', '242', '6066719LP', '8', 'contado', NULL, '2016-11-22', NULL),
(525, 'MEGA "1" Menacho', 'COMERCIO "MEGAS"', 'Maria Copa', 'Hernando Gutierrez', '538', 'CANCELADO', '', '', '20', '6058218LP', '1', 'contado', NULL, '2016-11-23', NULL),
(526, 'SONIA ', '', 'Rebeca Quispe', 'Juan Apaza', '69', 'CANCELADO', '', '', '192', '6066719LP', '5', 'contado', NULL, '2016-11-21', NULL),
(527, 'MEGA "2" Ivoni Miranda Miranda', 'VILLAZON "MEGAS"', 'Maria Copa', 'Hernando Gutierrez', '254', 'CANCELADO', '', '', '21', '6058218LP', '1', 'contado', NULL, '2016-11-23', NULL),
(528, 'MEGA "3" Elvis Miranda Miranda', 'MIRAFLORES "MEGAS"', 'Maria Copa', 'Hernando Gutierrez', '271', 'CANCELADO', '', '', '22', '6058218LP', '1', 'contado', NULL, '2016-11-23', NULL),
(529, 'FRIAL SHADAI', '', 'Rebeca Quispe', 'Juan Apaza', '69', 'CANCELADO', '', '', '277', '6066719LP', '5', 'contado', NULL, '2016-11-21', NULL),
(530, 'MEGA "4" Elvis Miranda Miranda', 'CAMACHO "MEGAS"', 'Maria Copa', 'Hernando Gutierrez', '888', 'CANCELADO', '', '', '23', '6058218LP', '1', 'contado', NULL, '2016-11-23', NULL),
(531, 'MEGA "5" Miranda', 'UYUNI "MEGAS"', 'Maria Copa', 'Hernando Gutierrez', '438', 'CANCELADO', '', '', '24', '6058218LP', '1', 'contado', NULL, '2016-11-23', NULL),
(532, 'MEGA "6" Elvis Miranda Miranda', '6 DE AGOSTO "MEGAS"', 'Maria Copa', 'Hernando Gutierrez', '331', 'CANCELADO', '', '', '25', '6058218LP', '1', 'credito', NULL, '2016-11-23', NULL),
(533, 'MEGA "1" Menacho', 'COMERCIO "MEGAS"', 'Maria Copa', 'Hernando Gutierrez', '253.8', 'DEBE', '', '', '20', '6058218LP', '1', 'contado', NULL, '2016-11-23', NULL),
(534, 'EVA ', '', 'Maria Copa', 'Diego Tarifa', '240', 'CANCELADO', '', '', '50', '6058218LP', '2', 'contado', NULL, '2016-11-23', NULL),
(535, 'YENNI YAPU', '', 'Maria Copa', 'Diego Tarifa', '120', 'CANCELADO', '', '', '58', '6058218LP', '2', 'contado', NULL, '2016-11-23', NULL),
(536, 'ROSARIO QUISPE', '', 'Rebeca Quispe', 'Juan Apaza', '69', 'CANCELADO', '', '', '278', '6066719LP', '5', 'contado', NULL, '2016-11-21', NULL),
(537, 'REYNALDO ', '', 'Rebeca Quispe', 'Juan Apaza', '183', 'CANCELADO', '', '', '193', '6066719LP', '5', 'contado', NULL, '2016-11-21', NULL),
(538, 'SHIRLEY ', '', 'Maria Copa', 'Diego Tarifa', '125', 'CANCELADO', '', '', '276', '6058218LP', '2', 'contado', NULL, '2016-11-23', NULL),
(539, 'ROSA LINDA', '', 'Maria Copa', 'Diego Tarifa', '230', 'CANCELADO', '', '', '130', '6058218LP', '2', 'contado', NULL, '2016-11-23', NULL),
(540, 'WILLY ', '', 'Maria Copa', 'Diego Tarifa', '120', 'CANCELADO', '', '', '172', '6058218LP', '2', 'contado', NULL, '2016-11-23', NULL),
(541, 'GRACIELA ', '', 'Maria Copa', 'Diego Tarifa', '69', 'CANCELADO', '', '', '189', '6058218LP', '2', 'contado', NULL, '2016-11-23', NULL),
(542, 'DAYANA ', '', 'Cinthia Pusari', 'Diego Tarifa', '102', 'CANCELADO', '', '', '53', '9211146LP', '2', 'contado', NULL, '2016-11-23', NULL),
(543, 'LUCY ', '', 'Cinthia Pusari', 'Diego Tarifa', '315', 'CANCELADO', '', '', '186', '9211146LP', '2', 'contado', NULL, '2016-11-23', NULL),
(544, 'YOLA TARQUI ', '', 'Maria Copa', 'Diego Tarifa', '220', 'DEBE', '', '', '124', '6058218LP', '2', 'contado', NULL, '2016-11-23', NULL),
(545, 'MARINA ', '', 'Cinthia Pusari', 'Diego Tarifa', '167', 'CANCELADO', '', '', '178', '9211146LP', '2', 'contado', NULL, '2016-11-23', NULL),
(546, 'SUSANA ', '', 'Maria Copa', 'Diego Tarifa', '125', 'CANCELADO', '', '', '123', '6058218LP', '2', 'contado', NULL, '2016-11-23', NULL),
(547, 'DIONICIA ', '', 'Maria Copa', 'Diego Tarifa', '78', 'CANCELADO', '', '', '52', '6058218LP', '2', 'contado', NULL, '2016-11-23', NULL),
(548, 'MECHE ', '', 'Maria Copa', 'Diego Tarifa', '115', 'CANCELADO', '', '', '132', '6058218LP', '2', 'contado', NULL, '2016-11-23', NULL),
(549, 'VERONICA QUINO', '', 'Maria Copa', 'Diego Tarifa', '115', 'CANCELADO', '', '', '121', '6058218LP', '2', 'contado', NULL, '2016-11-23', NULL),
(550, 'MARIA QUISPE', '', 'Maria Copa', 'Diego Tarifa', '125', 'DEBE', '', '', '79', '6058218LP', '2', 'contado', NULL, '2016-11-23', NULL),
(551, 'ROSA ', '', 'Maria Copa', 'Diego Tarifa', '52', 'CANCELADO', '', '', '187', '6058218LP', '2', 'contado', NULL, '2016-11-23', NULL),
(552, 'ADELA GUTIERREZ', '', 'Rebeca Quispe', 'Juan Apaza', '69', 'CANCELADO', '', '', '280', '6066719LP', '5', 'contado', NULL, '2016-11-21', NULL),
(553, 'MARINA QUISPE', '', 'Maria Copa', 'Diego Tarifa', '250', 'CANCELADO', '', '', '279', '6058218LP', '2', 'contado', NULL, '2016-11-23', NULL),
(554, 'Vanesa ', '', 'Maria Copa', 'Hernando Gutierrez', '93', 'DEBE', '', '', '14', '6058218LP', '1', 'contado', NULL, '2016-11-23', NULL),
(555, 'BEATRIZ MAMANI', '', 'Rebeca Quispe', 'Juan Apaza', '120', 'CANCELADO', '', '', '35', '6066719LP', '5', 'contado', NULL, '2016-11-21', NULL),
(556, 'LOS PESCADITOS ', '', 'Maria Copa', 'Hernando Gutierrez', '112', 'DEBE', '', '', '111', '6058218LP', '1', 'contado', NULL, '2016-11-23', NULL),
(557, 'Maria Calderon', 'MAIN COFFEE', 'Maria Copa', 'Hernando Gutierrez', '147', 'DEBE', '', '', '4', '6058218LP', '1', 'contado', NULL, '2016-11-23', NULL),
(558, 'CANDELARIA ', '', 'Rebeca Quispe', 'Juan Apaza', '69', 'CANCELADO', '', '', '237', '6066719LP', '5', 'contado', NULL, '2016-11-21', NULL),
(559, 'JULIA LLIPE', '', 'Rebeca Quispe', 'Juan Apaza', '115', 'CANCELADO', '', '', '36', '6066719LP', '5', 'contado', NULL, '2016-11-21', NULL),
(560, 'JULIA ', '', 'Rebeca Quispe', 'Juan Apaza', '69', 'CANCELADO', '', '', '197', '6066719LP', '5', 'contado', NULL, '2016-11-21', NULL),
(561, 'VICTORIA ', '', 'Rebeca Quispe', 'Juan Apaza', '69', 'CANCELADO', '', '', '27', '6066719LP', '5', 'contado', NULL, '2016-11-21', NULL),
(562, 'MAITE ', '', 'Rebeca Quispe', 'Juan Apaza', '69', 'CANCELADO', '', '', '281', '6066719LP', '5', 'contado', NULL, '2016-11-21', NULL),
(563, 'ALICIA PATTY', '', 'Rebeca Quispe', 'Juan Apaza', '115', 'CANCELADO', '', '', '195', '6066719LP', '5', 'contado', NULL, '2016-11-21', NULL),
(564, 'SANDRA BLACUT', '', 'Rebeca Quispe', 'Juan Apaza', '115', 'CANCELADO', '', '', '196', '6066719LP', '5', 'contado', NULL, '2016-11-21', NULL),
(565, 'ANGELICA ', '', 'Rebeca Quispe', 'Abad Mamani', '447.5', 'CANCELADO', '', '', '63', '6066719LP', '8', 'contado', NULL, '2016-11-22', NULL),
(566, 'JUANA PATZI', '', 'Rebeca Quispe', 'Abad Mamani', '301', 'CANCELADO', '', '', '65', '6066719LP', '8', 'contado', NULL, '2016-11-22', NULL),
(567, 'OSCAR ', '', 'Rebeca Quispe', 'Abad Mamani', '125', 'CANCELADO', '', '', '137', '6066719LP', '8', 'contado', NULL, '2016-11-22', NULL),
(568, 'MAIDSA ', '', 'Rebeca Quispe', 'Abad Mamani', '125', 'CANCELADO', '', '', '283', '6066719LP', '8', 'contado', NULL, '2016-11-22', NULL),
(569, 'FLORA QUIÃ‘ONES', '', 'Rebeca Quispe', 'Abad Mamani', '120', 'CANCELADO', '', '', '76', '6066719LP', '8', 'contado', NULL, '2016-11-22', NULL),
(570, 'JULIA NINA', '', 'Rebeca Quispe', 'Abad Mamani', '240', 'CANCELADO', '', '', '146', '6066719LP', '8', 'contado', NULL, '2016-11-22', NULL),
(571, 'PEDRO LAURA', '', 'Rebeca Quispe', 'Abad Mamani', '370', 'CANCELADO', '', '', '71', '6066719LP', '8', 'contado', NULL, '2016-11-22', NULL),
(572, 'PENSION ', '', 'Rebeca Quispe', 'Abad Mamani', '125', 'CANCELADO', '', '', '284', '6066719LP', '8', 'contado', NULL, '2016-11-22', NULL),
(573, 'MARY ', '', 'Rebeca Quispe', 'Abad Mamani', '120', 'CANCELADO', '', '', '139', '6066719LP', '8', 'contado', NULL, '2016-11-22', NULL),
(574, 'LUISA TINTA', '', 'Rebeca Quispe', 'Abad Mamani', '120', 'CANCELADO', '', '', '140', '6066719LP', '8', 'contado', NULL, '2016-11-22', NULL),
(575, 'RUTH ', '', 'Rebeca Quispe', 'Abad Mamani', '305', 'CANCELADO', '', '', '148', '6066719LP', '8', 'contado', NULL, '2016-11-22', NULL),
(576, 'TEODORA ', '', 'Rebeca Quispe', 'Abad Mamani', '120', 'CANCELADO', '', '', '86', '6066719LP', '8', 'contado', NULL, '2016-11-22', NULL),
(577, 'PASCUALA ', '', 'Rebeca Quispe', 'Abad Mamani', '125', 'CANCELADO', '', '', '85', '6066719LP', '8', 'contado', NULL, '2016-11-22', NULL),
(578, 'COSME ', '', 'Rebeca Quispe', 'Abad Mamani', '125', 'CANCELADO', '', '', '143', '6066719LP', '8', 'contado', NULL, '2016-11-22', NULL),
(579, 'ADELA ', '', 'Rebeca Quispe', 'Abad Mamani', '125', 'CANCELADO', '', '', '142', '6066719LP', '8', 'contado', NULL, '2016-11-22', NULL),
(580, 'MARINA LOPEZ', '', 'Rebeca Quispe', 'Abad Mamani', '240', 'CANCELADO', '', '', '75', '6066719LP', '8', 'contado', NULL, '2016-11-22', NULL),
(581, 'DAYANA ', '', 'Rebeca Quispe', 'Abad Mamani', '125', 'CANCELADO', '', '', '82', '6066719LP', '8', 'contado', NULL, '2016-11-22', NULL),
(582, 'YHENY ', '', 'Rebeca Quispe', 'Juan Apaza', '125', 'CANCELADO', '', '', '211', '6066719LP', '5', 'contado', NULL, '2016-11-22', NULL),
(583, 'BEATRIZ ', '', 'Rebeca Quispe', 'Juan Apaza', '125', 'CANCELADO', '', '', '212', '6066719LP', '5', 'contado', NULL, '2016-11-22', NULL),
(584, 'ROSE MARY', '', 'Rebeca Quispe', 'Juan Apaza', '120', 'CANCELADO', '', '', '227', '6066719LP', '5', 'contado', NULL, '2016-11-22', NULL),
(585, 'ROSA MARCA', '', 'Rebeca Quispe', 'Juan Apaza', '250', 'CANCELADO', '', '', '226', '6066719LP', '5', 'contado', NULL, '2016-11-22', NULL),
(586, 'MARIA FLORES', '', 'Rebeca Quispe', 'Juan Apaza', '115', 'CANCELADO', '', '', '285', '6066719LP', '5', 'contado', NULL, '2016-11-22', NULL),
(587, 'CARLA OROSCO', '', 'Rebeca Quispe', 'Juan Apaza', '115', 'CANCELADO', '', '', '286', '6066719LP', '5', 'contado', NULL, '2016-11-22', NULL),
(588, 'SALOME ', '', 'Rebeca Quispe', 'Juan Apaza', '260', 'CANCELADO', '', '', '229', '6066719LP', '5', 'contado', NULL, '2016-11-22', NULL),
(589, 'MADIMA ', '', 'Rebeca Quispe', 'Juan Apaza', '125', 'CANCELADO', '', '', '287', '6066719LP', '5', 'contado', NULL, '2016-11-22', NULL),
(590, 'LUIS LIMACHI', '', 'Rebeca Quispe', 'Juan Apaza', '125', 'CANCELADO', '', '', '207', '6066719LP', '5', 'contado', NULL, '2016-11-22', NULL),
(591, 'ROXANA ', '', 'Rebeca Quispe', 'Juan Apaza', '125', 'DEBE', '', '', '206', '6066719LP', '5', 'contado', NULL, '2016-11-22', NULL),
(592, 'EDGAR ', '', 'Rebeca Quispe', 'Juan Apaza', '125', 'CANCELADO', '', '', '288', '6066719LP', '5', 'contado', NULL, '2016-11-22', NULL),
(593, 'MAGDALENA ', '', 'Rebeca Quispe', 'Juan Apaza', '120', 'CANCELADO', '', '', '289', '6066719LP', '5', 'contado', NULL, '2016-11-22', NULL),
(594, 'FERMINA TORREZ', '', 'Rebeca Quispe', 'Juan Apaza', '220', 'CANCELADO', '', '', '204', '6066719LP', '5', 'contado', NULL, '2016-11-22', NULL),
(595, 'VALERIO ', '', 'Rebeca Quispe', 'Juan Apaza', '75', 'CANCELADO', '', '', '200', '6066719LP', '5', 'contado', NULL, '2016-11-22', NULL),
(596, 'VICKY CHUI', '', 'Rebeca Quispe', 'Juan Apaza', '88', 'CANCELADO', '', '', '202', '6066719LP', '5', 'contado', NULL, '2016-11-22', NULL),
(597, 'ROSA VARGAS', '', 'Rebeca Quispe', 'Juan Apaza', '215', 'CANCELADO', '', '', '39', '6066719LP', '5', 'contado', NULL, '2016-11-22', NULL),
(598, 'FLORA ', '', 'Rebeca Quispe', 'Juan Apaza', '125', 'CANCELADO', '', '', '215', '6066719LP', '5', 'contado', NULL, '2016-11-22', NULL),
(599, 'VERONICA APAZA', '', 'Rebeca Quispe', 'Juan Apaza', '250', 'CANCELADO', '', '', '28', '6066719LP', '5', 'contado', NULL, '2016-11-22', NULL),
(600, 'MERY ', '', 'Rebeca Quispe', 'Juan Apaza', '125', 'CANCELADO', '', '', '214', '6066719LP', '5', 'contado', NULL, '2016-11-22', NULL),
(601, 'BEATRIZ ', '', 'Rebeca Quispe', 'Juan Apaza', '125', 'CANCELADO', '', '', '212', '6066719LP', '5', 'contado', NULL, '2016-11-22', NULL),
(602, 'NELLY ', '', 'Rebeca Quispe', 'Juan Apaza', '125', 'DEBE', '', '', '216', '6066719LP', '5', 'contado', NULL, '2016-11-22', NULL),
(603, 'NIEVEZ ', '', 'Rebeca Quispe', 'Juan Apaza', '124', 'CANCELADO', '', '', '40', '6066719LP', '5', 'contado', NULL, '2016-11-23', NULL),
(604, 'LIDIA AGUILAR', '', 'Rebeca Quispe', 'Juan Apaza', '115', 'CANCELADO', '', '', '290', '6066719LP', '5', 'contado', NULL, '2016-11-23', NULL),
(605, 'MARIANELA ', '', 'Rebeca Quispe', 'Juan Apaza', '72', 'DEBE', '', '', '37', '6066719LP', '5', 'contado', NULL, '2016-11-23', NULL),
(606, 'JHENNY ROJAS', '', 'Rebeca Quispe', 'Juan Apaza', '72', 'DEBE', '', '', '221', '6066719LP', '5', 'contado', NULL, '2016-11-23', NULL),
(607, 'CELIA LAZO', '', 'Rebeca Quispe', 'Juan Apaza', '115', 'CANCELADO', '', '', '291', '6066719LP', '5', 'contado', NULL, '2016-11-23', NULL),
(608, 'VICTORIA ', '', 'Rebeca Quispe', 'Juan Apaza', '125', 'DEBE', '', '', '27', '6066719LP', '5', 'contado', NULL, '2016-11-23', NULL),
(609, 'RITA ', '', 'Rebeca Quispe', 'Juan Apaza', '125', 'CANCELADO', '', '', '292', '6066719LP', '5', 'contado', NULL, '2016-11-23', NULL),
(610, 'ANA MARIA ', '', 'Rebeca Quispe', 'Juan Apaza', '125', 'CANCELADO', '', '', '33', '6066719LP', '5', 'contado', NULL, '2016-11-23', NULL),
(611, 'LORENA ', '', 'Rebeca Quispe', 'Juan Apaza', '125', 'CANCELADO', '', '', '225', '6066719LP', '5', 'contado', NULL, '2016-11-23', NULL),
(612, 'JACINTA ', '', 'Rebeca Quispe', 'Juan Apaza', '125', 'CANCELADO', '', '', '224', '6066719LP', '5', 'contado', NULL, '2016-11-23', NULL),
(613, 'TOMASA ', '', 'Rebeca Quispe', 'Juan Apaza', '125', 'CANCELADO', '', '', '32', '6066719LP', '5', 'contado', NULL, '2016-11-23', NULL),
(614, 'LUIS MAMANI', '', 'Rebeca Quispe', 'Juan Apaza', '125', 'CANCELADO', '', '', '30', '6066719LP', '5', 'contado', NULL, '2016-11-23', NULL),
(615, 'BETZA ', '', 'Rebeca Quispe', 'Juan Apaza', '90', 'CANCELADO', '', '', '231', '6066719LP', '5', 'contado', NULL, '2016-11-23', NULL),
(616, 'MAYDANA ', '', 'Rebeca Quispe', 'Juan Apaza', '110', 'CANCELADO', '', '', '232', '6066719LP', '5', 'contado', NULL, '2016-11-23', NULL),
(617, 'CONCEPCION ALANOCA', '', 'Rebeca Quispe', 'Juan Apaza', '345', 'CANCELADO', '', '', '294', '6066719LP', '5', 'contado', NULL, '2016-11-23', NULL),
(618, 'PIZARRO ', '', 'Rebeca Quispe', 'Juan Apaza', '90', 'CANCELADO', '', '', '293', '6066719LP', '5', 'contado', NULL, '2016-11-23', NULL),
(619, 'SANDRA QUINO', '', 'Rebeca Quispe', 'Juan Apaza', '72', 'CANCELADO', '', '', '235', '6066719LP', '5', 'contado', NULL, '2016-11-23', NULL),
(620, 'MARIA POMA', '', 'Rebeca Quispe', 'Abad Mamani', '125', 'CANCELADO', '', '', '175', '6066719LP', '8', 'contado', NULL, '2016-11-23', NULL),
(621, 'OLGA ', '', 'Rebeca Quispe', 'Abad Mamani', '125', 'CANCELADO', '', '', '174', '6066719LP', '8', 'contado', NULL, '2016-11-23', NULL),
(622, 'MONICA ', '', 'Rebeca Quispe', 'Abad Mamani', '120', 'CANCELADO', '', '', '176', '6066719LP', '8', 'contado', NULL, '2016-11-23', NULL),
(623, 'ELENA ', '', 'Rebeca Quispe', 'Abad Mamani', '240', 'CANCELADO', '', '', '67', '6066719LP', '8', 'contado', NULL, '2016-11-23', NULL),
(624, 'JOSE LUIS CASAS', '', 'Rebeca Quispe', 'Abad Mamani', '120', 'CANCELADO', '', '', '68', '6066719LP', '8', 'contado', NULL, '2016-11-23', NULL),
(625, 'ANASTACIA ', '', 'Rebeca Quispe', 'Abad Mamani', '230', 'CANCELADO', '', '', '69', '6066719LP', '8', 'contado', NULL, '2016-11-23', NULL),
(626, 'ROSA ', '', 'Rebeca Quispe', 'Abad Mamani', '125', 'CANCELADO', '', '', '269', '6066719LP', '8', 'contado', NULL, '2016-11-23', NULL),
(627, 'JUSTA ', '', 'Rebeca Quispe', 'Abad Mamani', '120', 'CANCELADO', '', '', '167', '6066719LP', '8', 'contado', NULL, '2016-11-23', NULL),
(628, 'ELY CONDE', '', 'Cinthia Pusari', 'Abad Mamani', '26', 'CANCELADO', '', '', '180', '9211146LP', '8', 'contado', NULL, '2016-11-23', NULL),
(629, 'JULIA PALABRA', '', 'Rebeca Quispe', 'Abad Mamani', '292', 'CANCELADO', '', '', '87', '6066719LP', '8', 'contado', NULL, '2016-11-23', NULL),
(630, 'YOLANDA ', '', 'Rebeca Quispe', 'Abad Mamani', '125', 'CANCELADO', '', '', '62', '6066719LP', '8', 'contado', NULL, '2016-11-23', NULL),
(631, 'MIRIAM BARRA', '', 'Rebeca Quispe', 'Abad Mamani', '125', 'CANCELADO', '', '', '153', '6066719LP', '8', 'contado', NULL, '2016-11-23', NULL),
(632, 'COSME ', '', 'Rebeca Quispe', 'Abad Mamani', '215', 'CANCELADO', '', '', '143', '6066719LP', '8', 'contado', NULL, '2016-11-23', NULL),
(633, 'MARIA SIÃ‘ANI', '', 'Rebeca Quispe', 'Abad Mamani', '110', 'CANCELADO', '', '', '295', '6066719LP', '8', 'contado', NULL, '2016-11-23', NULL),
(634, 'MARINA LOPEZ', '', 'Rebeca Quispe', 'Abad Mamani', '110', 'CANCELADO', '', '', '75', '6066719LP', '8', 'contado', NULL, '2016-11-23', NULL),
(635, 'FRANKLIN ', '', 'Rebeca Quispe', 'Abad Mamani', '205', 'CANCELADO', '', '', '154', '6066719LP', '8', 'contado', NULL, '2016-11-23', NULL),
(636, 'MEGA "1" Menacho', 'COMERCIO "MEGAS"', 'Cinthia Pusari', 'Hernando Gutierrez', '606', 'CANCELADO', '', '', '20', '9211146LP', '1', 'contado', NULL, '2016-11-24', NULL),
(637, 'MEGA "1" Menacho', 'COMERCIO "MEGAS"', 'Cinthia Pusari', 'Hernando Gutierrez', '135', 'DEBE', '', '', '20', '9211146LP', '1', 'contado', NULL, '2016-11-24', NULL),
(638, 'MEGA "2" Ivoni Miranda Miranda', 'VILLAZON "MEGAS"', 'Cinthia Pusari', 'Hernando Gutierrez', '362', 'CANCELADO', '', '', '21', '9211146LP', '1', 'contado', NULL, '2016-11-24', NULL),
(639, 'MEGA "3" Elvis Miranda Miranda', 'MIRAFLORES "MEGAS"', 'Cinthia Pusari', 'Hernando Gutierrez', '406', 'CANCELADO', '', '', '22', '9211146LP', '1', 'contado', NULL, '2016-11-24', NULL),
(640, 'MEGA "4" Elvis Miranda Miranda', 'CAMACHO "MEGAS"', 'Cinthia Pusari', 'Hernando Gutierrez', '648', 'CANCELADO', '', '', '23', '9211146LP', '1', 'contado', NULL, '2016-11-24', NULL),
(641, 'MEGA "5" Miranda', 'UYUNI "MEGAS"', 'Cinthia Pusari', 'Hernando Gutierrez', '392', 'CANCELADO', '', '', '24', '9211146LP', '1', 'contado', NULL, '2016-11-24', NULL),
(642, 'MEGA "6" Elvis Miranda Miranda', '6 DE AGOSTO "MEGAS"', 'Cinthia Pusari', 'Hernando Gutierrez', '182', 'CANCELADO', '', '', '25', '9211146LP', '1', 'contado', NULL, '2016-11-24', NULL),
(643, 'Papaya Express ', 'PAPAYA EXPRESS', 'Cinthia Pusari', 'Hernando Gutierrez', '131', 'DEBE', '', '', '8', '9211146LP', '1', 'contado', NULL, '2016-11-24', NULL),
(644, 'Manolos ', 'CAFE MANOLOS', 'Cinthia Pusari', 'Hernando Gutierrez', '294', 'DEBE', '', '', '1', '9211146LP', '1', 'contado', NULL, '2016-11-24', NULL),
(645, 'ABEL ', '', 'Rebeca Quispe', 'Abad Mamani', '0', 'CANCELADO', '', '', '296', '6066719LP', '8', 'contado', NULL, '2016-11-23', 'RETORNO'),
(646, 'ALICIA ', '', 'Cinthia Pusari', 'Diego Tarifa', '69', 'CANCELADO', '', '', '129', '9211146LP', '2', 'contado', NULL, '2016-11-24', ''),
(647, 'PAMELA MAYTA', '', 'Cinthia Pusari', 'Diego Tarifa', '345', 'CANCELADO', '', '', '61', '9211146LP', '2', 'contado', NULL, '2016-11-24', ''),
(648, 'ROSA ', '', 'Cinthia Pusari', 'Diego Tarifa', '270', 'CANCELADO', '', '', '187', '9211146LP', '2', 'contado', NULL, '2016-11-24', ''),
(649, 'BLANCA ', '', 'Cinthia Pusari', 'Diego Tarifa', '115', 'CANCELADO', '', '', '297', '9211146LP', '2', 'contado', NULL, '2016-11-24', ''),
(650, 'GUSTAVO ', '', 'Cinthia Pusari', 'Diego Tarifa', '115', 'CANCELADO', '', '', '54', '9211146LP', '2', 'contado', NULL, '2016-11-24', ''),
(651, 'FATIMA ', '', 'Cinthia Pusari', 'Diego Tarifa', '115', 'CANCELADO', '', '', '133', '9211146LP', '2', 'contado', NULL, '2016-11-24', ''),
(652, 'DAYANA ', '', 'Cinthia Pusari', 'Diego Tarifa', '115', 'CANCELADO', '', '', '53', '9211146LP', '2', 'contado', NULL, '2016-11-24', ''),
(653, 'JHENNY ', '', 'Cinthia Pusari', 'Diego Tarifa', '138', 'CANCELADO', '', '', '188', '9211146LP', '2', 'contado', NULL, '2016-11-24', ''),
(654, 'ELVIRA ', '', 'Cinthia Pusari', 'Diego Tarifa', '115', 'CANCELADO', '', '', '57', '9211146LP', '2', 'contado', NULL, '2016-11-24', ''),
(655, 'SUSANA ', '', 'Cinthia Pusari', 'Diego Tarifa', '105', 'CANCELADO', '', '', '123', '9211146LP', '2', 'contado', NULL, '2016-11-24', ''),
(656, 'JHENNY ', '', 'Cinthia Pusari', 'Diego Tarifa', '138', 'CANCELADO', '', '', '188', '9211146LP', '2', 'contado', NULL, '2016-11-24', ''),
(657, 'ASUNTA ', '', 'Cinthia Pusari', 'Diego Tarifa', '115', 'DEBE', '', '', '298', '9211146LP', '2', 'contado', NULL, '2016-11-24', ''),
(658, 'RIBER RODRIGUEZ', '', 'Cinthia Pusari', 'Diego Tarifa', '280', 'CANCELADO', '', '', '81', '9211146LP', '2', 'contado', NULL, '2016-11-24', ''),
(659, 'REYNA ', '', 'Cinthia Pusari', 'Abad Mamani', '120', 'CANCELADO', '', '', '261', '9211146LP', '8', 'contado', NULL, '2016-11-24', ''),
(660, 'VALBINA ', '', 'Cinthia Pusari', 'Abad Mamani', '115', 'CANCELADO', '', '', '260', '9211146LP', '8', 'contado', NULL, '2016-11-24', ''),
(661, 'AYDA ', '', 'Cinthia Pusari', 'Abad Mamani', '75', 'CANCELADO', '', '', '262', '9211146LP', '8', 'contado', NULL, '2016-11-24', ''),
(662, 'JOSE LUIS CASAS', '', 'Cinthia Pusari', 'Abad Mamani', '115', 'CANCELADO', '', '', '68', '9211146LP', '8', 'contado', NULL, '2016-11-24', ''),
(663, 'CELIA ', '', 'Cinthia Pusari', 'Abad Mamani', '66', 'CANCELADO', '', '', '263', '9211146LP', '8', 'contado', NULL, '2016-11-24', ''),
(664, 'JAIME ', '', 'Cinthia Pusari', 'Abad Mamani', '177', 'CANCELADO', '', '', '72', '9211146LP', '8', 'contado', NULL, '2016-11-24', ''),
(665, 'RAMIRO ', '', 'Cinthia Pusari', 'Abad Mamani', '150', 'CANCELADO', '', '', '300', '9211146LP', '8', 'contado', NULL, '2016-11-24', ''),
(666, 'CELESTINA ', '', 'Cinthia Pusari', 'Abad Mamani', '120', 'CANCELADO', '', '', '272', '9211146LP', '8', 'contado', NULL, '2016-11-24', ''),
(667, 'MARCELA ', '', 'Cinthia Pusari', 'Abad Mamani', '66', 'CANCELADO', '', '', '301', '9211146LP', '8', 'contado', NULL, '2016-11-24', ''),
(668, 'MEGA "1" Menacho', 'COMERCIO "MEGAS"', 'Cinthia Pusari', 'Hernando Gutierrez', '768', 'DEBE', '', '', '20', '9211146LP', '1', 'contado', NULL, '2016-11-25', ''),
(669, 'MEGA "2" Ivoni Miranda Miranda', 'VILLAZON "MEGAS"', 'Cinthia Pusari', 'Hernando Gutierrez', '557', 'DEBE', '', '', '21', '9211146LP', '1', 'contado', NULL, '2016-11-25', ''),
(670, 'MEGA "3" Elvis Miranda Miranda', 'MIRAFLORES "MEGAS"', 'Cinthia Pusari', 'Hernando Gutierrez', '512', 'DEBE', '', '', '22', '9211146LP', '1', 'contado', NULL, '2016-11-25', ''),
(671, 'MEGA "4" Elvis Miranda Miranda', 'CAMACHO "MEGAS"', 'Cinthia Pusari', 'Hernando Gutierrez', '512', 'DEBE', '', '', '23', '9211146LP', '1', 'contado', NULL, '2016-11-25', ''),
(672, 'MEGA "5" Miranda', 'UYUNI "MEGAS"', 'Cinthia Pusari', 'Hernando Gutierrez', '587', 'DEBE', '', '', '24', '9211146LP', '1', 'contado', NULL, '2016-11-25', ''),
(673, 'MEGA "6" Elvis Miranda Miranda', '6 DE AGOSTO "MEGAS"', 'Cinthia Pusari', 'Hernando Gutierrez', '344', 'DEBE', '', '', '25', '9211146LP', '1', 'contado', NULL, '2016-11-25', ''),
(674, 'ALANOCA ', '', 'Maria Copa', 'Diego Tarifa', '187.5', 'DEBE', '', '', '42', '6058218LP', '2', 'contado', NULL, '2016-11-25', ''),
(675, 'DOMINGA ', '', 'Maria Copa', 'Diego Tarifa', '168', 'CANCELADO', '', '', '127', '6058218LP', '2', 'contado', NULL, '2016-11-25', ''),
(676, 'CHAPACO ', '', 'Maria Copa', 'Diego Tarifa', '235', 'CANCELADO', '', '', '41', '6058218LP', '2', 'credito', NULL, '2016-11-25', ''),
(677, 'OSCAR ', '', 'Maria Copa', 'Diego Tarifa', '125', 'CANCELADO', '', '', '126', '6058218LP', '2', 'contado', NULL, '2016-11-25', ''),
(678, 'CHARITO ', '', 'Maria Copa', 'Diego Tarifa', '230', 'CANCELADO', '', '', '43', '6058218LP', '2', 'contado', NULL, '2016-11-25', ''),
(679, 'PACOSILLO ', '', 'Maria Copa', 'Diego Tarifa', '120', 'CANCELADO', '', '', '77', '6058218LP', '2', 'contado', NULL, '2016-11-25', ''),
(680, 'CELIA ', '', 'Maria Copa', 'Diego Tarifa', '345', 'CANCELADO', '', '', '45', '6058218LP', '2', 'contado', NULL, '2016-11-25', ''),
(681, 'CANDELARIA ', '', 'Rebeca Quispe', 'Juan Apaza', '69', 'CANCELADO', '', '', '237', '6066719LP', '5', 'contado', NULL, '2016-11-24', ''),
(682, 'JULIA ', '', 'Rebeca Quispe', 'Diego Tarifa', '250', 'DEBE', '', '', '44', '6066719LP', '2', 'contado', NULL, '2016-11-25', ''),
(683, 'PAMELA MAYTA', '', 'Cinthia Pusari', 'Diego Tarifa', '210', 'CANCELADO', '', '', '61', '9211146LP', '2', 'contado', NULL, '2016-11-25', ''),
(684, 'VERONICA URAQUINE', '', 'Rebeca Quispe', 'Juan Apaza', '115', 'CANCELADO', '', '', '236', '6066719LP', '5', 'contado', NULL, '2016-11-24', ''),
(685, 'BERTHA ', '', 'Maria Copa', 'Diego Tarifa', '156', 'DEBE', '', '', '170', '6058218LP', '2', 'contado', NULL, '2016-11-25', ''),
(686, 'EMMA ', '', 'Maria Copa', 'Diego Tarifa', '125', 'DEBE', '', '', '243', '6058218LP', '2', 'contado', NULL, '2016-11-25', ''),
(687, 'MARIA SALGUEDO', '', 'Maria Copa', 'Diego Tarifa', '620', 'CANCELADO', '', '', '49', '6058218LP', '2', 'contado', NULL, '2016-11-25', ''),
(688, 'NANCY ', '', 'Maria Copa', 'Diego Tarifa', '173', 'CANCELADO', '', '', '78', '6058218LP', '2', 'contado', NULL, '2016-11-25', ''),
(689, 'LEONOR ', '', 'Maria Copa', 'Diego Tarifa', '120', 'CANCELADO', '', '', '46', '6058218LP', '2', 'contado', NULL, '2016-11-25', ''),
(690, 'LOURDES ', '', 'Maria Copa', 'Diego Tarifa', '920', 'CANCELADO', '', '', '60', '6058218LP', '2', 'contado', NULL, '2016-11-25', ''),
(691, 'DIONICIA ', '', 'Maria Copa', 'Diego Tarifa', '78', 'CANCELADO', '', '', '52', '6058218LP', '2', 'contado', NULL, '2016-11-25', ''),
(692, 'rebeca ', '', 'Maria Copa', 'Diego Tarifa', '225', 'CANCELADO', '', '', '302', '6058218LP', '2', 'contado', NULL, '2016-11-25', '');
INSERT INTO `nota` (`id_nota`, `cliente`, `empresa`, `autorizado`, `vendedor`, `monto`, `baja`, `tc`, `deposito`, `id_cliente`, `id_usuario`, `id_empleado`, `forma_pago`, `nota_unica`, `fecha_creacion`, `observacion`) VALUES
(693, 'CARMECIA ', '', 'Cinthia Pusari', 'Abad Mamani', '66', 'CANCELADO', '', '', '303', '9211146LP', '8', 'contado', NULL, '2016-11-24', ''),
(694, 'SONIA ', '', 'Cinthia Pusari', 'Abad Mamani', '110', 'CANCELADO', '', '', '304', '9211146LP', '8', 'contado', NULL, '2016-11-24', ''),
(695, 'MARIA MAMANI', '', 'Cinthia Pusari', 'Abad Mamani', '72', 'CANCELADO', '', '', '264', '9211146LP', '8', 'contado', NULL, '2016-11-24', ''),
(696, 'MARIA TORREZ', '', 'Cinthia Pusari', 'Abad Mamani', '72', 'CANCELADO', '', '', '305', '9211146LP', '8', 'contado', NULL, '2016-11-24', ''),
(697, 'VICTORIA MAMANI', '', 'Cinthia Pusari', 'Abad Mamani', '72', 'CANCELADO', '', '', '306', '9211146LP', '8', 'contado', NULL, '2016-11-24', ''),
(698, 'MARTHA APAZA', '', 'Rebeca Quispe', 'Juan Apaza', '69', 'CANCELADO', '', '', '239', '6066719LP', '5', 'contado', NULL, '2016-11-24', ''),
(699, 'BEATRIZ MAMANI', '', 'Rebeca Quispe', 'Juan Apaza', '144', 'CANCELADO', '', '', '35', '6066719LP', '5', 'contado', NULL, '2016-11-24', ''),
(700, 'DELIA ', '', 'Cinthia Pusari', 'Abad Mamani', '125', 'CANCELADO', '', '', '273', '9211146LP', '8', 'contado', NULL, '2016-11-24', ''),
(701, 'YULY ', '', 'Cinthia Pusari', 'Abad Mamani', '72', 'CANCELADO', '', '', '307', '9211146LP', '8', 'contado', NULL, '2016-11-24', ''),
(702, 'JAVIER ', '', 'Rebeca Quispe', 'Juan Apaza', '69', 'CANCELADO', '', '', '240', '6066719LP', '5', 'contado', NULL, '2016-11-24', ''),
(703, 'ESPERANZA RAMIREZ', '', 'Cinthia Pusari', 'Abad Mamani', '72', 'CANCELADO', '', '', '308', '9211146LP', '8', 'contado', NULL, '2016-11-24', ''),
(704, 'FRIAL HUAYCHEÃ‘ITO', '', 'Rebeca Quispe', 'Juan Apaza', '115', 'CANCELADO', '', '', '241', '6066719LP', '5', 'contado', NULL, '2016-11-24', ''),
(705, 'JUANA ZELADA', '', 'Rebeca Quispe', 'Juan Apaza', '69', 'CANCELADO', '', '', '309', '6066719LP', '5', 'contado', NULL, '2016-11-24', ''),
(706, 'LEONOR HUANCA', '', 'Cinthia Pusari', 'Abad Mamani', '46', 'CANCELADO', '', '', '310', '9211146LP', '8', 'contado', NULL, '2016-11-24', ''),
(707, 'SOFIA QUISPE', '', 'Rebeca Quispe', 'Juan Apaza', '69', 'CANCELADO', '', '', '311', '6066719LP', '5', 'contado', NULL, '2016-11-24', ''),
(708, 'SOFIA QUISPE', '', 'Rebeca Quispe', 'Juan Apaza', '69', 'CANCELADO', '', '', '311', '6066719LP', '5', 'contado', NULL, '2016-11-24', ''),
(709, 'MAITE ', '', 'Rebeca Quispe', 'Juan Apaza', '69', 'CANCELADO', '', '', '281', '6066719LP', '5', 'contado', NULL, '2016-11-24', ''),
(710, 'ESTRELLA CHURQUI', '', 'Rebeca Quispe', 'Juan Apaza', '69', 'CANCELADO', '', '', '312', '6066719LP', '5', 'contado', NULL, '2016-11-24', ''),
(711, 'ALICIA PATTY', '', 'Rebeca Quispe', 'Juan Apaza', '69', 'CANCELADO', '', '', '195', '6066719LP', '5', 'contado', NULL, '2016-11-24', ''),
(712, 'MARUJA QUISPE', '', 'Rebeca Quispe', 'Juan Apaza', '69', 'CANCELADO', '', '', '313', '6066719LP', '5', 'contado', NULL, '2016-11-24', ''),
(713, 'MARY ', '', 'Rebeca Quispe', 'Juan Apaza', '69', 'CANCELADO', '', '', '199', '6066719LP', '5', 'contado', NULL, '2016-11-24', ''),
(714, 'PACESA ', '', 'Rebeca Quispe', 'Juan Apaza', '69', 'CANCELADO', '', '', '314', '6066719LP', '5', 'contado', NULL, '2016-11-24', ''),
(715, 'FANNY ENDARA', '', 'Rebeca Quispe', 'Juan Apaza', '69', 'CANCELADO', '', '', '315', '6066719LP', '5', 'contado', NULL, '2016-11-24', ''),
(716, 'NANCY JUSTO', '', 'Rebeca Quispe', 'Juan Apaza', '69', 'CANCELADO', '', '', '316', '6066719LP', '5', 'contado', NULL, '2016-11-24', ''),
(717, 'ROSA VAQUIARA', '', 'Rebeca Quispe', 'Juan Apaza', '69', 'CANCELADO', '', '', '230', '6066719LP', '5', 'contado', NULL, '2016-11-24', ''),
(718, 'FRIAL SHADAI', '', 'Rebeca Quispe', 'Juan Apaza', '69', 'CANCELADO', '', '', '277', '6066719LP', '5', 'contado', NULL, '2016-11-24', ''),
(719, 'JULIA ESPINAL', '', 'Rebeca Quispe', 'Juan Apaza', '30', 'CANCELADO', '', '', '317', '6066719LP', '5', 'contado', NULL, '2016-11-24', ''),
(720, 'ZULMINA CARITA', '', 'Rebeca Quispe', 'Juan Apaza', '69', 'CANCELADO', '', '', '318', '6066719LP', '5', 'contado', NULL, '2016-11-24', ''),
(721, 'JHANET ', '', 'Rebeca Quispe', 'Juan Apaza', '99', 'CANCELADO', '', '', '233', '6066719LP', '5', 'contado', NULL, '2016-11-24', ''),
(722, 'JULIA LLIPE', '', 'Rebeca Quispe', 'Juan Apaza', '69', 'CANCELADO', '', '', '36', '6066719LP', '5', 'contado', NULL, '2016-11-24', ''),
(723, 'PAMELA ', '', 'Rebeca Quispe', 'Juan Apaza', '30', 'CANCELADO', '', '', '319', '6066719LP', '5', 'contado', NULL, '2016-11-24', ''),
(724, 'MARTHA APAZA', '', 'Rebeca Quispe', 'Juan Apaza', '13', 'CANCELADO', '', '', '239', '6066719LP', '5', 'contado', NULL, '2016-11-24', ''),
(725, 'CONCEPCION ALANOCA', '', 'Cinthia Pusari', 'Juan Apaza', '345', 'CANCELADO', '', '', '294', '9211146LP', '5', 'contado', NULL, '2016-11-22', ''),
(726, 'PIZZA SEGUIOS ', '', 'Cinthia Pusari', 'Hernando Gutierrez', '98', 'DEBE', '', '', '7', '9211146LP', '1', 'contado', NULL, '2016-11-26', ''),
(727, 'MEGA "1" Menacho', 'COMERCIO "MEGAS"', 'Cinthia Pusari', 'Hernando Gutierrez', '1963', 'DEBE', '', '', '20', '9211146LP', '1', 'contado', NULL, '2016-11-26', ''),
(728, 'MEGA "1" Menacho', 'COMERCIO "MEGAS"', 'Cinthia Pusari', 'Hernando Gutierrez', '240.3', 'DEBE', '', '', '20', '9211146LP', '1', 'contado', NULL, '2016-11-26', ''),
(729, 'MEGA "2" Ivoni Miranda Miranda', 'VILLAZON "MEGAS"', 'Cinthia Pusari', 'Hernando Gutierrez', '834', 'DEBE', '', '', '21', '9211146LP', '1', 'contado', NULL, '2016-11-26', ''),
(730, 'MEGA "3" Elvis Miranda Miranda', 'MIRAFLORES "MEGAS"', 'Cinthia Pusari', 'Hernando Gutierrez', '1448', 'DEBE', '', '', '22', '9211146LP', '1', 'contado', NULL, '2016-11-26', ''),
(731, 'MEGA "4" Elvis Miranda Miranda', 'CAMACHO "MEGAS"', 'Cinthia Pusari', 'Hernando Gutierrez', '2160', '', '', '', '23', '9211146LP', '1', 'contado', NULL, '2016-11-26', ''),
(732, 'MEGA "6" Elvis Miranda Miranda', '6 DE AGOSTO "MEGAS"', 'Cinthia Pusari', 'Hernando Gutierrez', '679', '', '', '', '25', '9211146LP', '1', 'contado', NULL, '2016-11-26', ''),
(733, 'MEGA "5" Miranda', 'UYUNI "MEGAS"', 'Maria Copa', 'Hernando Gutierrez', '1011', 'DEBE', '', '', '24', '6058218LP', '1', 'contado', NULL, '2016-11-26', ''),
(734, 'DELIA ', '', 'Maria Copa', 'Diego Tarifa', '123', 'CANCELADO', '', '', '191', '6058218LP', '2', 'contado', NULL, '2016-11-26', ''),
(735, 'LUCY ', '', 'Maria Copa', 'Diego Tarifa', '420', 'CANCELADO', '', '', '186', '6058218LP', '2', 'contado', NULL, '2016-11-26', ''),
(736, 'MAGUI ', '', 'Maria Copa', 'Diego Tarifa', '72', 'CANCELADO', '', '', '244', '6058218LP', '2', 'contado', NULL, '2016-11-26', ''),
(737, 'TACORA ', '', 'Maria Copa', 'Diego Tarifa', '69', 'CANCELADO', '', '', '245', '6058218LP', '2', 'contado', NULL, '2016-11-26', ''),
(738, NULL, NULL, NULL, NULL, NULL, NULL, NULL, NULL, NULL, NULL, NULL, NULL, NULL, '2016-11-26', NULL),
(739, 'LUCY ', '', 'Maria Copa', 'Diego Tarifa', '420', 'CANCELADO', '', '', '186', '6058218LP', '2', 'contado', NULL, '2016-11-26', ''),
(740, 'MAGUI ', '', 'Maria Copa', 'Diego Tarifa', '72', 'CANCELADO', '', '', '244', '6058218LP', '2', 'contado', NULL, '2016-11-26', ''),
(741, 'TACORA ', '', 'Maria Copa', 'Diego Tarifa', '69', 'CANCELADO', '', '', '245', '6058218LP', '2', 'contado', NULL, '2016-11-26', ''),
(742, 'CARMEN ASPI', '', 'Maria Copa', 'Diego Tarifa', '75', 'CANCELADO', '', '', '59', '6058218LP', '2', 'contado', NULL, '2016-11-26', ''),
(743, 'BEATRIZ ', '', 'Maria Copa', 'Diego Tarifa', '75', 'CANCELADO', '', '', '184', '6058218LP', '2', 'contado', NULL, '2016-11-26', ''),
(744, 'PAMELA MAYTA', '', 'Maria Copa', 'Diego Tarifa', '345', 'CANCELADO', '', '', '61', '6058218LP', '2', 'contado', NULL, '2016-11-26', ''),
(745, 'LUCERO ', '', 'Maria Copa', 'Diego Tarifa', '120', 'DEBE', '', '', '117', '6058218LP', '2', 'contado', NULL, '2016-11-26', ''),
(746, 'NESTOR ', '', 'Maria Copa', 'Diego Tarifa', '120', 'DEBE', '', '', '246', '6058218LP', '2', 'contado', NULL, '2016-11-26', ''),
(747, 'ANGEL ', '', 'Maria Copa', 'Diego Tarifa', '80', 'CANCELADO', '', '', '320', '6058218LP', '2', 'contado', NULL, '2016-11-26', ''),
(748, 'YENNI YAPU', '', 'Cinthia Pusari', 'Diego Tarifa', '120', 'CANCELADO', '', '', '58', '9211146LP', '2', 'contado', NULL, '2016-11-26', ''),
(749, 'MAGDA ', '', 'Maria Copa', 'Diego Tarifa', '202.5', 'CANCELADO', '', '', '321', '6058218LP', '2', 'contado', NULL, '2016-11-26', ''),
(750, 'ROSA LINDA', '', 'Maria Copa', 'Diego Tarifa', '230', 'CANCELADO', '', '', '130', '6058218LP', '2', 'contado', NULL, '2016-11-26', ''),
(751, 'GONZALO ', '', 'Maria Copa', 'Diego Tarifa', '125', 'DEBE', '', '', '248', '6058218LP', '2', 'contado', NULL, '2016-11-26', ''),
(752, 'WILLY ', '', 'Maria Copa', 'Diego Tarifa', '120', 'CANCELADO', '', '', '172', '6058218LP', '2', 'contado', NULL, '2016-11-26', ''),
(753, 'MECHE ', '', 'Maria Copa', 'Diego Tarifa', '115', 'CANCELADO', '', '', '132', '6058218LP', '2', 'contado', NULL, '2016-11-26', ''),
(754, 'ROSA ', '', 'Maria Copa', 'Diego Tarifa', '250', 'CANCELADO', '', '', '187', '6058218LP', '2', 'contado', NULL, '2016-11-26', ''),
(755, 'ANGELICA ', '', 'Cinthia Pusari', 'Abad Mamani', '467', 'CANCELADO', '', '', '63', '9211146LP', '8', 'contado', NULL, '2016-11-25', ''),
(756, 'JUANA PATZI', '', 'Rebeca Quispe', 'Abad Mamani', '320', 'CANCELADO', '', '', '65', '6066719LP', '8', 'contado', NULL, '2016-11-25', ''),
(757, 'MARIA QUISBERT', '', 'Rebeca Quispe', 'Abad Mamani', '328', 'CANCELADO', '', '', '64', '6066719LP', '8', 'contado', NULL, '2016-11-25', ''),
(758, 'OSCAR ', '', 'Rebeca Quispe', 'Abad Mamani', '205', 'CANCELADO', '', '', '137', '6066719LP', '8', 'contado', NULL, '2016-11-25', ''),
(759, 'CELIA ', '', 'Rebeca Quispe', 'Abad Mamani', '75', 'CANCELADO', '', '', '263', '6066719LP', '8', 'contado', NULL, '2016-11-25', ''),
(760, 'VICKY ', '', 'Rebeca Quispe', 'Abad Mamani', '80', 'CANCELADO', '', '', '271', '6066719LP', '8', 'contado', NULL, '2016-11-25', ''),
(761, 'ROSA HUANCA', '', 'Cinthia Pusari', 'Diego Tarifa', '250', 'CANCELADO', '', '', '322', '9211146LP', '2', 'contado', NULL, '2016-11-26', ''),
(762, 'HILDA ALVAREZ', '', 'Rebeca Quispe', 'Abad Mamani', '194', 'CANCELADO', '', '', '323', '6066719LP', '8', 'contado', NULL, '2016-11-25', ''),
(763, 'JULIA NINA', '', 'Rebeca Quispe', 'Abad Mamani', '390', 'DEBE', '', '', '146', '6066719LP', '8', 'contado', NULL, '2016-11-25', ''),
(764, 'PRIMITIVA ', '', 'Rebeca Quispe', 'Abad Mamani', '205', 'CANCELADO', '', '', '138', '6066719LP', '8', 'contado', NULL, '2016-11-25', ''),
(765, 'MARINA QUISPE', '', 'Cinthia Pusari', 'Diego Tarifa', '475', 'DEBE', '', '', '279', '9211146LP', '2', 'contado', NULL, '2016-11-26', ''),
(766, 'JUANA QUISPE', '', 'Rebeca Quispe', 'Abad Mamani', '125', 'CANCELADO', '', '', '147', '6066719LP', '8', 'contado', NULL, '2016-11-25', ''),
(767, 'PEDRO LAURA', '', 'Rebeca Quispe', 'Abad Mamani', '450', 'CANCELADO', '', '', '71', '6066719LP', '8', 'contado', NULL, '2016-11-25', ''),
(768, 'DIONICIA ', '', 'Cinthia Pusari', 'Diego Tarifa', '78', 'CANCELADO', '', '', '52', '9211146LP', '2', 'contado', NULL, '2016-11-26', ''),
(769, 'MARY ', '', 'Rebeca Quispe', 'Abad Mamani', '270', 'CANCELADO', '', '', '139', '6066719LP', '8', 'contado', NULL, '2016-11-25', ''),
(770, 'YOLA TARQUI ', '', 'Cinthia Pusari', 'Diego Tarifa', '330', 'DEBE', '', '', '124', '9211146LP', '2', 'contado', NULL, '2016-11-26', ''),
(771, 'CELESTINA ', '', 'Rebeca Quispe', 'Abad Mamani', '80', 'CANCELADO', '', '', '272', '6066719LP', '8', 'contado', NULL, '2016-11-25', ''),
(772, 'DOMINGA ', '', 'Cinthia Pusari', 'Diego Tarifa', '115', 'CANCELADO', '', '', '127', '9211146LP', '2', 'contado', NULL, '2016-11-26', ''),
(773, 'LUISA TINTA', '', 'Rebeca Quispe', 'Abad Mamani', '320', 'CANCELADO', '', '', '140', '6066719LP', '8', 'contado', NULL, '2016-11-25', ''),
(774, 'Papaya Express ', 'PAPAYA EXPRESS', 'Cinthia Pusari', 'Hernando Gutierrez', '227', 'DEBE', '', '', '8', '9211146LP', '1', 'contado', NULL, '2016-11-26', ''),
(775, 'HILDA CONDORI', '', 'Rebeca Quispe', 'Abad Mamani', '110', 'CANCELADO', '', '', '89', '6066719LP', '8', 'contado', NULL, '2016-11-25', 'revisar'),
(776, 'TEODORA ', '', 'Rebeca Quispe', 'Abad Mamani', '165', 'CANCELADO', '', '', '86', '6066719LP', '8', 'contado', NULL, '2016-11-25', ''),
(777, 'YULY ', '', 'Rebeca Quispe', 'Abad Mamani', '86', 'CANCELADO', '', '', '307', '6066719LP', '8', 'contado', NULL, '2016-11-25', ''),
(778, 'LUCY ', '', 'Rebeca Quispe', 'Abad Mamani', '52', 'CANCELADO', '', '', '324', '6066719LP', '8', 'contado', NULL, '2016-11-25', ''),
(779, 'GREGORIA ', '', 'Rebeca Quispe', 'Abad Mamani', '215', 'CANCELADO', '', '', '155', '6066719LP', '8', 'contado', NULL, '2016-11-25', ''),
(780, 'VICTORIA ', '', 'Rebeca Quispe', 'Abad Mamani', '71', 'CANCELADO', '', '', '325', '6066719LP', '8', 'contado', NULL, '2016-11-25', ''),
(781, 'NANCY CABRERA', '', 'Rebeca Quispe', 'Abad Mamani', '80', 'CANCELADO', '', '', '265', '6066719LP', '8', 'contado', NULL, '2016-11-25', ''),
(782, 'BERTHA ', '', 'Rebeca Quispe', 'Abad Mamani', '150', 'CANCELADO', '', '', '152', '6066719LP', '8', 'contado', NULL, '2016-11-25', ''),
(783, 'RODRIGUEZ ', '', 'Rebeca Quispe', 'Abad Mamani', '28', 'CANCELADO', '', '', '326', '6066719LP', '8', 'contado', NULL, '2016-11-25', ''),
(784, 'CEFERINA QUISPE', '', 'Rebeca Quispe', 'Abad Mamani', '80', 'CANCELADO', '', '', '266', '6066719LP', '8', 'contado', NULL, '2016-11-25', ''),
(785, 'COSME ', '', 'Rebeca Quispe', 'Abad Mamani', '250', 'CANCELADO', '', '', '143', '6066719LP', '8', 'contado', NULL, '2016-11-25', ''),
(786, 'FRANKLIN ', '', 'Rebeca Quispe', 'Abad Mamani', '320', 'DEBE', '', '', '154', '6066719LP', '8', 'contado', NULL, '2016-11-25', ''),
(787, 'ADELA ', '', 'Rebeca Quispe', 'Abad Mamani', '250', 'CANCELADO', '', '', '142', '6066719LP', '8', 'contado', NULL, '2016-11-25', ''),
(788, 'MARINA LOPEZ', '', 'Rebeca Quispe', 'Abad Mamani', '80', 'CANCELADO', '', '', '75', '6066719LP', '8', 'contado', NULL, '2016-11-25', ''),
(789, 'LIDIA ILLANES', '', 'Rebeca Quispe', 'Abad Mamani', '125', 'CANCELADO', '', '', '145', '6066719LP', '8', 'contado', NULL, '2016-11-25', ''),
(790, 'ABAD ', '', 'Rebeca Quispe', 'Abad Mamani', '0', 'CANCELADO', '', '', '299', '6066719LP', '8', 'contado', NULL, '2016-11-25', 'RETORNO'),
(791, 'MEGA "1" Menacho', 'COMERCIO "MEGAS"', 'Cinthia Pusari', 'Hernando Gutierrez', '570', 'DEBE', '', '', '20', '9211146LP', '1', 'contado', NULL, '2016-11-28', ''),
(792, 'MEGA "2" Ivoni Miranda Miranda', 'VILLAZON "MEGAS"', 'Cinthia Pusari', 'Hernando Gutierrez', '180', 'DEBE', '', '', '21', '9211146LP', '1', 'contado', NULL, '2016-11-28', ''),
(793, 'MEGA "3" Elvis Miranda Miranda', 'MIRAFLORES "MEGAS"', 'Cinthia Pusari', 'Hernando Gutierrez', '270', 'DEBE', '', '', '22', '9211146LP', '1', 'contado', NULL, '2016-11-28', ''),
(794, 'MEGA "4" Elvis Miranda Miranda', 'CAMACHO "MEGAS"', 'Cinthia Pusari', 'Hernando Gutierrez', '360', 'DEBE', '', '', '23', '9211146LP', '1', 'contado', NULL, '2016-11-28', ''),
(795, 'MEGA "5" Miranda', 'UYUNI "MEGAS"', 'Cinthia Pusari', 'Hernando Gutierrez', '315', 'DEBE', '', '', '24', '9211146LP', '1', 'contado', NULL, '2016-11-28', ''),
(796, 'MEGA "6" Elvis Miranda Miranda', '6 DE AGOSTO "MEGAS"', 'Cinthia Pusari', 'Hernando Gutierrez', '121', 'DEBE', '', '', '25', '9211146LP', '1', 'contado', NULL, '2016-11-28', ''),
(797, 'MARTHA RAMIREZ', '', 'Cinthia Pusari', 'Juan Apaza', '189', 'CANCELADO', '', '', '328', '9211146LP', '5', 'contado', NULL, '2016-11-25', ''),
(798, 'BEATRIZ ', '', 'Cinthia Pusari', 'Juan Apaza', '125', 'DEBE', '', '', '212', '9211146LP', '5', 'contado', NULL, '2016-11-25', ''),
(799, 'YHENNY ', '', 'Cinthia Pusari', 'Juan Apaza', '125', 'CANCELADO', '', '', '329', '9211146LP', '5', 'contado', NULL, '2016-11-25', ''),
(800, 'MABEL INGRID', '', 'Cinthia Pusari', 'Juan Apaza', '125', 'CANCELADO', '', '', '332', '9211146LP', '5', 'contado', NULL, '2016-11-25', ''),
(801, 'LUCY ', '', 'Cinthia Pusari', 'Juan Apaza', '140', 'CANCELADO', '', '', '257', '9211146LP', '5', 'contado', NULL, '2016-11-25', ''),
(802, 'VERONICA ACARAPI', '', 'Cinthia Pusari', 'Juan Apaza', '250', 'CANCELADO', '', '', '259', '9211146LP', '5', 'contado', NULL, '2016-11-25', ''),
(803, 'TEODORA ', '', 'Cinthia Pusari', 'Juan Apaza', '455', 'DEBE', '', '', '253', '9211146LP', '5', 'contado', NULL, '2016-11-25', ''),
(804, 'ROSA MARCA', '', 'Cinthia Pusari', 'Juan Apaza', '250', 'DEBE', '', '', '226', '9211146LP', '5', 'contado', NULL, '2016-11-25', ''),
(805, 'MADIMA ', '', 'Cinthia Pusari', 'Juan Apaza', '160', 'CANCELADO', '', '', '287', '9211146LP', '5', 'contado', NULL, '2016-11-25', ''),
(806, 'LUIS LIMACHI', '', 'Cinthia Pusari', 'Juan Apaza', '298', 'CANCELADO', '', '', '207', '9211146LP', '5', 'contado', NULL, '2016-11-25', ''),
(807, 'VICKY CHUI', '', 'Cinthia Pusari', 'Juan Apaza', '88', 'CANCELADO', '', '', '202', '9211146LP', '5', 'contado', NULL, '2016-11-25', ''),
(808, 'HUGO FERNANDEZ', '', 'Cinthia Pusari', 'Juan Apaza', '69', 'CANCELADO', '', '', '250', '9211146LP', '5', 'contado', NULL, '2016-11-25', ''),
(809, 'ANTONIA YUJRA', '', 'Cinthia Pusari', 'Juan Apaza', '787.5', 'DEBE', '', '', '333', '9211146LP', '5', 'contado', NULL, '2016-11-25', ''),
(810, 'JULIA LLIPE', '', 'Cinthia Pusari', 'Juan Apaza', '60', 'CANCELADO', '', '', '36', '9211146LP', '5', 'contado', NULL, '2016-11-25', ''),
(811, 'VERONICA APAZA', '', 'Cinthia Pusari', 'Juan Apaza', '455', 'CANCELADO', '', '', '28', '9211146LP', '5', 'contado', NULL, '2016-11-25', ''),
(812, 'CARMEN MOLLO', '', 'Cinthia Pusari', 'Juan Apaza', '125', 'CANCELADO', '', '', '222', '9211146LP', '5', 'contado', NULL, '2016-11-25', ''),
(813, 'GREGORIA ', '', 'Cinthia Pusari', 'Juan Apaza', '140', 'CANCELADO', '', '', '252', '9211146LP', '5', 'contado', NULL, '2016-11-25', ''),
(814, 'LIDIA KENKO', '', 'Cinthia Pusari', 'Juan Apaza', '280', 'DEBE', '', '', '334', '9211146LP', '5', 'contado', NULL, '2016-11-26', ''),
(815, 'BENITA CORO', '', 'Cinthia Pusari', 'Abad Mamani', '120', 'CANCELADO', '', '', '335', '9211146LP', '8', 'contado', NULL, '2016-11-26', ''),
(816, 'GLADIS MAMANI', '', 'Cinthia Pusari', 'Abad Mamani', '120', 'CANCELADO', '', '', '337', '9211146LP', '8', 'contado', NULL, '2016-11-26', ''),
(817, 'MARITZA LIMACHI', '', 'Cinthia Pusari', 'Abad Mamani', '125', 'CANCELADO', '', '', '338', '9211146LP', '8', 'contado', NULL, '2016-11-26', ''),
(818, 'OLGA ', '', 'Cinthia Pusari', 'Abad Mamani', '125', 'CANCELADO', '', '', '174', '9211146LP', '8', 'contado', NULL, '2016-11-26', ''),
(819, 'ROSA ', '', 'Cinthia Pusari', 'Abad Mamani', '125', 'CANCELADO', '', '', '269', '9211146LP', '8', 'contado', NULL, '2016-11-26', ''),
(820, 'MONICA ', '', 'Cinthia Pusari', 'Abad Mamani', '200', 'CANCELADO', '', '', '176', '9211146LP', '8', 'contado', NULL, '2016-11-26', ''),
(821, 'ELENA ', '', 'Cinthia Pusari', 'Abad Mamani', '320', 'CANCELADO', '', '', '67', '9211146LP', '8', 'contado', NULL, '2016-11-26', ''),
(822, 'ALEJANDRA ', '', 'Cinthia Pusari', 'Abad Mamani', '120', 'CANCELADO', '', '', '177', '9211146LP', '8', 'contado', NULL, '2016-11-26', ''),
(823, 'JOSE LUIS CASAS', '', 'Cinthia Pusari', 'Abad Mamani', '200', 'CANCELADO', '', '', '68', '9211146LP', '8', 'contado', NULL, '2016-11-26', ''),
(824, 'ANASTACIA ', '', 'Cinthia Pusari', 'Abad Mamani', '310', 'CANCELADO', '', '', '69', '9211146LP', '8', 'contado', NULL, '2016-11-26', ''),
(825, 'REYNA ', '', 'Cinthia Pusari', 'Abad Mamani', '48', 'CANCELADO', '', '', '261', '9211146LP', '8', 'contado', NULL, '2016-11-26', ''),
(826, 'VICKY CONDE', '', 'Cinthia Pusari', 'Abad Mamani', '110', 'CANCELADO', '', '', '158', '9211146LP', '8', 'contado', NULL, '2016-11-26', ''),
(827, 'HILDA ALVAREZ', '', 'Cinthia Pusari', 'Abad Mamani', '50', 'CANCELADO', '', '', '323', '9211146LP', '8', 'contado', NULL, '2016-11-26', ''),
(828, 'FLORA QUIÃ‘ONES', '', 'Cinthia Pusari', 'Abad Mamani', '120', 'CANCELADO', '', '', '76', '9211146LP', '8', 'contado', NULL, '2016-11-26', ''),
(829, 'MARCELA SILES', '', 'Cinthia Pusari', 'Abad Mamani', '48', 'CANCELADO', '', '', '339', '9211146LP', '8', 'contado', NULL, '2016-11-26', ''),
(830, 'RAMIRO ', '', 'Cinthia Pusari', 'Abad Mamani', '125', 'CANCELADO', '', '', '300', '9211146LP', '8', 'contado', NULL, '2016-11-26', ''),
(831, 'MARIA PAIROMAN', '', 'Cinthia Pusari', 'Abad Mamani', '229', 'CANCELADO', '', '', '340', '9211146LP', '8', 'contado', NULL, '2016-11-26', ''),
(832, 'DELIA ACARAPI', '', 'Cinthia Pusari', 'Abad Mamani', '125', 'DEBE', '', '', '342', '9211146LP', '8', 'contado', NULL, '2016-11-26', ''),
(833, 'YOLANDA ', '', 'Cinthia Pusari', 'Abad Mamani', '552', 'CANCELADO', '', '', '62', '9211146LP', '8', 'contado', NULL, '2016-11-26', ''),
(834, 'COSME ', '', 'Cinthia Pusari', 'Abad Mamani', '335', 'CANCELADO', '', '', '143', '9211146LP', '8', 'contado', NULL, '2016-11-26', ''),
(835, 'MARINA LOPEZ', '', 'Cinthia Pusari', 'Abad Mamani', '266', 'DEBE', '', '', '75', '9211146LP', '8', 'contado', NULL, '2016-11-26', ''),
(836, 'FRANKLIN ', '', 'Cinthia Pusari', 'Abad Mamani', '212.5', 'DEBE', '', '', '154', '9211146LP', '8', 'contado', NULL, '2016-11-26', ''),
(837, 'SONIA ', '', 'Cinthia Pusari', 'Abad Mamani', '162', 'CANCELADO', '', '', '304', '9211146LP', '8', 'contado', NULL, '2016-11-26', ''),
(838, 'ELSA ', '', 'Cinthia Pusari', 'Abad Mamani', '120', 'CANCELADO', '', '', '343', '9211146LP', '8', 'contado', NULL, '2016-11-26', ''),
(839, 'ELY CONDE', '', 'Cinthia Pusari', 'Abad Mamani', '120', 'CANCELADO', '', '', '180', '9211146LP', '8', 'contado', NULL, '2016-11-26', ''),
(840, 'YULY ', '', 'Cinthia Pusari', 'Abad Mamani', '66', 'CANCELADO', '', '', '307', '9211146LP', '8', 'contado', NULL, '2016-11-26', ''),
(841, 'LA CABAÃ‘A  - 2 - SATELITE ', 'LA CABAÃ‘A', 'Cinthia Pusari', 'Hernando Gutierrez', '182', 'DEBE', '', '', '97', '9211146LP', '1', 'contado', NULL, '2016-11-25', ''),
(842, 'CRISTIAN CASTRO', 'IMPUESTOS NACIONALES', 'Cinthia Pusari', 'Hernando Gutierrez', '138', 'DEBE', '', '', '169', '9211146LP', '1', 'contado', NULL, '2016-11-28', ''),
(843, 'Ned Inversiones ', 'STEAK HOUSE', 'Cinthia Pusari', 'Hernando Gutierrez', '490', 'DEBE', '', '', '6', '9211146LP', '1', 'contado', NULL, '2016-11-28', ''),
(844, 'ELIZABETH ', '', 'Cinthia Pusari', 'Diego Tarifa', '117.5', 'DEBE', '', '', '344', '9211146LP', '2', 'contado', NULL, '2016-11-28', ''),
(845, 'FAUSTINA ', '', 'Cinthia Pusari', 'Diego Tarifa', '115', 'DEBE', '', '', '345', '9211146LP', '2', 'contado', NULL, '2016-11-28', ''),
(846, 'JARED ', '', 'Cinthia Pusari', 'Diego Tarifa', '115', 'DEBE', '', '', '120', '9211146LP', '2', 'contado', NULL, '2016-11-28', ''),
(847, 'DAYANA ', '', 'Cinthia Pusari', 'Diego Tarifa', '120', 'DEBE', '', '', '53', '9211146LP', '2', 'contado', NULL, '2016-11-28', ''),
(848, 'GRACIELA ', '', 'Cinthia Pusari', 'Diego Tarifa', '115', 'DEBE', '', '', '189', '9211146LP', '2', 'contado', NULL, '2016-11-28', ''),
(849, 'GUSTAVO ', '', 'Cinthia Pusari', 'Diego Tarifa', '115', 'DEBE', '', '', '54', '9211146LP', '2', 'contado', NULL, '2016-11-28', ''),
(850, 'MECHE ', '', 'Cinthia Pusari', 'Diego Tarifa', '115', 'DEBE', '', '', '132', '9211146LP', '2', 'contado', NULL, '2016-11-28', ''),
(851, 'ROSA ', '', 'Cinthia Pusari', 'Diego Tarifa', '180', 'DEBE', '', '', '187', '9211146LP', '2', 'contado', NULL, '2016-11-28', ''),
(852, 'VERONICA QUINO', '', 'Cinthia Pusari', 'Diego Tarifa', '115', 'DEBE', '', '', '121', '9211146LP', '2', 'contado', NULL, '2016-11-28', ''),
(853, 'ELVIRA ', '', 'Cinthia Pusari', 'Diego Tarifa', '115', 'DEBE', '', '', '57', '9211146LP', '2', 'contado', NULL, '2016-11-28', ''),
(854, 'ELIZABETH ', '', 'Cinthia Pusari', 'Diego Tarifa', '0', 'DEBE', '', '', '344', '9211146LP', '2', 'contado', NULL, '2016-11-28', ''),
(855, 'BALBINA ', '', 'Cinthia Pusari', 'Abad Mamani', '110', 'DEBE', '', '', '346', '9211146LP', '8', 'contado', NULL, '2016-11-28', ''),
(856, 'RENE QUISPE', '', 'Cinthia Pusari', 'Abad Mamani', '72', 'DEBE', '', '', '347', '9211146LP', '8', 'contado', NULL, '2016-11-28', ''),
(857, 'AYDA ', '', 'Cinthia Pusari', 'Abad Mamani', '75', 'DEBE', '', '', '262', '9211146LP', '8', 'contado', NULL, '2016-11-28', ''),
(858, 'CELIA AGUILAR', '', 'Cinthia Pusari', 'Abad Mamani', '66', 'DEBE', '', '', '348', '9211146LP', '8', 'contado', NULL, '2016-11-28', ''),
(859, 'SILVIA ', '', 'Cinthia Pusari', 'Abad Mamani', '125', 'DEBE', '', '', '349', '9211146LP', '8', 'contado', NULL, '2016-11-28', ''),
(860, 'GOMEZ ', '', 'Cinthia Pusari', 'Abad Mamani', '72', 'DEBE', '', '', '350', '9211146LP', '8', 'contado', NULL, '2016-11-28', ''),
(861, 'MARIA MAMANI', '', 'Cinthia Pusari', 'Abad Mamani', '144', 'DEBE', '', '', '264', '9211146LP', '8', 'contado', NULL, '2016-11-28', ''),
(862, 'MARIA TORREZ', '', 'Cinthia Pusari', 'Abad Mamani', '52', 'DEBE', '', '', '305', '9211146LP', '8', 'contado', NULL, '2016-11-28', ''),
(863, 'NINFA ', '', 'Cinthia Pusari', 'Abad Mamani', '66', 'DEBE', '', '', '351', '9211146LP', '8', 'contado', NULL, '2016-11-28', ''),
(864, 'CEFERINA ', '', 'Cinthia Pusari', 'Abad Mamani', '98', 'DEBE', '', '', '352', '9211146LP', '8', 'contado', NULL, '2016-11-28', ''),
(865, 'JUSTA DE', '', 'Cinthia Pusari', 'Abad Mamani', '120', 'DEBE', '', '', '353', '9211146LP', '8', 'contado', NULL, '2016-11-28', ''),
(866, 'RAMIRO ', '', 'Cinthia Pusari', 'Abad Mamani', '125', 'DEBE', '', '', '300', '9211146LP', '8', 'contado', NULL, '2016-11-28', ''),
(867, 'CARMECIA ', '', 'Cinthia Pusari', 'Abad Mamani', '92', 'DEBE', '', '', '303', '9211146LP', '8', 'contado', NULL, '2016-11-28', ''),
(868, 'ALISON TARQUI', '', 'Cinthia Pusari', 'Abad Mamani', '120', 'DEBE', '', '', '354', '9211146LP', '8', 'contado', NULL, '2016-11-28', ''),
(869, 'CLOTILDE ', '', 'Cinthia Pusari', 'Abad Mamani', '125', 'DEBE', '', '', '159', '9211146LP', '8', 'contado', NULL, '2016-11-28', ''),
(870, 'JAIME ', '', 'Cinthia Pusari', 'Abad Mamani', '125', 'DEBE', '', '', '72', '9211146LP', '8', 'contado', NULL, '2016-11-28', ''),
(871, 'ANTONIO ', '', 'Cinthia Pusari', 'Abad Mamani', '125', 'DEBE', '', '', '355', '9211146LP', '8', 'contado', NULL, '2016-11-28', ''),
(872, 'ABAD ', '', 'Cinthia Pusari', 'Abad Mamani', '0', 'DEBE', '', '', '299', '9211146LP', '8', 'contado', NULL, '2016-11-28', ''),
(873, 'MEGA "1" Menacho', 'COMERCIO "MEGAS"', 'Cinthia Pusari', 'Hernando Gutierrez', '390', 'DEBE', '', '', '20', '9211146LP', '1', 'contado', NULL, '2016-11-29', ''),
(874, 'MEGA "1" Menacho', 'COMERCIO "MEGAS"', 'Cinthia Pusari', 'Hernando Gutierrez', '135', 'DEBE', '', '', '20', '9211146LP', '1', 'contado', NULL, '2016-11-29', ''),
(875, 'MEGA "2" Ivoni Miranda Miranda', 'VILLAZON "MEGAS"', 'Cinthia Pusari', 'Hernando Gutierrez', '120', 'DEBE', '', '', '21', '9211146LP', '1', 'contado', NULL, '2016-11-29', ''),
(876, 'MEGA "3" Elvis Miranda Miranda', 'MIRAFLORES "MEGAS"', 'Cinthia Pusari', 'Hernando Gutierrez', '391', 'DEBE', '', '', '22', '9211146LP', '1', 'contado', NULL, '2016-11-29', ''),
(877, 'MEGA "4" Elvis Miranda Miranda', 'CAMACHO "MEGAS"', 'Cinthia Pusari', 'Hernando Gutierrez', '406', 'DEBE', '', '', '23', '9211146LP', '1', 'contado', NULL, '2016-11-29', ''),
(878, 'MEGA "5" Miranda', 'UYUNI "MEGAS"', 'Cinthia Pusari', 'Hernando Gutierrez', '240', 'DEBE', '', '', '24', '9211146LP', '1', 'contado', NULL, '2016-11-29', ''),
(879, 'MEGA "6" Elvis Miranda Miranda', '6 DE AGOSTO "MEGAS"', 'Cinthia Pusari', 'Hernando Gutierrez', '242', 'DEBE', '', '', '25', '9211146LP', '1', 'contado', NULL, '2016-11-29', ''),
(880, 'Vanesa ', '', 'Cinthia Pusari', 'Hernando Gutierrez', '64', 'DEBE', '', '', '14', '9211146LP', '1', 'contado', NULL, '2016-11-29', ''),
(881, 'Papaya Express ', 'PAPAYA EXPRESS', 'Cinthia Pusari', 'Hernando Gutierrez', '163', 'DEBE', '', '', '8', '9211146LP', '1', 'contado', NULL, '2016-11-29', ''),
(882, 'CHAPACO ', '', 'Cinthia Pusari', 'Diego Tarifa', '301', 'DEBE', '', '', '41', '9211146LP', '2', 'contado', NULL, '2016-11-29', ''),
(883, 'OSCAR ', '', 'Cinthia Pusari', 'Diego Tarifa', '250', 'DEBE', '', '', '126', '9211146LP', '2', 'contado', NULL, '2016-11-29', ''),
(884, 'CHARITO ', '', 'Cinthia Pusari', 'Diego Tarifa', '230', 'DEBE', '', '', '43', '9211146LP', '2', 'contado', NULL, '2016-11-29', ''),
(885, 'CELIA ', '', 'Cinthia Pusari', 'Diego Tarifa', '230', 'DEBE', '', '', '45', '9211146LP', '2', 'contado', NULL, '2016-11-29', ''),
(886, 'JULIA ', '', 'Cinthia Pusari', 'Diego Tarifa', '250', 'DEBE', '', '', '44', '9211146LP', '2', 'contado', NULL, '2016-11-29', ''),
(887, 'EMMA ', '', 'Cinthia Pusari', 'Diego Tarifa', '460', 'DEBE', '', '', '243', '9211146LP', '2', 'contado', NULL, '2016-11-29', ''),
(888, 'ESPERANZA ', '', 'Cinthia Pusari', 'Diego Tarifa', '315', 'DEBE', '', '', '118', '9211146LP', '2', 'contado', NULL, '2016-11-29', ''),
(889, 'MARCELA ', '', 'Cinthia Pusari', 'Diego Tarifa', '120', 'DEBE', '', '', '47', '9211146LP', '2', 'contado', NULL, '2016-11-29', ''),
(890, 'ROSARIO ', '', 'Cinthia Pusari', 'Diego Tarifa', '247.5', 'DEBE', '', '', '119', '9211146LP', '2', 'contado', NULL, '2016-11-29', ''),
(891, 'MARIA SALGUEDO', '', 'Cinthia Pusari', 'Diego Tarifa', '714', 'DEBE', '', '', '49', '9211146LP', '2', 'contado', NULL, '2016-11-29', ''),
(892, 'NANCY ', '', 'Cinthia Pusari', 'Diego Tarifa', '125', 'DEBE', '', '', '78', '9211146LP', '2', 'contado', NULL, '2016-11-29', ''),
(893, 'LEONOR ', '', 'Cinthia Pusari', 'Diego Tarifa', '177', 'DEBE', '', '', '46', '9211146LP', '2', 'contado', NULL, '2016-11-29', ''),
(894, 'DIONICIA ', '', 'Cinthia Pusari', 'Diego Tarifa', '78', 'DEBE', '', '', '52', '9211146LP', '2', 'contado', NULL, '2016-11-29', ''),
(895, 'AMERICA ', '', 'Cinthia Pusari', 'Diego Tarifa', '807.5', 'DEBE', '', '', '80', '9211146LP', '2', 'contado', NULL, '2016-11-29', ''),
(896, 'THE DUBLINER ', '', 'Cinthia Pusari', 'Hernando Gutierrez', '245', 'DEBE', '', '', '104', '9211146LP', '1', 'contado', NULL, '2016-11-29', ''),
(897, 'LA CABAÃ‘A  - 2 - SATELITE ', 'LA CABAÃ‘A', 'Cinthia Pusari', 'Hernando Gutierrez', '182', 'DEBE', '', '', '97', '9211146LP', '1', 'contado', NULL, '2016-11-29', ''),
(898, 'LIDIA AGUILAR', '', 'Cinthia Pusari', 'Juan Apaza', '141', 'CANCELADO', '', '', '290', '9211146LP', '5', 'contado', NULL, '2016-11-26', ''),
(899, 'NIEVEZ ', '', 'Cinthia Pusari', 'Juan Apaza', '143', 'CANCELADO', '', '', '40', '9211146LP', '5', 'contado', NULL, '2016-11-26', ''),
(900, 'VICTORIA ', '', 'Cinthia Pusari', 'Juan Apaza', '125', 'DEBE', '', '', '27', '9211146LP', '5', 'contado', NULL, '2016-11-26', ''),
(901, 'TOMASA ', '', 'Cinthia Pusari', 'Juan Apaza', '328', 'CANCELADO', '', '', '32', '9211146LP', '5', 'contado', NULL, '2016-11-26', ''),
(902, 'JIMENA HIDALGO', '', 'Cinthia Pusari', 'Juan Apaza', '120', 'DEBE', '', '', '356', '9211146LP', '5', 'contado', NULL, '2016-11-26', ''),
(903, 'LUIS MAMANI', '', 'Cinthia Pusari', 'Juan Apaza', '125', 'DEBE', '', '', '30', '9211146LP', '5', 'contado', NULL, '2016-11-26', ''),
(904, 'YHENNY CASA', '', 'Cinthia Pusari', 'Juan Apaza', '725', 'DEBE', '', '', '357', '9211146LP', '5', 'contado', NULL, '2016-11-26', ''),
(905, 'MAYDANA ', '', 'Cinthia Pusari', 'Juan Apaza', '110', 'CANCELADO', '', '', '232', '9211146LP', '5', 'contado', NULL, '2016-11-26', ''),
(906, 'NEYMAR ', '', 'Cinthia Pusari', 'Juan Apaza', '125', 'CANCELADO', '', '', '208', '9211146LP', '5', 'contado', NULL, '2016-11-26', ''),
(907, 'FLORA ', '', 'Cinthia Pusari', 'Juan Apaza', '125', 'CANCELADO', '', '', '215', '9211146LP', '5', 'contado', NULL, '2016-11-26', ''),
(908, 'ALICIA APAZA', '', 'Cinthia Pusari', 'Juan Apaza', '125', 'DEBE', '', '', '256', '9211146LP', '5', 'contado', NULL, '2016-11-26', ''),
(909, 'CONCEPCION ALANOCA', '', 'Cinthia Pusari', 'Juan Apaza', '345', 'DEBE', '', '', '294', '9211146LP', '5', 'contado', NULL, '2016-11-26', ''),
(910, 'BEATRIZ CONDORI', '', 'Cinthia Pusari', 'Juan Apaza', '125', 'CANCELADO', '', '', '358', '9211146LP', '5', 'contado', NULL, '2016-11-26', ''),
(911, 'SHADAI ', '', 'Cinthia Pusari', 'Juan Apaza', '69', 'DEBE', '', '', '228', '9211146LP', '5', 'contado', NULL, '2016-11-29', ''),
(912, 'JHENNY ', '', 'Cinthia Pusari', 'Juan Apaza', '125', 'DEBE', '', '', '359', '9211146LP', '5', 'contado', NULL, '2016-11-29', ''),
(913, 'BEATRIZ ', '', 'Cinthia Pusari', 'Juan Apaza', '125', 'DEBE', '', '', '212', '9211146LP', '5', 'contado', NULL, '2016-11-29', ''),
(914, 'ROSE MARY', '', 'Cinthia Pusari', 'Juan Apaza', '120', 'DEBE', '', '', '227', '9211146LP', '5', 'contado', NULL, '2016-11-29', ''),
(915, 'DOÃ‘A CARLA', '', 'Cinthia Pusari', 'Juan Apaza', '69', 'DEBE', '', '', '360', '9211146LP', '5', 'contado', NULL, '2016-11-29', ''),
(916, 'FRANCISCA ', '', 'Cinthia Pusari', 'Juan Apaza', '125', 'DEBE', '', '', '209', '9211146LP', '5', 'contado', NULL, '2016-11-29', ''),
(917, 'MAYDANA ', '', 'Cinthia Pusari', 'Juan Apaza', '222.5', 'DEBE', '', '', '232', '9211146LP', '5', 'contado', NULL, '2016-11-29', ''),
(918, 'VICTORIA ', '', 'Cinthia Pusari', 'Juan Apaza', '69', 'DEBE', '', '', '27', '9211146LP', '5', 'contado', NULL, '2016-11-29', ''),
(919, 'JULIA LLIPE', '', 'Cinthia Pusari', 'Juan Apaza', '276', 'DEBE', '', '', '36', '9211146LP', '5', 'contado', NULL, '2016-11-29', ''),
(920, 'BEATRIZ MAMANI', '', 'Cinthia Pusari', 'Juan Apaza', '120', 'DEBE', '', '', '35', '9211146LP', '5', 'contado', NULL, '2016-11-29', ''),
(921, 'VERONICA APAZA', '', 'Cinthia Pusari', 'Juan Apaza', '250', 'DEBE', '', '', '28', '9211146LP', '5', 'contado', NULL, '2016-11-29', ''),
(922, 'ZENOVIA ', '', 'Cinthia Pusari', 'Juan Apaza', '69', 'DEBE', '', '', '238', '9211146LP', '5', 'contado', NULL, '2016-11-29', ''),
(923, 'MADIMA ', '', 'Cinthia Pusari', 'Juan Apaza', '125', 'DEBE', '', '', '287', '9211146LP', '5', 'contado', NULL, '2016-11-29', ''),
(924, 'LUIS LIMACHI', '', 'Cinthia Pusari', 'Juan Apaza', '125', 'DEBE', '', '', '207', '9211146LP', '5', 'contado', NULL, '2016-11-29', ''),
(925, 'NEYMAR ', '', 'Cinthia Pusari', 'Juan Apaza', '125', 'DEBE', '', '', '208', '9211146LP', '5', 'contado', NULL, '2016-11-29', ''),
(926, 'ROXANA ', '', 'Cinthia Pusari', 'Juan Apaza', '125', 'DEBE', '', '', '206', '9211146LP', '5', 'contado', NULL, '2016-11-29', ''),
(927, 'LUISA VERASTEGUI', '', 'Cinthia Pusari', 'Juan Apaza', '115', 'DEBE', '', '', '203', '9211146LP', '5', 'contado', NULL, '2016-11-29', ''),
(928, 'EDGAR MIRANDA', '', 'Cinthia Pusari', 'Juan Apaza', '115', 'DEBE', '', '', '361', '9211146LP', '5', 'contado', NULL, '2016-11-29', ''),
(929, 'FERMINA ', '', 'Cinthia Pusari', 'Juan Apaza', '220', 'DEBE', '', '', '362', '9211146LP', '5', 'contado', NULL, '2016-11-29', ''),
(930, 'ROSA VARGAS', '', 'Cinthia Pusari', 'Juan Apaza', '125', 'DEBE', '', '', '39', '9211146LP', '5', 'contado', NULL, '2016-11-29', ''),
(931, 'VICKY CHUI', '', 'Cinthia Pusari', 'Juan Apaza', '88', 'DEBE', '', '', '202', '9211146LP', '5', 'contado', NULL, '2016-11-29', ''),
(932, 'VALERIO ', '', 'Cinthia Pusari', 'Juan Apaza', '75', 'DEBE', '', '', '200', '9211146LP', '5', 'contado', NULL, '2016-11-29', ''),
(933, 'FRIAL HUAYCHEÃ‘ITO', '', 'Cinthia Pusari', 'Juan Apaza', '230', 'DEBE', '', '', '241', '9211146LP', '5', 'contado', NULL, '2016-11-29', ''),
(934, 'MERY ', '', 'Cinthia Pusari', 'Juan Apaza', '150', 'DEBE', '', '', '214', '9211146LP', '5', 'contado', NULL, '2016-11-29', ''),
(935, 'ANGELICA ', '', 'Cinthia Pusari', 'Abad Mamani', '469', 'DEBE', '', '', '63', '9211146LP', '8', 'contado', NULL, '2016-11-29', ''),
(936, 'JUANA PATZI', '', 'Cinthia Pusari', 'Abad Mamani', '240', 'DEBE', '', '', '65', '9211146LP', '8', 'contado', NULL, '2016-11-29', ''),
(937, 'OSCAR ', '', 'Cinthia Pusari', 'Abad Mamani', '125', 'DEBE', '', '', '137', '9211146LP', '8', 'contado', NULL, '2016-11-29', ''),
(938, 'JULIA NINA', '', 'Cinthia Pusari', 'Abad Mamani', '120', 'DEBE', '', '', '146', '9211146LP', '8', 'contado', NULL, '2016-11-29', ''),
(939, 'MARY ', '', 'Cinthia Pusari', 'Abad Mamani', '120', 'DEBE', '', '', '139', '9211146LP', '8', 'contado', NULL, '2016-11-29', ''),
(940, 'JAIME ', '', 'Cinthia Pusari', 'Abad Mamani', '104', 'DEBE', '', '', '72', '9211146LP', '8', 'contado', NULL, '2016-11-29', ''),
(941, 'PEDRO LAURA', '', 'Cinthia Pusari', 'Abad Mamani', '229', 'DEBE', '', '', '71', '9211146LP', '8', 'contado', NULL, '2016-11-29', ''),
(942, 'JUANA QUISPE', '', 'Cinthia Pusari', 'Abad Mamani', '125', 'DEBE', '', '', '147', '9211146LP', '8', 'contado', NULL, '2016-11-29', ''),
(943, 'MARISOL MATIAS', '', 'Cinthia Pusari', 'Abad Mamani', '110', 'DEBE', '', '', '363', '9211146LP', '8', 'contado', NULL, '2016-11-29', ''),
(944, 'PASCUALA ', '', 'Cinthia Pusari', 'Abad Mamani', '125', 'DEBE', '', '', '85', '9211146LP', '8', 'contado', NULL, '2016-11-29', ''),
(945, 'TEODORA ', '', 'Cinthia Pusari', 'Abad Mamani', '120', 'DEBE', '', '', '86', '9211146LP', '8', 'contado', NULL, '2016-11-29', ''),
(946, 'ELSA ', '', 'Cinthia Pusari', 'Abad Mamani', '230', 'DEBE', '', '', '343', '9211146LP', '8', 'contado', NULL, '2016-11-29', ''),
(947, 'BENITA ', '', 'Cinthia Pusari', 'Abad Mamani', '230', 'DEBE', '', '', '364', '9211146LP', '8', 'contado', NULL, '2016-11-29', ''),
(948, 'ADELA ', '', 'Cinthia Pusari', 'Abad Mamani', '125', 'DEBE', '', '', '142', '9211146LP', '8', 'contado', NULL, '2016-11-29', ''),
(949, 'MARINA LOPEZ', '', 'Cinthia Pusari', 'Abad Mamani', '130', 'DEBE', '', '', '75', '9211146LP', '8', 'contado', NULL, '2016-11-29', ''),
(950, 'MARIA SIÃ‘ANI', '', 'Cinthia Pusari', 'Abad Mamani', '117.5', 'DEBE', '', '', '295', '9211146LP', '8', 'contado', NULL, '2016-11-29', ''),
(951, 'MARY ', '', 'Cinthia Pusari', 'Abad Mamani', '125', 'DEBE', '', '', '139', '9211146LP', '8', 'contado', NULL, '2016-11-29', ''),
(952, 'COSME ', '', 'Cinthia Pusari', 'Abad Mamani', '352.5', 'DEBE', '', '', '143', '9211146LP', '8', 'contado', NULL, '2016-11-29', ''),
(953, 'MAXIMA MIRANDA', '', 'Cinthia Pusari', 'Abad Mamani', '125', 'DEBE', '', '', '365', '9211146LP', '8', 'contado', NULL, '2016-11-29', ''),
(954, 'FANNY MENDOZA', '', 'Cinthia Pusari', 'Abad Mamani', '125', 'DEBE', '', '', '366', '9211146LP', '8', 'contado', NULL, '2016-11-29', ''),
(955, 'MEGA "1" Menacho', 'COMERCIO "MEGAS"', 'Cinthia Pusari', 'Hernando Gutierrez', '253.8', 'DEBE', '', '', '20', '9211146LP', '1', 'contado', NULL, '2016-11-30', ''),
(956, 'MEGA "1" Menacho', 'COMERCIO "MEGAS"', 'Cinthia Pusari', 'Hernando Gutierrez', '800', 'DEBE', '', '', '20', '9211146LP', '1', 'contado', NULL, '2016-11-30', ''),
(957, 'MEGA "2" Ivoni Miranda Miranda', 'VILLAZON "MEGAS"', 'Cinthia Pusari', 'Hernando Gutierrez', '374', 'DEBE', '', '', '21', '9211146LP', '1', 'contado', NULL, '2016-11-30', ''),
(958, 'MEGA "3" Elvis Miranda Miranda', 'MIRAFLORES "MEGAS"', 'Cinthia Pusari', 'Hernando Gutierrez', '543', 'DEBE', '', '', '22', '9211146LP', '1', 'contado', NULL, '2016-11-30', ''),
(959, 'MEGA "4" Elvis Miranda Miranda', 'CAMACHO "MEGAS"', 'Cinthia Pusari', 'Hernando Gutierrez', '604', 'DEBE', '', '', '23', '9211146LP', '1', 'contado', NULL, '2016-11-30', ''),
(960, 'MEGA "5" Miranda', 'UYUNI "MEGAS"', 'Cinthia Pusari', 'Hernando Gutierrez', '240', 'DEBE', '', '', '24', '9211146LP', '1', 'contado', NULL, '2016-11-30', ''),
(961, 'MEGA "6" Elvis Miranda Miranda', '6 DE AGOSTO "MEGAS"', 'Cinthia Pusari', 'Hernando Gutierrez', '273', 'DEBE', '', '', '25', '9211146LP', '1', 'contado', NULL, '2016-11-30', ''),
(962, 'Maria Calderon', 'MAIN COFFEE', 'Cinthia Pusari', 'Hernando Gutierrez', '147', 'DEBE', '', '', '4', '9211146LP', '1', 'contado', NULL, '2016-11-30', ''),
(963, 'LUCY ', '', 'Cinthia Pusari', 'Diego Tarifa', '315', 'DEBE', '', '', '186', '9211146LP', '2', 'contado', NULL, '2016-11-30', ''),
(964, 'ALANOCA ', '', 'Cinthia Pusari', 'Diego Tarifa', '190', 'DEBE', '', '', '42', '9211146LP', '2', 'contado', NULL, '2016-11-30', ''),
(965, 'MAGDA ', '', 'Cinthia Pusari', 'Diego Tarifa', '222.5', 'DEBE', '', '', '321', '9211146LP', '2', 'contado', NULL, '2016-11-30', ''),
(966, 'JHENNY ', '', 'Cinthia Pusari', 'Diego Tarifa', '120', 'DEBE', '', '', '188', '9211146LP', '2', 'contado', NULL, '2016-11-30', ''),
(967, 'ANGEL ', '', 'Cinthia Pusari', 'Diego Tarifa', '101', 'DEBE', '', '', '320', '9211146LP', '2', 'contado', NULL, '2016-11-30', ''),
(968, 'EVA ', '', 'Cinthia Pusari', 'Diego Tarifa', '120', 'DEBE', '', '', '50', '9211146LP', '2', 'contado', NULL, '2016-11-30', ''),
(969, 'MARIA QUISPE', '', 'Cinthia Pusari', 'Diego Tarifa', '125', 'DEBE', '', '', '79', '9211146LP', '2', 'contado', NULL, '2016-11-30', ''),
(970, 'MECHE ', '', 'Cinthia Pusari', 'Diego Tarifa', '115', 'DEBE', '', '', '132', '9211146LP', '2', 'contado', NULL, '2016-11-30', ''),
(971, 'YOLA TARQUI ', '', 'Cinthia Pusari', 'Diego Tarifa', '220', 'DEBE', '', '', '124', '9211146LP', '2', 'contado', NULL, '2016-11-30', ''),
(972, 'WILLY ', '', 'Cinthia Pusari', 'Diego Tarifa', '120', 'DEBE', '', '', '172', '9211146LP', '2', 'contado', NULL, '2016-11-30', ''),
(973, 'ROSA LINDA', '', 'Cinthia Pusari', 'Diego Tarifa', '230', 'DEBE', '', '', '130', '9211146LP', '2', 'contado', NULL, '2016-11-30', ''),
(974, 'ROSA HUANCA', '', 'Cinthia Pusari', 'Diego Tarifa', '203', 'DEBE', '', '', '322', '9211146LP', '2', 'contado', NULL, '2016-11-30', ''),
(975, 'MARINA QUISPE', '', 'Cinthia Pusari', 'Diego Tarifa', '125', 'DEBE', '', '', '279', '9211146LP', '2', 'contado', NULL, '2016-11-30', ''),
(976, 'DIONICIA ', '', 'Cinthia Pusari', 'Diego Tarifa', '78', 'DEBE', '', '', '52', '9211146LP', '2', 'contado', NULL, '2016-11-30', ''),
(977, 'CELIA ', '', 'Cinthia Pusari', 'Diego Tarifa', '115', 'DEBE', '', '', '45', '9211146LP', '2', 'contado', NULL, '2016-11-30', ''),
(978, 'SHIRLEY ', '', 'Cinthia Pusari', 'Diego Tarifa', '120', 'DEBE', '', '', '276', '9211146LP', '2', 'contado', NULL, '2016-11-30', ''),
(979, 'RIBER RODRIGUEZ', '', 'Cinthia Pusari', 'Diego Tarifa', '150', 'DEBE', '', '', '81', '9211146LP', '2', 'contado', NULL, '2016-11-30', ''),
(980, NULL, NULL, 'Cinthia Pusari', NULL, NULL, NULL, NULL, NULL, NULL, '9211146LP', NULL, NULL, NULL, '2016-11-30', NULL);

-- --------------------------------------------------------

--
-- Estructura de tabla para la tabla `nota_pedido`
--

CREATE TABLE IF NOT EXISTS `nota_pedido` (
  `id_nota` varchar(150) DEFAULT NULL,
  `id_producto` varchar(150) DEFAULT NULL,
  `cantidad` varchar(150) DEFAULT NULL,
  `entregado` varchar(150) DEFAULT NULL,
  `masa` varchar(150) DEFAULT NULL,
  `precio` varchar(150) DEFAULT NULL,
  `subtotal` varchar(150) DEFAULT NULL,
  `codigo` int(11) NOT NULL AUTO_INCREMENT,
  `nombre` varchar(250) DEFAULT NULL,
  PRIMARY KEY (`codigo`)
) ENGINE=InnoDB  DEFAULT CHARSET=latin1 AUTO_INCREMENT=1714 ;

--
-- Volcado de datos para la tabla `nota_pedido`
--

INSERT INTO `nota_pedido` (`id_nota`, `id_producto`, `cantidad`, `entregado`, `masa`, `precio`, `subtotal`, `codigo`, `nombre`) VALUES
('17', 'SPA-006', '1', '1', 'Kg.', '29', '29', 140, 'Salchicha Paquete'),
('18', 'JSA-018', '9.00', '9.00', 'Kg.', '35', '315', 141, 'Jamon Sanguchero'),
('19', 'JSA-018', '2', '2', 'Kg.', '32', '64', 142, 'Jamon Sanguchero'),
('20', 'SPA-006', '18', '18', 'Kg.', '30', '540', 143, 'Salchicha Paquete'),
('20', 'JSA-018', '5', '5', 'Kg.', '31', '155', 144, 'Jamon Sanguchero'),
('20', 'TOC-022', '1', '1', 'Kg.', '44', '44', 145, 'Tocino'),
('21', 'SPA-006', '16', '16', 'Kg.', '30', '480', 146, 'Salchicha Paquete'),
('21', 'JSA-018', '3', '3', 'Kg.', '31', '93', 147, 'Jamon Sanguchero'),
('22', 'SPA-006', '15', '15', 'Kg.', '30', '450', 150, 'Salchicha Paquete'),
('22', 'JSA-018', '2', '2', 'Kg.', '31', '62', 151, 'Jamon Sanguchero'),
('22', 'TOC-022', '1', '1', 'Kg.', '44', '44', 152, 'Tocino'),
('23', 'SPA-006', '19', '19', 'Kg.', '30', '570', 153, 'Salchicha Paquete'),
('23', 'JSA-018', '6', '6', 'Kg.', '31', '186', 154, 'Jamon Sanguchero'),
('23', 'TOC-022', '1', '1', 'Kg.', '44', '44', 155, 'Tocino'),
('25', 'SPA-006', '10', '10', 'Kg.', '30', '300', 156, 'Salchicha Paquete'),
('26', 'SPA-006', '5', '5', 'Kg.', '30', '150', 157, 'Salchicha Paquete'),
('26', 'JSA-018', '2', '2', 'Kg.', '31', '62', 158, 'Jamon Sanguchero'),
('27', 'SPA-006', '10', '10', 'Kg.', '30', '300', 159, 'Salchicha Paquete'),
('16', 'TOC-022', '1', '1', 'Kg.', '49', '49', 160, 'Tocino'),
('28', 'SPA-006', '4', '4', 'Kg.', '32', '128', 161, 'Salchicha Paquete'),
('28', 'JSA-018', '1', '1', 'Kg.', '35', '35', 162, 'Jamon Sanguchero'),
('29', 'JDA-017', '4', '4', 'Kg.', '27', '108', 164, 'Jamonada'),
('30', 'TOC-022', '2', '2', 'Kg.', '49', '98', 165, 'Tocino'),
('37', 'SPA-006', '48', '48', 'Kg.', '30', '1440', 197, 'Salchicha Paquete'),
('37', 'JSA-018', '15', '15', 'Kg.', '31', '465', 200, 'Jamon Sanguchero'),
('37', 'TOC-022', '2', '2', 'Kg.', '44', '88', 201, 'Tocino'),
('38', 'SPA-006', '38', '38', 'Kg.', '30', '1140', 202, 'Salchicha Paquete'),
('38', 'JSA-018', '10', '10', 'Kg.', '31', '310', 203, 'Jamon Sanguchero'),
('38', 'TOC-022', '1', '1', 'Kg.', '44', '44', 204, 'Tocino'),
('39', 'SPA-006', '40', '40', 'Kg.', '30', '1200', 206, 'Salchicha Paquete'),
('39', 'JSA-018', '12', '12', 'Kg.', '31', '372', 207, 'Jamon Sanguchero'),
('39', 'TOC-022', '3', '3', 'Kg.', '44', '132', 208, 'Tocino'),
('40', 'SPA-006', '27', '27', 'Kg.', '30', '810', 209, 'Salchicha Paquete'),
('40', 'JSA-018', '6', '6', 'Kg.', '31', '186', 210, 'Jamon Sanguchero'),
('41', 'SPA-006', '15', '15', 'Kg.', '30', '450', 211, 'Salchicha Paquete'),
('41', 'JSA-018', '3', '3', 'Kg.', '31', '93', 212, 'Jamon Sanguchero'),
('41', 'TOC-022', '1', '1', 'Kg.', '44', '44', 213, 'Tocino'),
('42', 'SPA-006', '20', '20', 'Kg.', '30', '600', 214, 'Salchicha Paquete'),
('42', 'TOC-022', '1', '1', 'Kg.', '44', '44', 216, 'Tocino'),
('42', 'JSA-018', '6', '6', 'Kg.', '31', '186', 217, 'Jamon Sanguchero'),
('43', 'SVI-001', '5', '5', 'Kg.', '27', '135', 218, 'Salchicha Viena'),
('44', 'JSA-018', '2', '2', 'Kg.', '32', '64', 219, 'Jamon Sanguchero'),
('45', 'SPA-006', '4', '4', 'Kg.', '32', '128', 220, 'Salchicha Paquete'),
('54', 'MPC-015', '1', '1', 'Kg.', '28', '28', 221, 'M. Pastel de Cabeza'),
('55', 'SPA-006', '25', '25', 'Kg.', '30', '750', 222, 'Salchicha Paquete'),
('56', 'SPA-006', '25', '25', 'Kg.', '30', '750', 223, 'Salchicha Paquete'),
('46', 'SVI-001', '5', '5', 'Kg.', '29', '145', 224, 'Salchicha Viena'),
('46', 'JDA-017', '1', '1', 'Kg.', '30', '30', 226, 'Jamonada'),
('46', 'JSA-018', '1', '1', 'Kg.', '35', '35', 227, 'Jamon Sanguchero'),
('60', 'SPA-006', '4', '4', 'Kg.', '32', '128', 248, 'Salchicha Paquete'),
('60', 'JSA-018', '1', '1', 'Kg.', '35', '35', 252, 'Jamon Sanguchero'),
('61', 'SPA-006', '5', '5', 'Kg.', '30', '150', 254, 'Salchicha Paquete'),
('62', 'JSA-018', '4', '4', 'Kg.', '31', '124', 259, 'Jamon Sanguchero'),
('62', 'TOC-022', '1', '1', 'Kg.', '44', '44', 260, 'Tocino'),
('63', 'JDA-017', '3.9', '3.9', 'Kg.', '27', '105.3', 263, 'Jamonada'),
('64', 'SPA-006', '19', '19', 'Kg.', '30', '570', 264, 'Salchicha Paquete'),
('64', 'JSA-018', '5', '5', 'Kg.', '31', '155', 265, 'Jamon Sanguchero'),
('65', 'JSA-018', '2', '2', 'Kg.', '31', '62', 266, 'Jamon Sanguchero'),
('65', 'SPA-006', '7', '7', 'Kg.', '30', '210', 267, 'Salchicha Paquete'),
('65', 'TOC-022', '1', '1', 'Kg.', '44', '44', 268, 'Tocino'),
('66', 'SPA-006', '6', '6', 'Kg.', '30', '180', 269, 'Salchicha Paquete'),
('67', 'SPA-006', '12', '12', 'Kg.', '30', '360', 270, 'Salchicha Paquete'),
('67', 'JSA-018', '3', '3', 'Kg.', '31', '93', 271, 'Jamon Sanguchero'),
('36', 'SSE-005', '4', '4', 'Kg.', '28', '112', 272, 'Salchicha Super Especial'),
('68', 'SPA-006', '6', '6', 'Kg.', '30', '180', 273, 'Salchicha Paquete'),
('35', 'TOC-022', '3', '3', 'Kg.', '49', '147', 275, 'Tocino'),
('62', 'SPA-006', '14', '14', 'Kg.', '30', '420', 276, 'Salchicha Paquete'),
('69', 'TOC-022', '5', '5', 'Kg.', '49', '245', 277, 'Tocino'),
('68', 'JSA-018', '2', '2', 'Kg.', '31', '62', 278, 'Jamon Sanguchero'),
('71', 'SVI-001', '5', '5', 'Kg.', '23', '115', 279, 'Salchicha Viena'),
('72', 'SPA-006', '19', '19', 'Kg.', '30', '570', 280, 'Salchicha Paquete'),
('72', 'JSA-018', '4', '4', 'Kg.', '31', '124', 281, 'Jamon Sanguchero'),
('73', 'SVI-001', '23', '23', 'Kg.', '3', '69', 282, 'Salchicha Viena'),
('74', 'SVI-001', '23', '23', 'Kg.', '3', '69', 283, 'Salchicha Viena'),
('75', 'SVI-001', '23', '23', 'Kg.', '6', '138', 284, 'Salchicha Viena'),
('76', 'SVI-001', '5', '5', 'Kg.', '27', '135', 285, 'Salchicha Viena'),
('77', 'SVI-001', '23', '23', 'Kg.', '3', '69', 286, 'Salchicha Viena'),
('78', 'SPA-006', '15', '15', 'Kg.', '30', '450', 287, 'Salchicha Paquete'),
('78', 'JSA-018', '3', '3', 'Kg.', '31', '93', 288, 'Jamon Sanguchero'),
('78', 'TOC-022', '1', '1', 'Kg.', '44', '44', 289, 'Tocino'),
('79', 'SVI-001', '23', '23', 'Kg.', '5', '115', 290, 'Salchicha Viena'),
('80', 'SPA-006', '11', '11', 'Kg.', '30', '330', 291, 'Salchicha Paquete'),
('80', 'JSA-018', '1', '1', 'Kg.', '31', '31', 292, 'Jamon Sanguchero'),
('80', 'TOC-022', '1', '1', 'Kg.', '44', '44', 293, 'Tocino'),
('81', 'SVI-001', '23', '23', 'Kg.', '5', '115', 294, 'Salchicha Viena'),
('82', 'SVI-001', '23', '23', 'Kg.', '10', '230', 295, 'Salchicha Viena'),
('83', 'SPA-006', '15', '15', 'Kg.', '30', '450', 296, 'Salchicha Paquete'),
('84', 'SVI-001', '23', '23', 'Kg.', '5', '115', 297, 'Salchicha Viena'),
('83', 'JSA-018', '4', '4', 'Kg.', '31', '124', 298, 'Jamon Sanguchero'),
('83', 'TOC-022', '1', '1', 'Kg.', '44', '44', 299, 'Tocino'),
('85', 'SVI-001', '23', '23', 'Kg.', '5', '115', 300, 'Salchicha Viena'),
('86', 'SES-002', '21', '21', 'Kg.', '5', '105', 301, 'Salchicha Especial'),
('87', 'SPA-006', '10', '10', 'Kg.', '30', '300', 302, 'Salchicha Paquete'),
('87', 'JSA-018', '2', '2', 'Kg.', '31', '62', 303, 'Jamon Sanguchero'),
('87', 'TOC-022', '1', '1', 'Kg.', '44', '44', 304, 'Tocino'),
('89', 'MPC-015', '25', '25', 'Kg.', '9.2', '229.99999999999997', 305, 'M. Pastel de Cabeza'),
('92', 'SPA-006', '8', '8', 'Kg.', '30', '240', 306, 'Salchicha Paquete'),
('92', 'JSA-018', '1', '1', 'Kg.', '31', '31', 307, 'Jamon Sanguchero'),
('93', 'SPA-006', '1', '1', 'Kg.', '29', '29', 308, 'Salchicha Paquete'),
('93', 'JSA-018', '2', '2', 'Kg.', '32', '64', 309, 'Jamon Sanguchero'),
('94', 'TOC-022', '2', '2', 'Kg.', '49', '98', 310, 'Tocino'),
('96', 'SPA-006', '12', '12', 'Kg.', '30', '360', 312, 'Salchicha Paquete'),
('96', 'JSA-018', '2', '2', 'Kg.', '31', '62', 313, 'Jamon Sanguchero'),
('96', 'TAH-024', '1', '1', 'Kg.', '44', '44', 314, 'Tocino Ahumado'),
('97', 'SPA-006', '22', '22', 'Kg.', '30', '660', 315, 'Salchicha Paquete'),
('97', 'JSA-018', '5', '5', 'Kg.', '31', '155', 316, 'Jamon Sanguchero'),
('97', 'TAH-024', '1', '1', 'Kg.', '44', '44', 317, 'Tocino Ahumado'),
('98', 'SPA-006', '8', '8', 'Kg.', '30', '240', 318, 'Salchicha Paquete'),
('98', 'JSA-018', '2', '2', 'Kg.', '31', '62', 319, 'Jamon Sanguchero'),
('88', 'SPA-006', '4', '4', 'Kg.', '30', '120', 320, 'Salchicha Paquete'),
('99', 'SPA-006', '8', '8', 'Kg.', '30', '240', 321, 'Salchicha Paquete'),
('99', 'JSA-018', '2', '2', 'Kg.', '31', '62', 322, 'Jamon Sanguchero'),
('99', 'TAH-024', '1', '1', 'Kg.', '44', '44', 323, 'Tocino Ahumado'),
('90', 'TAH-024', '4', '4', 'Kg.', '49', '196', 325, 'Tocino Ahumado'),
('91', 'SPA-006', '16', '16', 'Kg.', '30', '480', 328, 'Salchicha Paquete'),
('91', 'TAH-024', '1', '1', 'Kg.', '44', '44', 330, 'Tocino Ahumado'),
('91', 'JSA-018', '3', '3', 'Kg.', '31', '93', 332, 'Jamon Sanguchero'),
('95', 'SVI-001', '5', '5', 'Kg.', '27', '135', 333, 'Salchicha Viena'),
('88', 'JSA-018', '2', '2', 'Kg.', '32', '64', 334, 'Jamon Sanguchero'),
('101', 'SPA-006', '8', '8', 'Kg.', '30', '240', 335, 'Salchicha Paquete'),
('101', 'JSA-018', '3', '3', 'Kg.', '31', '93', 336, 'Jamon Sanguchero'),
('101', 'TAH-024', '1', '1', 'Kg.', '44', '44', 337, 'Tocino Ahumado'),
('102', 'JSA-018', '3', '3', 'Kg.', '35', '105', 338, 'Jamon Sanguchero'),
('102', 'TOC-022', '6', '6', 'Kg.', '49', '294', 339, 'Tocino'),
('103', 'SPA-006', '3', '3', 'Kg.', '32', '96', 340, 'Salchicha Paquete'),
('103', 'JSA-018', '1', '1', 'Kg.', '35', '35', 341, 'Jamon Sanguchero'),
('104', 'SVI-001', '10', '10', 'Kg.', '25', '250', 342, 'Salchicha Viena'),
('104', 'CHP-036', '5', '5', 'Kg.', '16', '80', 343, 'Chorizo Precocido 1/2 kg.'),
('105', 'SVI-001', '10', '10', 'Kg.', '25', '250', 344, 'Salchicha Viena'),
('105', 'CHP-036', '5', '5', 'Kg.', '16', '80', 345, 'Chorizo Precocido 1/2 kg.'),
('105', 'QCH-019', '2', '2', 'Kg.', '26', '52', 346, 'Queso de Chancho'),
('106', 'SVI-001', '5', '5', 'Kg.', '25', '125', 347, 'Salchicha Viena'),
('106', 'CHP-036', '5', '5', 'Kg.', '16', '80', 348, 'Chorizo Precocido 1/2 kg.'),
('105', 'JDA-017', '3', '3', 'Kg.', '26', '78', 349, 'Jamonada'),
('107', 'SVI-001', '5', '5', 'Kg.', '25', '125', 350, 'Salchicha Viena'),
('107', 'CHP-036', '5', '5', 'Kg.', '16', '80', 351, 'Chorizo Precocido 1/2 kg.'),
('108', 'SVI-001', '5', '5', 'Kg.', '25', '125', 352, 'Salchicha Viena'),
('108', 'CHP-036', '5', '5', 'Kg.', '16', '80', 353, 'Chorizo Precocido 1/2 kg.'),
('109', 'SVI-001', '5', '5', 'Kg.', '25', '125', 354, 'Salchicha Viena'),
('109', 'CHP-036', '10', '10', 'Kg.', '16', '160', 355, 'Chorizo Precocido 1/2 kg.'),
('110', 'SVI-001', '10', '10', 'Kg.', '25', '250', 356, 'Salchicha Viena'),
('110', 'CHP-036', '5', '5', 'Kg.', '16', '80', 357, 'Chorizo Precocido 1/2 kg.'),
('111', 'SVI-001', '10', '10', 'Kg.', '25', '250', 358, 'Salchicha Viena'),
('112', 'SVI-001', '5', '5', 'Kg.', '25', '125', 359, 'Salchicha Viena'),
('113', 'SVI-001', '5', '5', 'Kg.', '25', '125', 360, 'Salchicha Viena'),
('113', 'QCH-019', '2', '2', 'Kg.', '26', '52', 361, 'Queso de Chancho'),
('113', 'JDA-017', '2', '2', 'Kg.', '26', '52', 362, 'Jamonada'),
('114', 'SVI-001', '10', '10', 'Kg.', '25', '250', 363, 'Salchicha Viena'),
('115', 'SVI-001', '5', '5', 'Kg.', '25', '125', 364, 'Salchicha Viena'),
('115', 'QCH-019', '4.1', '4.1', 'Kg.', '25', '102.49999999999999', 365, 'Queso de Chancho'),
('115', 'JDA-017', '4.2', '4.2', 'Kg.', '25', '105', 366, 'Jamonada'),
('116', 'SVI-001', '10', '10', 'Kg.', '25', '250', 367, 'Salchicha Viena'),
('116', 'QCH-019', '4.3', '4.3', 'Kg.', '25', '107.5', 368, 'Queso de Chancho'),
('116', 'JDA-017', '3.7', '3.7', 'Kg.', '25', '92.5', 369, 'Jamonada'),
('117', 'SVI-001', '5', '5', 'Kg.', '25', '125', 370, 'Salchicha Viena'),
('117', 'CHP-036', '5', '5', 'Kg.', '16', '80', 371, 'Chorizo Precocido 1/2 kg.'),
('117', 'QCH-019', '8.1', '8.1', 'Kg.', '25', '202.5', 372, 'Queso de Chancho'),
('117', 'MCA-011', '3.1', '3.1', 'Kg.', '25', '77.5', 373, 'Mortadela Cazador'),
('117', 'JDA-017', '4.2', '4.2', 'Kg.', '25', '105', 374, 'Jamonada'),
('118', 'SVI-001', '5', '5', 'Kg.', '25', '125', 375, 'Salchicha Viena'),
('119', 'SVI-001', '5', '5', 'Kg.', '25', '125', 376, 'Salchicha Viena'),
('119', 'CHP-036', '5', '5', 'Kg.', '16', '80', 377, 'Chorizo Precocido 1/2 kg.'),
('120', 'SVI-001', '10', '10', 'Kg.', '25', '250', 378, 'Salchicha Viena'),
('120', 'CHP-036', '5', '5', 'Kg.', '16', '80', 379, 'Chorizo Precocido 1/2 kg.'),
('121', 'SVI-001', '5', '5', 'Kg.', '25', '125', 380, 'Salchicha Viena'),
('121', 'CHP-036', '5', '5', 'Kg.', '16', '80', 381, 'Chorizo Precocido 1/2 kg.'),
('122', 'SVI-001', '5', '5', 'Kg.', '25', '125', 382, 'Salchicha Viena'),
('122', 'SES-002', '10', '10', 'Kg.', '22', '220', 383, 'Salchicha Especial'),
('122', 'CHP-036', '10', '10', 'Kg.', '16', '160', 384, 'Chorizo Precocido 1/2 kg.'),
('123', 'SVI-001', '3', '3', 'Kg.', '25', '75', 385, 'Salchicha Viena'),
('124', 'SVI-001', '3', '3', 'Kg.', '25', '75', 386, 'Salchicha Viena'),
('125', 'SVI-001', '3', '3', 'Kg.', '25', '75', 387, 'Salchicha Viena'),
('126', 'SVI-001', '3', '3', 'Kg.', '23', '69', 388, 'Salchicha Viena'),
('127', 'SES-002', '5', '5', 'Kg.', '22', '110', 389, 'Salchicha Especial'),
('127', 'CHF-008', '3', '3', 'Kg.', '28', '84', 390, 'Chorizo Fresco a granel'),
('128', 'CHF-008', '5', '5', 'Kg.', '28', '140', 391, 'Chorizo Fresco a granel'),
('128', 'CHP-036', '10', '10', 'Kg.', '16', '160', 392, 'Chorizo Precocido 1/2 kg.'),
('129', 'CHP-036', '10', '10', 'Kg.', '16', '160', 393, 'Chorizo Precocido 1/2 kg.'),
('130', 'CHP-036', '20', '20', 'Kg.', '16', '320', 394, 'Chorizo Precocido 1/2 kg.'),
('131', 'CHF-008', '5', '5', 'Kg.', '28', '140', 395, 'Chorizo Fresco a granel'),
('131', 'CHP-036', '5', '5', 'Kg.', '16', '80', 396, 'Chorizo Precocido 1/2 kg.'),
('132', 'CHP-036', '3', '3', 'Kg.', '16', '48', 397, 'Chorizo Precocido 1/2 kg.'),
('133', 'SES-002', '3', '3', 'Kg.', '22', '66', 398, 'Salchicha Especial'),
('133', 'CHP-036', '3', '3', 'Kg.', '16', '48', 399, 'Chorizo Precocido 1/2 kg.'),
('134', 'CHP-036', '5', '5', 'Kg.', '16', '80', 400, 'Chorizo Precocido 1/2 kg.'),
('100', 'JSA-018', '8.8', '8.8', 'Kg.', '35', '308', 402, 'Jamon Sanguchero'),
('135', 'JSA-018', '2', '2', 'Kg.', '32', '64', 403, 'Jamon Sanguchero'),
('136', 'JSA-018', '15', '15', 'Kg.', '31', '465', 405, 'Jamon Sanguchero'),
('136', 'TOC-022', '2', '2', 'Kg.', '44', '88', 406, 'Tocino'),
('137', 'SPA-006', '23', '23', 'Kg.', '30', '690', 408, 'Salchicha Paquete'),
('138', 'SPA-006', '35', '35', 'Kg.', '30', '1050', 409, 'Salchicha Paquete'),
('137', 'JSA-018', '4', '4', 'Kg.', '31', '124', 410, 'Jamon Sanguchero'),
('138', 'JSA-018', '10', '10', 'Kg.', '31', '310', 411, 'Jamon Sanguchero'),
('138', 'TOC-022', '1', '1', 'Kg.', '44', '44', 412, 'Tocino'),
('139', 'SPA-006', '48', '48', 'Kg.', '30', '1440', 413, 'Salchicha Paquete'),
('139', 'JSA-018', '16', '16', 'Kg.', '31', '496', 415, 'Jamon Sanguchero'),
('139', 'TOC-022', '3', '3', 'Kg.', '44', '132', 416, 'Tocino'),
('140', 'SPA-006', '35', '35', 'Kg.', '30', '1050', 417, 'Salchicha Paquete'),
('140', 'JSA-018', '9', '9', 'Kg.', '31', '279', 418, 'Jamon Sanguchero'),
('141', 'SPA-006', '23', '23', 'Kg.', '30', '690', 419, 'Salchicha Paquete'),
('140', 'TOC-022', '2', '2', 'Kg.', '44', '88', 420, 'Tocino'),
('141', 'JSA-018', '5', '5', 'Kg.', '31', '155', 421, 'Jamon Sanguchero'),
('142', 'SPA-006', '5', '5', 'Kg.', '32', '160', 422, 'Salchicha Paquete'),
('142', 'JSA-018', '1', '1', 'Kg.', '35', '35', 423, 'Jamon Sanguchero'),
('143', 'JDA-017', '3.9', '3.9', 'Kg.', '27', '105.3', 424, 'Jamonada'),
('136', 'SPA-006', '49', '49', 'Kg.', '30', '1470', 425, 'Salchicha Paquete'),
('143', 'SVI-001', '5', '5', 'Kg.', '27', '135', 426, 'Salchicha Viena'),
('144', 'SPA-006', '9', '9', 'Kg.', '30', '270', 427, 'Salchicha Paquete'),
('144', 'TOC-022', '1', '1', 'Kg.', '44', '44', 428, 'Tocino'),
('145', 'SPA-006', '8', '8', 'Kg.', '30', '240', 429, 'Salchicha Paquete'),
('145', 'JSA-018', '4', '4', 'Kg.', '31', '124', 430, 'Jamon Sanguchero'),
('145', 'TOC-022', '1', '1', 'Kg.', '44', '44', 431, 'Tocino'),
('146', 'SPA-006', '10', '10', 'Kg.', '30', '300', 432, 'Salchicha Paquete'),
('146', 'TOC-022', '1', '1', 'Kg.', '44', '44', 433, 'Tocino'),
('147', 'SPA-006', '16', '16', 'Kg.', '30', '480', 434, 'Salchicha Paquete'),
('148', 'SPA-006', '4', '4', 'Kg.', '30', '120', 435, 'Salchicha Paquete'),
('148', 'TOC-022', '1', '1', 'Kg.', '44', '44', 436, 'Tocino'),
('150', 'SVI-001', '5', '5', 'Kg.', '25', '125', 438, 'Salchicha Viena'),
('159', 'SES-002', '3', '3', 'Kg.', '22', '66', 447, 'Salchicha Especial'),
('160', 'SES-002', '5', '5', 'Kg.', '22', '110', 448, 'Salchicha Especial'),
('161', 'SES-002', '3', '3', 'Kg.', '22', '66', 449, 'Salchicha Especial'),
('163', 'TOC-022', '2.3', '2.3', 'Kg.', '45', '103.49999999999999', 450, 'Tocino'),
('164', 'SES-002', '5', '5', 'Kg.', '22', '110', 452, 'Salchicha Especial'),
('165', 'QCH-019', '1', '1', 'Kg.', '26', '26', 454, 'Queso de Chancho'),
('165', 'JDA-017', '1', '1', 'Kg.', '26', '26', 455, 'Jamonada'),
('166', 'QCH-019', '4.3', '4.3', 'Kg.', '25', '107.5', 456, 'Queso de Chancho'),
('166', 'JDA-017', '4.2', '4.2', 'Kg.', '25', '105', 457, 'Jamonada'),
('162', 'SES-002', '3', '3', 'Kg.', '22', '66', 458, 'Salchicha Especial'),
('167', 'SPA-006', '18', '18', 'Kg.', '30', '540', 460, 'Salchicha Paquete'),
('168', 'SVI-001', '5', '5', 'Kg.', '27', '135', 461, 'Salchicha Viena'),
('169', 'SPA-006', '6', '6', 'Kg.', '30', '180', 462, 'Salchicha Paquete'),
('170', 'SPA-006', '8', '8', 'Kg.', '30', '240', 464, 'Salchicha Paquete'),
('170', 'JSA-018', '1', '1', 'Kg.', '31', '31', 465, 'Jamon Sanguchero'),
('171', 'SPA-006', '11', '11', 'Kg.', '30', '330', 466, 'Salchicha Paquete'),
('171', 'TOC-022', '1', '1', 'Kg.', '44', '44', 467, 'Tocino'),
('172', 'SPA-006', '15', '15', 'Kg.', '30', '450', 468, 'Salchicha Paquete'),
('172', 'JSA-018', '2', '2', 'Kg.', '31', '62', 469, 'Jamon Sanguchero'),
('173', 'SPA-006', '5', '5', 'Kg.', '30', '150', 470, 'Salchicha Paquete'),
('169', 'TOC-022', '1', '1', 'Kg.', '44', '44', 471, 'Tocino'),
('178', 'SVI-001', '5', '5', 'Kg.', '25', '125', 478, 'Salchicha Viena'),
('179', 'SVI-001', '5', '5', 'Kg.', '25', '125', 479, 'Salchicha Viena'),
('181', 'SVI-001', '5', '5', 'Kg.', '25', '125', 480, 'Salchicha Viena'),
('180', 'SVI-001', '5', '5', 'Kg.', '25', '125', 481, 'Salchicha Viena'),
('180', 'QCH-019', '2', '2', 'Kg.', '26', '52', 482, 'Queso de Chancho'),
('180', 'JDA-017', '2', '2', 'Kg.', '26', '52', 483, 'Jamonada'),
('182', 'SVI-001', '5', '5', 'Kg.', '25', '125', 484, 'Salchicha Viena'),
('182', 'SES-002', '5', '5', 'Kg.', '22', '110', 485, 'Salchicha Especial'),
('184', 'QCH-019', '1', '1', 'Kg.', '26', '26', 488, 'Queso de Chancho'),
('184', 'JDA-017', '1', '1', 'Kg.', '26', '26', 489, 'Jamonada'),
('185', 'SVI-001', '5', '5', 'Kg.', '25', '125', 490, 'Salchicha Viena'),
('188', 'TOC-022', '3', '3', 'Kg.', '49', '147', 493, 'Tocino'),
('189', 'QCH-019', '4.5', '4.5', 'Kg.', '27', '121.5', 494, 'Queso de Chancho'),
('190', 'SPA-006', '5', '5', 'Kg.', '30', '150', 496, 'Salchicha Paquete'),
('191', 'SPA-006', '11', '11', 'Kg.', '30', '330', 497, 'Salchicha Paquete'),
('191', 'JSA-018', '4', '4', 'Kg.', '31', '124', 498, 'Jamon Sanguchero'),
('191', 'TAH-024', '1', '1', 'Kg.', '44', '44', 499, 'Tocino Ahumado'),
('192', 'SPA-006', '25', '25', 'Kg.', '30', '750', 500, 'Salchicha Paquete'),
('192', 'JSA-018', '6', '6', 'Kg.', '31', '186', 501, 'Jamon Sanguchero'),
('192', 'TAH-024', '1', '1', 'Kg.', '44', '44', 502, 'Tocino Ahumado'),
('193', 'SPA-006', '9', '9', 'Kg.', '30', '270', 503, 'Salchicha Paquete'),
('193', 'JSA-018', '2', '2', 'Kg.', '31', '62', 504, 'Jamon Sanguchero'),
('194', 'JSA-018', '2', '2', 'Kg.', '32', '64', 505, 'Jamon Sanguchero'),
('195', 'SPA-006', '12', '12', 'Kg.', '30', '360', 506, 'Salchicha Paquete'),
('195', 'JSA-018', '4', '4', 'Kg.', '31', '124', 507, 'Jamon Sanguchero'),
('196', 'SPA-006', '9', '9', 'Kg.', '30', '270', 508, 'Salchicha Paquete'),
('196', 'JSA-018', '3', '3', 'Kg.', '31', '93', 509, 'Jamon Sanguchero'),
('196', 'TAH-024', '1', '1', 'Kg.', '44', '44', 510, 'Tocino Ahumado'),
('197', 'SPA-006', '4', '4', 'Kg.', '30', '120', 511, 'Salchicha Paquete'),
('197', 'JSA-018', '1', '1', 'Kg.', '31', '31', 512, 'Jamon Sanguchero'),
('197', 'TAH-024', '1', '1', 'Kg.', '44', '44', 513, 'Tocino Ahumado'),
('198', 'TAH-024', '2', '2', 'Kg.', '49', '98', 514, 'Tocino Ahumado'),
('201', 'SVI-001', '5', '5', 'Kg.', '25', '125', 517, 'Salchicha Viena'),
('202', 'SVI-001', '5', '5', 'Kg.', '25', '125', 518, 'Salchicha Viena'),
('203', 'SVI-001', '5', '5', 'Kg.', '25', '125', 519, 'Salchicha Viena'),
('205', 'SVI-001', '5', '5', 'Kg.', '25', '125', 520, 'Salchicha Viena'),
('206', 'SVI-001', '5', '5', 'Kg.', '24', '120', 521, 'Salchicha Viena'),
('207', 'SVI-001', '5', '5', 'Kg.', '24', '120', 522, 'Salchicha Viena'),
('208', 'SVI-001', '5', '5', 'Kg.', '24', '120', 523, 'Salchicha Viena'),
('209', 'SVI-001', '10', '10', 'Kg.', '24', '240', 524, 'Salchicha Viena'),
('210', 'SES-002', '5', '5', 'Kg.', '22', '110', 525, 'Salchicha Especial'),
('211', 'SES-002', '5', '5', 'Kg.', '22', '110', 526, 'Salchicha Especial'),
('204', 'SES-002', '5', '5', 'Kg.', '22', '110', 527, 'Salchicha Especial'),
('212', 'SES-002', '5', '5', 'Kg.', '22', '110', 528, 'Salchicha Especial'),
('213', 'SES-002', '4', '4', 'Kg.', '22', '88', 529, 'Salchicha Especial'),
('189', 'JDA-017', '4', '4', 'Kg.', '27', '108', 530, 'Jamonada'),
('214', 'SPA-006', '8', '8', 'Kg.', '30', '240', 531, 'Salchicha Paquete'),
('214', 'JSA-018', '2', '2', 'Kg.', '31', '62', 532, 'Jamon Sanguchero'),
('215', 'SPA-006', '7', '7', 'Kg.', '30', '210', 533, 'Salchicha Paquete'),
('215', 'JSA-018', '1', '1', 'Kg.', '31', '31', 534, 'Jamon Sanguchero'),
('216', 'SPA-006', '22', '22', 'Kg.', '30', '660', 535, 'Salchicha Paquete'),
('216', 'JSA-018', '4', '4', 'Kg.', '31', '124', 536, 'Jamon Sanguchero'),
('217', 'SPA-006', '11', '11', 'Kg.', '30', '330', 537, 'Salchicha Paquete'),
('217', 'JSA-018', '2', '2', 'Kg.', '31', '62', 538, 'Jamon Sanguchero'),
('218', 'SPA-006', '7', '7', 'Kg.', '30', '210', 539, 'Salchicha Paquete'),
('218', 'JSA-018', '2', '2', 'Kg.', '31', '62', 540, 'Jamon Sanguchero'),
('219', 'JSA-018', '6', '6', 'Kg.', '31', '186', 541, 'Jamon Sanguchero'),
('220', 'SPA-006', '2', '2', 'Kg.', '32', '64', 542, 'Salchicha Paquete'),
('220', 'SVI-001', '5', '5', 'Kg.', '29', '145', 543, 'Salchicha Viena'),
('221', 'SPA-006', '11', '11', 'Kg.', '30', '330', 544, 'Salchicha Paquete'),
('221', 'JSA-018', '3', '3', 'Kg.', '31', '93', 545, 'Jamon Sanguchero'),
('221', 'TOC-022', '1', '1', 'Kg.', '44', '44', 546, 'Tocino'),
('222', 'SVI-001', '5', '5', 'Kg.', '27', '135', 547, 'Salchicha Viena'),
('225', 'SVI-001', '5', '5', 'Kg.', '24', '120', 550, 'Salchicha Viena'),
('226', 'SVI-001', '5', '5', 'Kg.', '24', '120', 551, 'Salchicha Viena'),
('229', 'SVI-001', '6', '6', 'Kg.', '24', '144', 554, 'Salchicha Viena'),
('230', 'SVI-001', '3', '3', 'Kg.', '24', '72', 555, 'Salchicha Viena'),
('231', 'SVI-001', '5', '5', 'Kg.', '23', '115', 556, 'Salchicha Viena'),
('232', 'SVI-001', '5', '5', 'Kg.', '23', '115', 557, 'Salchicha Viena'),
('234', 'SSE-005', '2', '2', 'Kg.', '28', '56', 559, 'Salchicha Super Especial'),
('236', 'SVI-001', '9', '9', 'Kg.', '25', '225', 561, 'Salchicha Viena'),
('236', 'SES-002', '5', '5', 'Kg.', '22', '110', 562, 'Salchicha Especial'),
('236', 'JDA-017', '4.3', '4.3', 'Kg.', '25', '107.5', 563, 'Jamonada'),
('236', 'QCH-019', '4.4', '4.4', 'Kg.', '25', '110.00000000000001', 564, 'Queso de Chancho'),
('237', 'SVI-001', '5', '5', 'Kg.', '23', '115', 565, 'Salchicha Viena'),
('238', 'SVI-001', '5', '5', 'Kg.', '23', '115', 566, 'Salchicha Viena'),
('239', 'SVI-001', '5', '5', 'Kg.', '23', '115', 567, 'Salchicha Viena'),
('240', 'SVI-001', '5', '5', 'Kg.', '23', '115', 568, 'Salchicha Viena'),
('241', 'SVI-001', '5', '5', 'Kg.', '23', '115', 569, 'Salchicha Viena'),
('242', 'SVI-001', '10', '10', 'Kg.', '23', '230', 570, 'Salchicha Viena'),
('243', 'SVI-001', '5', '5', 'Kg.', '25', '125', 571, 'Salchicha Viena'),
('244', 'SSE-005', '10', '10', 'Kg.', '28', '280', 572, 'Salchicha Super Especial'),
('245', 'SVI-001', '8', '8', 'Kg.', '23', '184', 573, 'Salchicha Viena'),
('246', 'SVI-001', '5', '5', 'Kg.', '25', '125', 574, 'Salchicha Viena'),
('246', 'SES-002', '8', '8', 'Kg.', '22', '176', 575, 'Salchicha Especial'),
('247', 'SVI-001', '10', '10', 'Kg.', '23', '230', 576, 'Salchicha Viena'),
('59', 'SVI-001', '10', '10', 'Kg.', '25', '250', 577, 'Salchicha Viena'),
('58', 'SVI-001', '15', '15', 'Kg.', '23', '345', 578, 'Salchicha Viena'),
('248', 'SVI-001', '5', '5', 'Kg.', '25', '125', 579, 'Salchicha Viena'),
('249', 'SVI-001', '15', '15', 'Kg.', '25', '375', 580, 'Salchicha Viena'),
('249', 'JDA-017', '7.8', '7.8', 'Kg.', '25', '195', 581, 'Jamonada'),
('249', 'QCH-019', '9.28', '9.28', 'Kg.', '25', '231.99999999999997', 584, 'Queso de Chancho'),
('250', 'SVI-001', '15', '15', 'Kg.', '24', '360', 585, 'Salchicha Viena'),
('250', 'QCH-019', '4', '4', 'Kg.', '26', '104', 586, 'Queso de Chancho'),
('250', 'MPR-012', '3', '3', 'Kg.', '26', '78', 587, 'Mortadela Primavera'),
('251', 'SVI-001', '5', '5', 'Kg.', '25', '125', 588, 'Salchicha Viena'),
('252', 'SVI-001', '5', '5', 'Kg.', '24', '120', 589, 'Salchicha Viena'),
('253', 'SVI-001', '5', '5', 'Kg.', '24', '120', 590, 'Salchicha Viena'),
('254', 'SVI-001', '5', '5', 'Kg.', '23', '115', 591, 'Salchicha Viena'),
('254', 'SES-002', '10', '10', 'Kg.', '21', '210', 592, 'Salchicha Especial'),
('255', 'SVI-001', '5', '5', 'Kg.', '25', '125', 593, 'Salchicha Viena'),
('256', 'SVI-001', '5', '5', 'Kg.', '25', '125', 594, 'Salchicha Viena'),
('256', 'SSE-005', '3', '3', 'Kg.', '28', '84', 595, 'Salchicha Super Especial'),
('257', 'QCH-019', '3', '3', 'Kg.', '26', '78', 596, 'Queso de Chancho'),
('258', 'JDA-017', '12.4', '12.4', 'Kg.', '25', '310', 597, 'Jamonada'),
('259', 'JDA-017', '3.8', '3.8', 'Kg.', '25', '95', 598, 'Jamonada'),
('259', 'MCA-011', '3.28', '3.28', 'Kg.', '25', '82', 599, 'Mortadela Cazador'),
('259', 'MPC-015', '2.8', '2.8', 'Kg.', '25', '70', 600, 'M. Pastel de Cabeza'),
('260', 'SVI-001', '15', '15', 'Kg.', '23', '345', 601, 'Salchicha Viena'),
('260', 'SES-002', '10', '10', 'Kg.', '21', '210', 602, 'Salchicha Especial'),
('260', 'JSA-018', '4.4', '4.4', 'Kg.', '30', '132', 603, 'Jamon Sanguchero'),
('261', 'SES-002', '15', '15', 'Kg.', '21', '315', 604, 'Salchicha Especial'),
('262', 'SCO-003', '10', '10', 'Kg.', '18', '180', 605, 'Salchicha Corriente'),
('263', 'SVI-001', '5', '5', 'Kg.', '24', '120', 606, 'Salchicha Viena'),
('264', 'SVI-001', '5', '5', 'Kg.', '24', '120', 607, 'Salchicha Viena'),
('265', 'SVI-001', '5', '5', 'Kg.', '23', '115', 608, 'Salchicha Viena'),
('266', 'SVI-001', '3', '3', 'Kg.', '23', '69', 609, 'Salchicha Viena'),
('267', 'SVI-001', '5', '5', 'Kg.', '25', '125', 610, 'Salchicha Viena'),
('268', 'SVI-001', '5', '5', 'Kg.', '24', '120', 611, 'Salchicha Viena'),
('269', 'SVI-001', '5', '5', 'Kg.', '23', '115', 612, 'Salchicha Viena'),
('270', 'SVI-001', '3', '3', 'Kg.', '25', '75', 613, 'Salchicha Viena'),
('270', 'QCH-019', '5', '5', 'Kg.', '26', '130', 614, 'Queso de Chancho'),
('271', 'SVI-001', '3', '3', 'Kg.', '25', '75', 615, 'Salchicha Viena'),
('272', 'SVI-001', '5', '5', 'Kg.', '23', '115', 616, 'Salchicha Viena'),
('273', 'SVI-001', '5', '5', 'Kg.', '23', '115', 617, 'Salchicha Viena'),
('274', 'SVI-001', '3', '3', 'Kg.', '23', '69', 618, 'Salchicha Viena'),
('275', 'SVI-001', '3', '3', 'Kg.', '23', '69', 619, 'Salchicha Viena'),
('276', 'SVI-001', '3', '3', 'Kg.', '23', '69', 620, 'Salchicha Viena'),
('277', 'SVI-001', '3', '3', 'Kg.', '23', '69', 621, 'Salchicha Viena'),
('278', 'SVI-001', '12', '12', 'Kg.', '23', '276', 622, 'Salchicha Viena'),
('279', 'SVI-001', '3', '3', 'Kg.', '23', '69', 623, 'Salchicha Viena'),
('280', 'SVI-001', '3', '3', 'Kg.', '23', '69', 624, 'Salchicha Viena'),
('281', 'SVI-001', '3', '3', 'Kg.', '23', '69', 625, 'Salchicha Viena'),
('282', 'SVI-001', '5', '5', 'Kg.', '23', '115', 626, 'Salchicha Viena'),
('283', 'SVI-001', '5', '5', 'Kg.', '24', '120', 627, 'Salchicha Viena'),
('284', 'SVI-001', '3', '3', 'Kg.', '25', '75', 628, 'Salchicha Viena'),
('285', 'SVI-001', '5', '5', 'Kg.', '25', '125', 629, 'Salchicha Viena'),
('286', 'SES-002', '4', '4', 'Kg.', '22', '88', 630, 'Salchicha Especial'),
('287', 'SVI-001', '5', '5', 'Kg.', '23', '115', 631, 'Salchicha Viena'),
('288', 'SES-002', '10', '10', 'Kg.', '22', '220', 632, 'Salchicha Especial'),
('289', 'SVI-001', '3', '3', 'Kg.', '24', '72', 633, 'Salchicha Viena'),
('290', 'SVI-001', '5', '5', 'Kg.', '25', '125', 634, 'Salchicha Viena'),
('291', 'SVI-001', '5', '5', 'Kg.', '25', '125', 635, 'Salchicha Viena'),
('292', 'SVI-001', '5', '5', 'Kg.', '25', '125', 636, 'Salchicha Viena'),
('293', 'SVI-001', '5', '5', 'Kg.', '25', '125', 637, 'Salchicha Viena'),
('294', 'SVI-001', '5', '5', 'Kg.', '25', '125', 638, 'Salchicha Viena'),
('295', 'JDA-017', '5', '5', 'Kg.', '26', '130', 639, 'Jamonada'),
('295', 'QCH-019', '5', '5', 'Kg.', '26', '130', 640, 'Queso de Chancho'),
('296', 'SVI-001', '10', '10', 'Kg.', '25', '250', 641, 'Salchicha Viena'),
('297', 'SVI-001', '5', '5', 'Kg.', '25', '125', 642, 'Salchicha Viena'),
('298', 'SVI-001', '5', '5', 'Kg.', '25', '125', 643, 'Salchicha Viena'),
('299', 'SVI-001', '5', '5', 'Kg.', '23', '115', 644, 'Salchicha Viena'),
('300', 'SVI-001', '5', '5', 'Kg.', '25', '125', 645, 'Salchicha Viena'),
('301', 'SVI-001', '5', '5', 'Kg.', '25', '125', 647, 'Salchicha Viena'),
('302', 'SVI-001', '5', '5', 'Kg.', '25', '125', 648, 'Salchicha Viena'),
('303', 'SVI-001', '5', '5', 'Kg.', '23', '115', 649, 'Salchicha Viena'),
('304', 'SVI-001', '10', '10', 'Kg.', '23', '230', 650, 'Salchicha Viena'),
('306', 'SVI-001', '5', '5', 'Kg.', '23', '115', 652, 'Salchicha Viena'),
('307', 'QCH-019', '1.6', '1.6', 'Kg.', '25', '40', 654, 'Queso de Chancho'),
('308', 'SVI-001', '3', '3', 'Kg.', '24', '72', 655, 'Salchicha Viena'),
('309', 'JDA-017', '1', '1', 'Kg.', '26', '26', 656, 'Jamonada'),
('309', 'QCH-019', '1', '1', 'Kg.', '26', '26', 657, 'Queso de Chancho'),
('310', 'SVI-001', '3', '3', 'Kg.', '24', '72', 658, 'Salchicha Viena'),
('311', 'SVI-001', '5', '5', 'Kg.', '25', '125', 659, 'Salchicha Viena'),
('312', 'SVI-001', '5', '5', 'Kg.', '25', '125', 660, 'Salchicha Viena'),
('313', 'SVI-001', '5', '5', 'Kg.', '25', '125', 661, 'Salchicha Viena'),
('314', 'JDA-017', '4.1', '4.1', 'Kg.', '25', '102.49999999999999', 663, 'Jamonada'),
('314', 'JSA-018', '4.2', '4.2', 'Kg.', '30', '126', 664, 'Jamon Sanguchero'),
('315', 'SVI-001', '5', '5', 'Kg.', '25', '125', 665, 'Salchicha Viena'),
('316', 'SVI-001', '10', '10', 'Kg.', '25', '250', 666, 'Salchicha Viena'),
('317', 'SVI-001', '5', '5', 'Kg.', '25', '125', 667, 'Salchicha Viena'),
('318', 'SVI-001', '5', '5', 'Kg.', '25', '125', 668, 'Salchicha Viena'),
('319', 'SVI-001', '5', '5', 'Kg.', '25', '125', 669, 'Salchicha Viena'),
('320', 'SVI-001', '5', '5', 'Kg.', '24', '120', 670, 'Salchicha Viena'),
('320', 'QCH-019', '1', '1', 'Kg.', '26', '26', 671, 'Queso de Chancho'),
('322', 'SCP-004', '10', '10', 'Kg.', '18', '180', 672, 'Salchicha Corriente Pintado'),
('321', 'SVI-001', '3', '3', 'Kg.', '23', '69', 673, 'Salchicha Viena'),
('323', 'SCP-004', '5', '5', 'Kg.', '18', '90', 674, 'Salchicha Corriente Pintado'),
('324', 'SVI-001', '3', '3', 'Kg.', '23', '69', 675, 'Salchicha Viena'),
('325', 'SES-002', '5', '5', 'Kg.', '22', '110', 676, 'Salchicha Especial'),
('326', 'SVI-001', '3', '3', 'Kg.', '23', '69', 677, 'Salchicha Viena'),
('327', 'SES-002', '4', '4', 'Kg.', '22', '88', 678, 'Salchicha Especial'),
('328', 'SVI-001', '3', '3', 'Kg.', '23', '69', 679, 'Salchicha Viena'),
('329', 'SVI-001', '3', '3', 'Kg.', '24', '72', 680, 'Salchicha Viena'),
('330', 'SVI-001', '5', '5', 'Kg.', '23', '115', 681, 'Salchicha Viena'),
('331', 'SVI-001', '5', '5', 'Kg.', '23', '115', 682, 'Salchicha Viena'),
('332', 'SVI-001', '20', '20', 'Kg.', '23', '460', 683, 'Salchicha Viena'),
('333', 'SVI-001', '2', '2', 'Kg.', '23', '46', 684, 'Salchicha Viena'),
('334', 'SVI-001', '5', '5', 'Kg.', '23', '115', 685, 'Salchicha Viena'),
('333', 'JDA-017', '1', '1', 'Kg.', '26', '26', 686, 'Jamonada'),
('333', 'QCH-019', '1', '1', 'Kg.', '26', '26', 687, 'Queso de Chancho'),
('335', 'SVI-001', '3', '3', 'Kg.', '23', '69', 688, 'Salchicha Viena'),
('336', 'SVI-001', '5', '5', 'Kg.', '24', '120', 689, 'Salchicha Viena'),
('337', 'SVI-001', '3', '3', 'Kg.', '23', '69', 690, 'Salchicha Viena'),
('338', 'SVI-001', '5', '5', 'Kg.', '23', '115', 691, 'Salchicha Viena'),
('339', 'SVI-001', '3', '3', 'Kg.', '23', '69', 692, 'Salchicha Viena'),
('340', 'SVI-001', '3', '3', 'Kg.', '23', '69', 693, 'Salchicha Viena'),
('341', 'SVI-001', '3', '3', 'Kg.', '23', '69', 694, 'Salchicha Viena'),
('342', 'SVI-001', '3', '3', 'Kg.', '23', '69', 695, 'Salchicha Viena'),
('343', 'SVI-001', '5', '5', 'Kg.', '23', '115', 696, 'Salchicha Viena'),
('344', 'CHP-007', '5', '5', 'Kg.', '36', '180', 697, 'Chorizo Precocido a granel'),
('345', 'SPA-006', '20', '20', 'Kg.', '30', '600', 698, 'Salchicha Paquete'),
('345', 'JSA-018', '4', '4', 'Kg.', '31', '124', 699, 'Jamon Sanguchero'),
('345', 'TOC-022', '1', '1', 'Kg.', '44', '44', 700, 'Tocino'),
('347', 'SPA-006', '13', '13', 'Kg.', '30', '390', 701, 'Salchicha Paquete'),
('347', 'JSA-018', '3', '3', 'Kg.', '31', '93', 702, 'Jamon Sanguchero'),
('347', 'TOC-022', '1', '1', 'Kg.', '44', '44', 703, 'Tocino'),
('348', 'SPA-006', '10', '10', 'Kg.', '30', '300', 704, 'Salchicha Paquete'),
('348', 'JSA-018', '2', '2', 'Kg.', '31', '62', 705, 'Jamon Sanguchero'),
('348', 'TOC-022', '1', '1', 'Kg.', '44', '44', 706, 'Tocino'),
('349', 'SPA-006', '16', '16', 'Kg.', '30', '480', 707, 'Salchicha Paquete'),
('349', 'JSA-018', '5', '5', 'Kg.', '31', '155', 708, 'Jamon Sanguchero'),
('351', 'SPA-006', '4', '4', 'Kg.', '32', '128', 713, 'Salchicha Paquete'),
('352', 'SPA-006', '6', '6', 'Kg.', '30', '180', 714, 'Salchicha Paquete'),
('352', 'JSA-018', '2', '2', 'Kg.', '31', '62', 715, 'Jamon Sanguchero'),
('353', 'JDA-017', '4.1', '4.1', 'Kg.', '27', '110.69999999999999', 716, 'Jamonada'),
('353', 'SVI-001', '5', '5', 'Kg.', '27', '135', 717, 'Salchicha Viena'),
('349', 'TOC-022', '2', '2', 'Kg.', '44', '88', 718, 'Tocino'),
('354', 'SSE-005', '3', '3', 'Kg.', '28', '84', 719, 'Salchicha Super Especial'),
('354', 'MFI-010', '1', '1', 'Kg.', '28', '28', 720, 'Mortadela Fileteada'),
('350', 'SPA-006', '8', '8', 'Kg.', '30', '240', 721, 'Salchicha Paquete'),
('350', 'JSA-018', '1', '1', 'Kg.', '31', '31', 722, 'Jamon Sanguchero'),
('355', 'QCH-019', '4.4', '4.4', 'Kg.', '25', '110.00000000000001', 724, 'Queso de Chancho'),
('356', 'CHP-036', '5', '5', 'Kg.', '16', '80', 727, 'Chorizo Precocido 1/2 kg.'),
('356', 'QCH-019', '2', '2', 'Kg.', '26', '52', 728, 'Queso de Chancho'),
('356', 'JDA-017', '3', '3', 'Kg.', '26', '78', 729, 'Jamonada'),
('358', 'CHP-036', '5', '5', 'Kg.', '16', '80', 732, 'Chorizo Precocido 1/2 kg.'),
('359', 'SVI-001', '5', '5', 'Kg.', '25', '125', 733, 'Salchicha Viena'),
('359', 'CHP-036', '5', '5', 'Kg.', '16', '80', 734, 'Chorizo Precocido 1/2 kg.'),
('360', 'SVI-001', '5', '5', 'Kg.', '25', '125', 735, 'Salchicha Viena'),
('360', 'CHP-036', '5', '5', 'Kg.', '16', '80', 736, 'Chorizo Precocido 1/2 kg.'),
('360', 'QCH-019', '2', '2', 'Kg.', '26', '52', 737, 'Queso de Chancho'),
('360', 'JDA-017', '2', '2', 'Kg.', '26', '52', 738, 'Jamonada'),
('361', 'SVI-001', '5', '5', 'Kg.', '25', '125', 739, 'Salchicha Viena'),
('363', 'CHP-036', '5', '5', 'Kg.', '16', '80', 743, 'Chorizo Precocido 1/2 kg.'),
('367', 'SVI-001', '5', '5', 'Kg.', '25', '125', 747, 'Salchicha Viena'),
('367', 'CHP-036', '5', '5', 'Kg.', '16', '80', 748, 'Chorizo Precocido 1/2 kg.'),
('370', 'SVI-001', '5', '5', 'Kg.', '25', '125', 752, 'Salchicha Viena'),
('371', 'SVI-001', '5', '5', 'Kg.', '25', '125', 753, 'Salchicha Viena'),
('371', 'QCH-019', '10', '10', 'Kg.', '25', '250', 754, 'Queso de Chancho'),
('371', 'JDA-017', '3.8', '3.8', 'Kg.', '25', '95', 755, 'Jamonada'),
('372', 'CHP-036', '5', '5', 'Kg.', '16', '80', 756, 'Chorizo Precocido 1/2 kg.'),
('373', 'CHF-008', '5', '5', 'Kg.', '28', '140', 757, 'Chorizo Fresco a granel'),
('373', 'CHP-036', '10', '10', 'Kg.', '16', '160', 758, 'Chorizo Precocido 1/2 kg.'),
('374', 'CHP-036', '5', '5', 'Kg.', '16', '80', 760, 'Chorizo Precocido 1/2 kg.'),
('375', 'CHP-036', '20', '20', 'Kg.', '16', '320', 761, 'Chorizo Precocido 1/2 kg.'),
('376', 'SSE-005', '15', '15', 'Kg.', '28', '420', 762, 'Salchicha Super Especial'),
('377', 'SVI-001', '5', '5', 'Kg.', '25', '125', 763, 'Salchicha Viena'),
('377', 'SES-002', '5', '5', 'Kg.', '22', '110', 764, 'Salchicha Especial'),
('377', 'CHP-036', '10', '10', 'Kg.', '16', '160', 765, 'Chorizo Precocido 1/2 kg.'),
('346', 'JDA-017', '4.1', '4.1', 'Kg.', '27', '110.69999999999999', 766, 'Jamonada'),
('346', 'JSA-018', '3.9', '3.9', 'Kg.', '30', '117', 768, 'Jamon Sanguchero'),
('364', 'SVI-001', '5', '5', 'Kg.', '25', '125', 770, 'Salchicha Viena'),
('364', 'CHP-036', '8', '8', 'Kg.', '16', '128', 771, 'Chorizo Precocido 1/2 kg.'),
('364', 'QCH-019', '4.2', '4.2', 'Kg.', '25', '105', 772, 'Queso de Chancho'),
('369', 'SVI-001', '5', '5', 'Kg.', '25', '125', 773, 'Salchicha Viena'),
('369', 'SES-002', '5', '5', 'Kg.', '22', '110', 774, 'Salchicha Especial'),
('378', 'SVI-001', '10', '10', 'Kg.', '25', '250', 775, 'Salchicha Viena'),
('379', 'SVI-001', '10', '10', 'Kg.', '23', '230', 776, 'Salchicha Viena'),
('380', 'SVI-001', '15', '15', 'Kg.', '23', '345', 777, 'Salchicha Viena'),
('381', 'SVI-001', '5', '5', 'Kg.', '24', '120', 778, 'Salchicha Viena'),
('382', 'SVI-001', '10', '10', 'Kg.', '25', '250', 780, 'Salchicha Viena'),
('383', 'SVI-001', '5', '5', 'Kg.', '25', '125', 781, 'Salchicha Viena'),
('383', 'JDA-017', '4', '4', 'Kg.', '25', '100', 782, 'Jamonada'),
('383', 'QCH-019', '4.6', '4.6', 'Kg.', '25', '114.99999999999999', 783, 'Queso de Chancho'),
('383', 'MPR-012', '4', '4', 'Kg.', '25', '100', 784, 'Mortadela Primavera'),
('383', 'MPI-014', '3', '3', 'Kg.', '25', '75', 785, 'Mortadela Picante'),
('383', 'JSA-018', '4.1', '4.1', 'Kg.', '30', '122.99999999999999', 786, 'Jamon Sanguchero'),
('384', 'JSA-018', '4.5', '4.5', 'Kg.', '30', '135', 788, 'Jamon Sanguchero'),
('384', 'JDA-017', '4.28', '4.28', 'Kg.', '25', '107', 789, 'Jamonada'),
('385', 'SVI-001', '10', '10', 'Kg.', '24', '240', 790, 'Salchicha Viena'),
('385', 'QCH-019', '5', '5', 'Kg.', '26', '130', 791, 'Queso de Chancho'),
('385', 'MPR-012', '2', '2', 'Kg.', '26', '52', 792, 'Mortadela Primavera'),
('385', 'MLI-013', '2', '2', 'Kg.', '26', '52', 793, 'Mortadela Lionesa'),
('386', 'SVI-001', '5', '5', 'Kg.', '25', '125', 794, 'Salchicha Viena'),
('386', 'CHP-036', '3', '3', 'Kg.', '16', '48', 795, 'Chorizo Precocido 1/2 kg.'),
('387', 'SVI-001', '5', '5', 'Kg.', '25', '125', 796, 'Salchicha Viena'),
('388', 'SVI-001', '5', '5', 'Kg.', '25', '125', 797, 'Salchicha Viena'),
('389', 'CHP-036', '8', '8', 'Kg.', '16', '128', 798, 'Chorizo Precocido 1/2 kg.'),
('389', 'JDA-017', '4.2', '4.2', 'Kg.', '25', '105', 799, 'Jamonada'),
('389', 'QCH-019', '4.8', '4.8', 'Kg.', '25', '120', 800, 'Queso de Chancho'),
('390', 'SVI-001', '5', '5', 'Kg.', '23', '115', 801, 'Salchicha Viena'),
('391', 'SVI-001', '5', '5', 'Kg.', '25', '125', 802, 'Salchicha Viena'),
('391', 'SES-002', '10', '10', 'Kg.', '22', '220', 803, 'Salchicha Especial'),
('392', 'QCH-019', '4', '4', 'Kg.', '26', '104', 804, 'Queso de Chancho'),
('393', 'QCH-019', '3', '3', 'Kg.', '26', '78', 805, 'Queso de Chancho'),
('394', 'SPA-006', '5', '5', 'Kg.', '30', '150', 806, 'Salchicha Paquete'),
('394', 'JSA-018', '1', '1', 'Kg.', '32', '32', 807, 'Jamon Sanguchero'),
('395', 'SES-002', '20', '20', 'Kg.', '21', '420', 808, 'Salchicha Especial'),
('396', 'SVI-001', '3', '3', 'Kg.', '25', '75', 809, 'Salchicha Viena'),
('397', 'SVI-001', '3', '3', 'Kg.', '23', '69', 810, 'Salchicha Viena'),
('398', 'SVI-001', '3', '3', 'Kg.', '25', '75', 811, 'Salchicha Viena'),
('399', 'QCH-019', '4.4', '4.4', 'Kg.', '25', '110.00000000000001', 812, 'Queso de Chancho'),
('401', 'SVI-001', '10', '10', 'Kg.', '25', '250', 813, 'Salchicha Viena'),
('402', 'SVI-001', '5', '5', 'Kg.', '24', '120', 814, 'Salchicha Viena'),
('403', 'SVI-001', '5', '5', 'Kg.', '24', '120', 815, 'Salchicha Viena'),
('404', 'SVI-001', '5', '5', 'Kg.', '24', '120', 816, 'Salchicha Viena'),
('405', 'SVI-001', '5', '5', 'Kg.', '24', '120', 817, 'Salchicha Viena'),
('406', 'SVI-001', '3', '3', 'Kg.', '25', '75', 818, 'Salchicha Viena'),
('407', 'SVI-001', '5', '5', 'Kg.', '25', '125', 819, 'Salchicha Viena'),
('408', 'SVI-001', '10', '10', 'Kg.', '24', '240', 820, 'Salchicha Viena'),
('409', 'SVI-001', '10', '10', 'Kg.', '23', '230', 821, 'Salchicha Viena'),
('410', 'JDA-017', '4', '4', 'Kg.', '25', '100', 822, 'Jamonada'),
('411', 'SVI-001', '5', '5', 'Kg.', '25', '125', 823, 'Salchicha Viena'),
('411', 'QCH-019', '4.3', '4.3', 'Kg.', '25', '107.5', 824, 'Queso de Chancho'),
('411', 'JDA-017', '4', '4', 'Kg.', '25', '100', 825, 'Jamonada'),
('411', 'JSA-018', '13.4', '13.4', 'Kg.', '30', '402', 826, 'Jamon Sanguchero'),
('412', 'SVI-001', '5', '5', 'Kg.', '25', '125', 827, 'Salchicha Viena'),
('413', 'QCH-019', '5', '5', 'Kg.', '26', '130', 828, 'Queso de Chancho'),
('414', 'QCH-019', '2', '2', 'Kg.', '26', '52', 829, 'Queso de Chancho'),
('416', 'QCH-019', '4.3', '4.3', 'Kg.', '25', '107.5', 831, 'Queso de Chancho'),
('418', 'JSA-018', '2', '2', 'Kg.', '32', '64', 833, 'Jamon Sanguchero'),
('419', 'SPA-006', '46', '46', 'Kg.', '30', '1380', 834, 'Salchicha Paquete'),
('419', 'JSA-018', '13', '13', 'Kg.', '31', '403', 835, 'Jamon Sanguchero'),
('419', 'TAH-024', '2', '2', 'Kg.', '44', '88', 836, 'Tocino Ahumado'),
('420', 'SVI-001', '5', '5', 'Kg.', '27', '135', 837, 'Salchicha Viena'),
('421', 'SPA-006', '25', '25', 'Kg.', '30', '750', 838, 'Salchicha Paquete'),
('421', 'JSA-018', '8', '8', 'Kg.', '31', '248', 839, 'Jamon Sanguchero'),
('421', 'TAH-024', '1', '1', 'Kg.', '44', '44', 840, 'Tocino Ahumado'),
('422', 'SPA-006', '19', '19', 'Kg.', '30', '570', 841, 'Salchicha Paquete'),
('422', 'TAH-024', '1', '1', 'Kg.', '44', '44', 843, 'Tocino Ahumado'),
('422', 'JSA-018', '6', '6', 'Kg.', '31', '186', 844, 'Jamon Sanguchero'),
('423', 'SPA-006', '20', '20', 'Kg.', '30', '600', 845, 'Salchicha Paquete'),
('423', 'JSA-018', '10', '10', 'Kg.', '31', '310', 846, 'Jamon Sanguchero'),
('423', 'TAH-024', '2', '2', 'Kg.', '44', '88', 847, 'Tocino Ahumado'),
('424', 'SPA-006', '38', '38', 'Kg.', '30', '1140', 848, 'Salchicha Paquete'),
('424', 'JSA-018', '9', '9', 'Kg.', '31', '279', 849, 'Jamon Sanguchero'),
('424', 'TAH-024', '1', '1', 'Kg.', '44', '44', 850, 'Tocino Ahumado'),
('425', 'SPA-006', '50', '50', 'Kg.', '30', '1500', 851, 'Salchicha Paquete'),
('425', 'JSA-018', '16', '16', 'Kg.', '31', '496', 854, 'Jamon Sanguchero'),
('425', 'TAH-024', '3', '3', 'Kg.', '44', '132', 855, 'Tocino Ahumado'),
('426', 'SPA-006', '3', '3', 'Kg.', '32', '96', 856, 'Salchicha Paquete'),
('426', 'JSA-018', '1', '1', 'Kg.', '35', '35', 857, 'Jamon Sanguchero'),
('427', 'SVI-001', '5', '5', 'Kg.', '25', '125', 858, 'Salchicha Viena'),
('428', 'CHP-036', '2', '2', 'Kg.', '15', '30', 859, 'Chorizo Precocido 1/2 kg.'),
('429', 'SES-002', '4', '4', 'Kg.', '22', '88', 860, 'Salchicha Especial'),
('430', 'SSE-005', '1', '1', 'Kg.', '28', '28', 861, 'Salchicha Super Especial'),
('431', 'SVI-001', '10', '10', 'Kg.', '25', '250', 862, 'Salchicha Viena'),
('431', 'CHP-036', '5', '5', 'Kg.', '16', '80', 863, 'Chorizo Precocido 1/2 kg.'),
('432', 'SVI-001', '5', '5', 'Kg.', '25', '125', 864, 'Salchicha Viena'),
('433', 'SVI-001', '5', '5', 'Kg.', '25', '125', 865, 'Salchicha Viena'),
('433', 'CHP-036', '5', '5', 'Kg.', '16', '80', 866, 'Chorizo Precocido 1/2 kg.'),
('433', 'QCH-019', '4.7', '4.7', 'Kg.', '25', '117.5', 867, 'Queso de Chancho'),
('433', 'MCA-011', '3.3', '3.3', 'Kg.', '25', '82.5', 868, 'Mortadela Cazador'),
('434', 'SVI-001', '5', '5', 'Kg.', '25', '125', 869, 'Salchicha Viena'),
('435', 'SVI-001', '5', '5', 'Kg.', '25', '125', 870, 'Salchicha Viena'),
('436', 'SVI-001', '5', '5', 'Kg.', '25', '125', 871, 'Salchicha Viena'),
('437', 'CHF-008', '6', '6', 'Kg.', '28', '168', 872, 'Chorizo Fresco a granel'),
('437', 'JDA-017', '4.3', '4.3', 'Kg.', '25', '107.5', 873, 'Jamonada'),
('438', 'SVI-001', '15', '15', 'Kg.', '25', '375', 874, 'Salchicha Viena'),
('438', 'CHP-036', '5', '5', 'Kg.', '16', '80', 875, 'Chorizo Precocido 1/2 kg.'),
('439', 'SVI-001', '10', '10', 'Kg.', '25', '250', 876, 'Salchicha Viena'),
('439', 'CHP-036', '10', '10', 'Kg.', '16', '160', 877, 'Chorizo Precocido 1/2 kg.'),
('440', 'SVI-001', '5', '5', 'Kg.', '23', '115', 878, 'Salchicha Viena'),
('440', 'CHF-008', '5', '5', 'Kg.', '15', '75', 879, 'Chorizo Fresco a granel'),
('441', 'SVI-001', '5', '5', 'Kg.', '25', '125', 880, 'Salchicha Viena'),
('442', 'SVI-001', '5', '5', 'Kg.', '25', '125', 881, 'Salchicha Viena'),
('443', 'SVI-001', '5', '5', 'Kg.', '25', '125', 882, 'Salchicha Viena'),
('444', 'SVI-001', '15', '15', 'Kg.', '25', '375', 883, 'Salchicha Viena'),
('444', 'CHP-036', '8', '8', 'Kg.', '16', '128', 884, 'Chorizo Precocido 1/2 kg.'),
('445', 'CHP-036', '10', '10', 'Kg.', '16', '160', 885, 'Chorizo Precocido 1/2 kg.'),
('447', 'SPA-006', '14', '14', 'Kg.', '30', '420', 887, 'Salchicha Paquete'),
('448', 'SPA-006', '8', '8', 'Kg.', '30', '240', 888, 'Salchicha Paquete'),
('449', 'SPA-006', '6', '6', 'Kg.', '30', '180', 889, 'Salchicha Paquete'),
('450', 'SPA-006', '14', '14', 'Kg.', '30', '420', 890, 'Salchicha Paquete'),
('451', 'SPA-006', '7', '7', 'Kg.', '30', '210', 891, 'Salchicha Paquete'),
('451', 'TOC-022', '1', '1', 'Kg.', '44', '44', 892, 'Tocino'),
('452', 'SVI-001', '3', '3', 'Kg.', '24', '72', 893, 'Salchicha Viena'),
('452', 'CHP-036', '3', '3', 'Kg.', '15', '45', 894, 'Chorizo Precocido 1/2 kg.'),
('452', 'JDA-017', '1', '1', 'Kg.', '26', '26', 895, 'Jamonada'),
('452', 'QCH-019', '1', '1', 'Kg.', '26', '26', 896, 'Queso de Chancho'),
('453', 'SVI-001', '3', '3', 'Kg.', '23', '69', 897, 'Salchicha Viena'),
('454', 'SVI-001', '5', '5', 'Kg.', '25', '125', 898, 'Salchicha Viena'),
('455', 'SVI-001', '10', '10', 'Kg.', '25', '250', 899, 'Salchicha Viena'),
('455', 'JDA-017', '1', '1', 'Kg.', '26', '26', 900, 'Jamonada'),
('455', 'QCH-019', '2', '2', 'Kg.', '26', '52', 902, 'Queso de Chancho'),
('456', 'SVI-001', '5', '5', 'Kg.', '25', '125', 903, 'Salchicha Viena'),
('457', 'SVI-001', '5', '5', 'Kg.', '25', '125', 904, 'Salchicha Viena'),
('458', 'SVI-001', '5', '5', 'Kg.', '25', '125', 905, 'Salchicha Viena'),
('459', 'SVI-001', '5', '5', 'Kg.', '25', '125', 906, 'Salchicha Viena'),
('459', 'QCH-019', '4.3', '4.3', 'Kg.', '25', '107.5', 907, 'Queso de Chancho'),
('460', 'SVI-001', '5', '5', 'Kg.', '25', '125', 908, 'Salchicha Viena'),
('460', 'JDA-017', '11.7', '11.7', 'Kg.', '25', '292.5', 909, 'Jamonada'),
('460', 'QCH-019', '12.7', '12.7', 'Kg.', '25', '317.5', 910, 'Queso de Chancho'),
('460', 'MPI-014', '6.5', '6.5', 'Kg.', '25', '162.5', 911, 'Mortadela Picante'),
('461', 'SVI-001', '2', '2', 'Kg.', '23', '46', 912, 'Salchicha Viena'),
('461', 'QCH-019', '1', '1', 'Kg.', '26', '26', 913, 'Queso de Chancho'),
('462', 'JDA-017', '5', '5', 'Kg.', '26', '130', 914, 'Jamonada'),
('462', 'QCH-019', '5', '5', 'Kg.', '26', '130', 915, 'Queso de Chancho'),
('463', 'SVI-001', '5', '5', 'Kg.', '25', '125', 916, 'Salchicha Viena'),
('464', 'SVI-001', '10', '10', 'Kg.', '25', '250', 917, 'Salchicha Viena'),
('464', 'QCH-019', '4.7', '4.7', 'Kg.', '25', '117.5', 918, 'Queso de Chancho'),
('464', 'JSA-018', '4.6', '4.6', 'Kg.', '30', '138', 919, 'Jamon Sanguchero'),
('464', 'TBA-023', '2.6', '2.6', 'Kg.', '45', '117', 920, 'Tocino en Barra'),
('465', 'SVI-001', '10', '10', 'Kg.', '25', '250', 921, 'Salchicha Viena'),
('466', 'SES-002', '5', '5', 'Kg.', '22', '110', 922, 'Salchicha Especial'),
('467', 'SVI-001', '10', '10', 'Kg.', '23', '230', 923, 'Salchicha Viena'),
('468', 'TOC-022', '3', '3', 'Kg.', '49', '147', 924, 'Tocino'),
('305', 'SME-020', '12.09', '12.09', 'Kg.', '34', '411.06', 925, 'Salame'),
('307', 'JDA-017', '1.28', '1.28', 'Kg.', '25', '32', 929, 'Jamonada'),
('415', 'SVI-001', '3', '3', 'Kg.', '23', '69', 930, 'Salchicha Viena'),
('228', 'SVI-001', '3', '3', 'Kg.', '23', '69', 932, 'Salchicha Viena'),
('227', 'SVI-001', '5', '5', 'Kg.', '23', '115', 933, 'Salchicha Viena'),
('223', 'SVI-001', '5', '5', 'Kg.', '23', '115', 934, 'Salchicha Viena'),
('229', 'SVI-001', '6', '6', 'Kg.', '23', '138', 935, 'Salchicha Viena'),
('224', 'SVI-001', '6', '6', 'Kg.', '23', '138', 936, 'Salchicha Viena'),
('470', 'SPA-006', '12', '12', 'Kg.', '30', '360', 937, 'Salchicha Paquete'),
('470', 'JSA-018', '5', '5', 'Kg.', '31', '155', 938, 'Jamon Sanguchero'),
('470', 'TOC-022', '1', '1', 'Kg.', '44', '44', 939, 'Tocino'),
('471', 'SPA-006', '7', '7', 'Kg.', '30', '210', 940, 'Salchicha Paquete'),
('472', 'SPA-006', '10', '10', 'Kg.', '30', '300', 941, 'Salchicha Paquete'),
('472', 'TOC-022', '1', '1', 'Kg.', '44', '44', 942, 'Tocino'),
('473', 'SPA-006', '24', '24', 'Kg.', '30', '720', 943, 'Salchicha Paquete'),
('474', 'SPA-006', '9', '9', 'Kg.', '30', '270', 944, 'Salchicha Paquete'),
('475', 'TOC-022', '2', '2', 'Kg.', '49', '98', 945, 'Tocino'),
('475', 'SME-020', '1', '1', 'Kg.', '38', '38', 946, 'Salame'),
('477', 'SVI-001', '5', '5', 'Kg.', '25', '125', 947, 'Salchicha Viena'),
('477', 'SES-002', '8', '8', 'Kg.', '22', '176', 948, 'Salchicha Especial'),
('479', 'SVI-001', '10', '10', 'Kg.', '25', '250', 949, 'Salchicha Viena'),
('480', 'SVI-001', '10', '10', 'Kg.', '23', '230', 950, 'Salchicha Viena'),
('481', 'SVI-001', '15', '15', 'Kg.', '23', '345', 952, 'Salchicha Viena'),
('483', 'SVI-001', '5', '5', 'Kg.', '25', '125', 953, 'Salchicha Viena'),
('484', 'SVI-001', '15', '15', 'Kg.', '25', '375', 954, 'Salchicha Viena'),
('484', 'QCH-019', '9.1', '9.1', 'Kg.', '25', '227.5', 955, 'Queso de Chancho'),
('484', 'JDA-017', '7.7', '7.7', 'Kg.', '25', '192.5', 956, 'Jamonada'),
('485', 'SVI-001', '5', '5', 'Kg.', '25', '125', 957, 'Salchicha Viena'),
('486', 'SVI-001', '5', '5', 'Kg.', '25', '125', 958, 'Salchicha Viena'),
('486', 'QCH-019', '1', '1', 'Kg.', '26', '26', 959, 'Queso de Chancho'),
('486', 'JDA-017', '1', '1', 'Kg.', '26', '26', 960, 'Jamonada'),
('487', 'SVI-001', '10', '10', 'Kg.', '23', '230', 961, 'Salchicha Viena'),
('488', 'QCH-019', '3', '3', 'Kg.', '26', '78', 962, 'Queso de Chancho'),
('489', 'JDA-017', '12.1', '12.1', 'Kg.', '25', '302.5', 963, 'Jamonada'),
('490', 'MCA-011', '3', '3', 'Kg.', '25', '75', 964, 'Mortadela Cazador'),
('490', 'JDA-017', '4', '4', 'Kg.', '25', '100', 965, 'Jamonada'),
('490', 'MPC-015', '2.6', '2.6', 'Kg.', '25', '65', 966, 'M. Pastel de Cabeza'),
('491', 'SVI-001', '10', '10', 'Kg.', '25', '250', 967, 'Salchicha Viena'),
('492', 'SPA-006', '4', '4', 'Kg.', '30', '120', 968, 'Salchicha Paquete'),
('492', 'JSA-018', '2', '2', 'Kg.', '31', '62', 969, 'Jamon Sanguchero'),
('493', 'SVI-001', '5', '5', 'Kg.', '27', '135', 970, 'Salchicha Viena'),
('494', 'SPA-006', '3', '3', 'Kg.', '32', '96', 971, 'Salchicha Paquete'),
('494', 'JSA-018', '1', '1', 'Kg.', '35', '35', 972, 'Jamon Sanguchero'),
('400', 'JDA-017', '4', '4', 'Kg.', '25', '100', 973, 'Jamonada'),
('469', 'SVI-001', '3', '3', 'Kg.', '23', '69', 974, 'Salchicha Viena');
INSERT INTO `nota_pedido` (`id_nota`, `id_producto`, `cantidad`, `entregado`, `masa`, `precio`, `subtotal`, `codigo`, `nombre`) VALUES
('476', 'SVI-001', '5', '5', 'Kg.', '24', '120', 975, 'Salchicha Viena'),
('478', 'CHP-036', '4', '4', 'Kg.', '16', '64', 976, 'Chorizo Precocido 1/2 kg.'),
('482', 'SVI-001', '5', '5', 'Kg.', '25', '125', 977, 'Salchicha Viena'),
('495', 'SVI-001', '5', '5', 'Kg.', '25', '125', 978, 'Salchicha Viena'),
('496', 'SVI-001', '3', '3', 'Kg.', '25', '75', 979, 'Salchicha Viena'),
('497', 'SES-002', '3', '3', 'Kg.', '22', '66', 980, 'Salchicha Especial'),
('498', 'SVI-001', '5', '5', 'Kg.', '25', '125', 981, 'Salchicha Viena'),
('499', 'SVI-001', '5', '5', 'Kg.', '25', '125', 982, 'Salchicha Viena'),
('499', 'JDA-017', '1', '1', 'Kg.', '26', '26', 983, 'Jamonada'),
('499', 'QCH-019', '1', '1', 'Kg.', '26', '26', 984, 'Queso de Chancho'),
('500', 'SVI-001', '3', '3', 'Kg.', '24', '72', 985, 'Salchicha Viena'),
('501', 'SES-002', '3', '3', 'Kg.', '22', '66', 986, 'Salchicha Especial'),
('502', 'SVI-001', '3', '3', 'Kg.', '24', '72', 987, 'Salchicha Viena'),
('503', 'SVI-001', '3', '3', 'Kg.', '24', '72', 988, 'Salchicha Viena'),
('153', 'SPA-006', '5', '5', 'Kg.', '24', '120', 989, 'Salchicha Paquete'),
('504', 'SVI-001', '5', '5', 'Kg.', '25', '125', 990, 'Salchicha Viena'),
('152', 'SPA-006', '5', '5', 'Kg.', '24', '120', 991, 'Salchicha Paquete'),
('151', 'SPA-006', '5', '5', 'Kg.', '24', '120', 992, 'Salchicha Paquete'),
('505', 'SES-002', '5', '5', 'Kg.', '22', '110', 993, 'Salchicha Especial'),
('506', 'SES-002', '5', '5', 'Kg.', '22', '110', 994, 'Salchicha Especial'),
('149', 'SPA-006', '5', '5', 'Kg.', '24', '120', 995, 'Salchicha Paquete'),
('507', 'SVI-001', '5', '5', 'Kg.', '25', '125', 996, 'Salchicha Viena'),
('158', 'SPA-006', '3', '3', 'Kg.', '23', '69', 997, 'Salchicha Paquete'),
('508', 'SVI-001', '3', '3', 'Kg.', '24', '72', 998, 'Salchicha Viena'),
('157', 'SVI-001', '3', '3', 'Kg.', '23', '69', 999, 'Salchicha Viena'),
('156', 'SVI-001', '3', '3', 'Kg.', '23', '69', 1000, 'Salchicha Viena'),
('509', 'SVI-001', '5', '5', 'Kg.', '25', '125', 1001, 'Salchicha Viena'),
('155', 'SVI-001', '3', '3', 'Kg.', '23', '69', 1002, 'Salchicha Viena'),
('510', 'SVI-001', '10', '10', 'Kg.', '24', '240', 1003, 'Salchicha Viena'),
('154', 'SVI-001', '3', '3', 'Kg.', '23', '69', 1004, 'Salchicha Viena'),
('511', 'SVI-001', '10', '10', 'Kg.', '24', '240', 1005, 'Salchicha Viena'),
('165', 'CHP-036', '5', '5', 'Kg.', '15', '75', 1006, 'Chorizo Precocido 1/2 kg.'),
('512', 'SVI-001', '5', '5', 'Kg.', '24', '120', 1007, 'Salchicha Viena'),
('512', 'SES-002', '5', '5', 'Kg.', '22', '110', 1008, 'Salchicha Especial'),
('513', 'SES-002', '5', '5', 'Kg.', '22', '110', 1009, 'Salchicha Especial'),
('514', 'SVI-001', '5', '5', 'Kg.', '25', '125', 1010, 'Salchicha Viena'),
('515', 'SVI-001', '5', '5', 'Kg.', '25', '125', 1011, 'Salchicha Viena'),
('516', 'SVI-001', '5', '5', 'Kg.', '24', '120', 1012, 'Salchicha Viena'),
('517', 'SVI-001', '5', '5', 'Kg.', '25', '125', 1013, 'Salchicha Viena'),
('518', 'SVI-001', '5', '5', 'Kg.', '25', '125', 1014, 'Salchicha Viena'),
('519', 'SVI-001', '10', '10', 'Kg.', '25', '250', 1015, 'Salchicha Viena'),
('519', 'SES-002', '5', '5', 'Kg.', '22', '110', 1016, 'Salchicha Especial'),
('519', 'QCH-019', '4', '4', 'Kg.', '25', '100', 1017, 'Queso de Chancho'),
('520', 'SVI-001', '5', '5', 'Kg.', '25', '125', 1018, 'Salchicha Viena'),
('521', 'TOC-022', '3', '3', 'Kg.', '49', '147', 1020, 'Tocino'),
('355', 'SVI-001', '10', '10', 'Kg.', '24', '240', 1026, 'Salchicha Viena'),
('355', 'JDA-017', '4.08', '4.08', 'Kg.', '25', '102', 1029, 'Jamonada'),
('357', 'SVI-001', '10', '10', 'Kg.', '24', '240', 1030, 'Salchicha Viena'),
('358', 'SVI-001', '10', '10', 'Kg.', '24', '240', 1031, 'Salchicha Viena'),
('356', 'SVI-001', '10', '10', 'Kg.', '24', '240', 1032, 'Salchicha Viena'),
('362', 'SVI-001', '5', '5', 'Kg.', '24', '120', 1033, 'Salchicha Viena'),
('362', 'CHP-036', '10', '10', 'Kg.', '15', '150', 1034, 'Chorizo Precocido 1/2 kg.'),
('374', 'CHF-008', '5', '5', 'Kg.', '27', '135', 1035, 'Chorizo Fresco a granel'),
('363', 'SVI-001', '10', '10', 'Kg.', '24', '240', 1036, 'Salchicha Viena'),
('365', 'SVI-001', '5', '5', 'Kg.', '24', '120', 1037, 'Salchicha Viena'),
('522', 'MCA-011', '3.1', '3.1', 'Kg.', '27', '83.7', 1038, 'Mortadela Cazador'),
('523', 'SVI-001', '15', '15', 'Kg.', '24', '360', 1039, 'Salchicha Viena'),
('174', 'SVI-001', '10', '10', 'Kg.', '24', '240', 1040, 'Salchicha Viena'),
('183', 'SVI-001', '10', '10', 'Kg.', '24', '240', 1041, 'Salchicha Viena'),
('524', 'SSE-005', '15', '15', 'Kg.', '28', '420', 1042, 'Salchicha Super Especial'),
('175', 'SVI-001', '10', '10', 'Kg.', '24', '240', 1043, 'Salchicha Viena'),
('184', 'SVI-001', '10', '10', 'Kg.', '24', '240', 1044, 'Salchicha Viena'),
('177', 'SVI-001', '5', '5', 'Kg.', '24', '120', 1045, 'Salchicha Viena'),
('186', 'SVI-001', '5', '5', 'Kg.', '24', '120', 1046, 'Salchicha Viena'),
('187', 'SVI-001', '10', '10', 'Kg.', '24', '240', 1047, 'Salchicha Viena'),
('176', 'SVI-001', '10', '10', 'Kg.', '24', '240', 1048, 'Salchicha Viena'),
('525', 'SPA-006', '15', '15', 'Kg.', '30', '450', 1049, 'Salchicha Paquete'),
('525', 'TAH-024', '2', '2', 'Kg.', '44', '88', 1050, 'Tocino Ahumado'),
('527', 'SPA-006', '7', '7', 'Kg.', '30', '210', 1051, 'Salchicha Paquete'),
('527', 'TAH-024', '1', '1', 'Kg.', '44', '44', 1052, 'Tocino Ahumado'),
('528', 'SPA-006', '8', '8', 'Kg.', '30', '240', 1053, 'Salchicha Paquete'),
('528', 'JSA-018', '1', '1', 'Kg.', '31', '31', 1054, 'Jamon Sanguchero'),
('530', 'SPA-006', '24', '24', 'Kg.', '30', '720', 1055, 'Salchicha Paquete'),
('530', 'JSA-018', '4', '4', 'Kg.', '31', '124', 1056, 'Jamon Sanguchero'),
('530', 'TAH-024', '1', '1', 'Kg.', '44', '44', 1057, 'Tocino Ahumado'),
('531', 'SPA-006', '9', '9', 'Kg.', '30', '270', 1058, 'Salchicha Paquete'),
('531', 'JSA-018', '4', '4', 'Kg.', '31', '124', 1059, 'Jamon Sanguchero'),
('531', 'TAH-024', '1', '1', 'Kg.', '44', '44', 1060, 'Tocino Ahumado'),
('532', 'SPA-006', '10', '10', 'Kg.', '30', '300', 1061, 'Salchicha Paquete'),
('532', 'JSA-018', '1', '1', 'Kg.', '31', '31', 1062, 'Jamon Sanguchero'),
('533', 'SVI-001', '5', '5', 'Kg.', '27', '135', 1063, 'Salchicha Viena'),
('533', 'JDA-017', '4.4', '4.4', 'Kg.', '27', '118.80000000000001', 1064, 'Jamonada'),
('534', 'SVI-001', '5', '5', 'Kg.', '24', '120', 1065, 'Salchicha Viena'),
('534', 'QCH-019', '4.8', '4.8', 'Kg.', '25', '120', 1066, 'Queso de Chancho'),
('535', 'SVI-001', '5', '5', 'Kg.', '24', '120', 1067, 'Salchicha Viena'),
('538', 'SVI-001', '5', '5', 'Kg.', '25', '125', 1069, 'Salchicha Viena'),
('539', 'SVI-001', '10', '10', 'Kg.', '23', '230', 1070, 'Salchicha Viena'),
('540', 'SVI-001', '5', '5', 'Kg.', '24', '120', 1071, 'Salchicha Viena'),
('541', 'SVI-001', '3', '3', 'Kg.', '23', '69', 1072, 'Salchicha Viena'),
('542', 'JDA-017', '4.1', '4.1', 'Kg.', '25', '102.49999999999999', 1073, 'Jamonada'),
('543', 'SES-002', '15', '15', 'Kg.', '22', '330', 1074, 'Salchicha Especial'),
('544', 'SES-002', '10', '10', 'Kg.', '22', '220', 1075, 'Salchicha Especial'),
('545', 'SVI-001', '5', '5', 'Kg.', '25', '125', 1076, 'Salchicha Viena'),
('545', 'QCH-019', '2', '2', 'Kg.', '26', '52', 1077, 'Queso de Chancho'),
('546', 'SVI-001', '5', '5', 'Kg.', '25', '125', 1078, 'Salchicha Viena'),
('547', 'QCH-019', '3', '3', 'Kg.', '26', '78', 1079, 'Queso de Chancho'),
('548', 'SVI-001', '5', '5', 'Kg.', '23', '115', 1080, 'Salchicha Viena'),
('549', 'SVI-001', '5', '5', 'Kg.', '23', '115', 1081, 'Salchicha Viena'),
('550', 'SVI-001', '5', '5', 'Kg.', '25', '125', 1082, 'Salchicha Viena'),
('551', 'QCH-019', '2', '2', 'Kg.', '26', '52', 1083, 'Queso de Chancho'),
('553', 'SVI-001', '10', '10', 'Kg.', '25', '250', 1084, 'Salchicha Viena'),
('554', 'JSA-018', '2', '2', 'Kg.', '32', '64', 1085, 'Jamon Sanguchero'),
('554', 'SPA-006', '1', '1', 'Kg.', '29', '29', 1086, 'Salchicha Paquete'),
('557', 'TAH-024', '3', '3', 'Kg.', '49', '147', 1088, 'Tocino Ahumado'),
('526', 'SVI-001', '3', '3', 'Kg.', '23', '69', 1089, 'Salchicha Viena'),
('529', 'SVI-001', '3', '3', 'Kg.', '23', '69', 1090, 'Salchicha Viena'),
('536', 'SVI-001', '3', '3', 'Kg.', '23', '69', 1091, 'Salchicha Viena'),
('537', 'SVI-001', '6', '6', 'Kg.', '23', '138', 1092, 'Salchicha Viena'),
('537', 'CHP-036', '3', '3', 'Kg.', '15', '45', 1093, 'Chorizo Precocido 1/2 kg.'),
('552', 'SVI-001', '3', '3', 'Kg.', '23', '69', 1094, 'Salchicha Viena'),
('555', 'SVI-001', '5', '5', 'Kg.', '24', '120', 1095, 'Salchicha Viena'),
('558', 'SVI-001', '3', '3', 'Kg.', '23', '69', 1096, 'Salchicha Viena'),
('559', 'SVI-001', '5', '5', 'Kg.', '23', '115', 1097, 'Salchicha Viena'),
('560', 'SVI-001', '3', '3', 'Kg.', '23', '69', 1098, 'Salchicha Viena'),
('561', 'SVI-001', '3', '3', 'Kg.', '23', '69', 1099, 'Salchicha Viena'),
('562', 'SVI-001', '3', '3', 'Kg.', '23', '69', 1100, 'Salchicha Viena'),
('563', 'SVI-001', '5', '5', 'Kg.', '23', '115', 1101, 'Salchicha Viena'),
('564', 'SVI-001', '5', '5', 'Kg.', '23', '115', 1102, 'Salchicha Viena'),
('565', 'SVI-001', '10', '10', 'Kg.', '24', '240', 1103, 'Salchicha Viena'),
('565', 'JDA-017', '4.1', '4.1', 'Kg.', '25', '102.49999999999999', 1104, 'Jamonada'),
('565', 'QCH-019', '4.2', '4.2', 'Kg.', '25', '105', 1105, 'Queso de Chancho'),
('566', 'SVI-001', '10', '10', 'Kg.', '24', '240', 1106, 'Salchicha Viena'),
('566', 'SME-020', '1.795', '1.795', 'Kg.', '34', '61.03', 1107, 'Salame'),
('567', 'SVI-001', '5', '5', 'Kg.', '25', '125', 1108, 'Salchicha Viena'),
('568', 'SVI-001', '5', '5', 'Kg.', '25', '125', 1109, 'Salchicha Viena'),
('569', 'SVI-001', '5', '5', 'Kg.', '24', '120', 1110, 'Salchicha Viena'),
('570', 'SVI-001', '10', '10', 'Kg.', '24', '240', 1111, 'Salchicha Viena'),
('571', 'SVI-001', '10', '10', 'Kg.', '24', '240', 1112, 'Salchicha Viena'),
('571', 'JDA-017', '3', '3', 'Kg.', '26', '78', 1113, 'Jamonada'),
('571', 'QCH-019', '2', '2', 'Kg.', '26', '52', 1114, 'Queso de Chancho'),
('572', 'SVI-001', '5', '5', 'Kg.', '25', '125', 1115, 'Salchicha Viena'),
('573', 'SVI-001', '5', '5', 'Kg.', '24', '120', 1116, 'Salchicha Viena'),
('574', 'SVI-001', '5', '5', 'Kg.', '24', '120', 1117, 'Salchicha Viena'),
('575', 'SVI-001', '5', '5', 'Kg.', '24', '120', 1118, 'Salchicha Viena'),
('575', 'SES-002', '5', '5', 'Kg.', '22', '110', 1119, 'Salchicha Especial'),
('575', 'MPO-016', '3', '3', 'Kg.', '25', '75', 1120, 'Mortadela de Pollo'),
('576', 'SVI-001', '5', '5', 'Kg.', '24', '120', 1121, 'Salchicha Viena'),
('577', 'SVI-001', '5', '5', 'Kg.', '25', '125', 1122, 'Salchicha Viena'),
('578', 'SVI-001', '5', '5', 'Kg.', '25', '125', 1123, 'Salchicha Viena'),
('579', 'SVI-001', '5', '5', 'Kg.', '25', '125', 1124, 'Salchicha Viena'),
('580', 'SES-002', '5', '5', 'Kg.', '22', '110', 1125, 'Salchicha Especial'),
('580', 'QCH-019', '5', '5', 'Kg.', '26', '130', 1126, 'Queso de Chancho'),
('581', 'SVI-001', '5', '5', 'Kg.', '25', '125', 1127, 'Salchicha Viena'),
('582', 'SVI-001', '5', '5', 'Kg.', '25', '125', 1128, 'Salchicha Viena'),
('583', 'SVI-001', '5', '5', 'Kg.', '25', '125', 1129, 'Salchicha Viena'),
('584', 'SVI-001', '5', '5', 'Kg.', '24', '120', 1130, 'Salchicha Viena'),
('585', 'SVI-001', '10', '10', 'Kg.', '25', '250', 1131, 'Salchicha Viena'),
('586', 'SVI-001', '5', '5', 'Kg.', '23', '115', 1132, 'Salchicha Viena'),
('587', 'SVI-001', '5', '5', 'Kg.', '23', '115', 1133, 'Salchicha Viena'),
('588', 'JDA-017', '5', '5', 'Kg.', '26', '130', 1134, 'Jamonada'),
('588', 'QCH-019', '5', '5', 'Kg.', '26', '130', 1135, 'Queso de Chancho'),
('589', 'SVI-001', '5', '5', 'Kg.', '25', '125', 1136, 'Salchicha Viena'),
('590', 'SVI-001', '5', '5', 'Kg.', '25', '125', 1137, 'Salchicha Viena'),
('591', 'SVI-001', '5', '5', 'Kg.', '25', '125', 1138, 'Salchicha Viena'),
('592', 'SVI-001', '5', '5', 'Kg.', '25', '125', 1139, 'Salchicha Viena'),
('593', 'SVI-001', '5', '5', 'Kg.', '24', '120', 1140, 'Salchicha Viena'),
('594', 'SES-002', '10', '10', 'Kg.', '22', '220', 1141, 'Salchicha Especial'),
('595', 'SVI-001', '3', '3', 'Kg.', '25', '75', 1142, 'Salchicha Viena'),
('596', 'SES-002', '4', '4', 'Kg.', '22', '88', 1143, 'Salchicha Especial'),
('597', 'QCH-019', '4.6', '4.6', 'Kg.', '25', '114.99999999999999', 1144, 'Queso de Chancho'),
('597', 'MPR-012', '4', '4', 'Kg.', '25', '100', 1145, 'Mortadela Primavera'),
('598', 'SVI-001', '5', '5', 'Kg.', '25', '125', 1146, 'Salchicha Viena'),
('599', 'SVI-001', '10', '10', 'Kg.', '25', '250', 1147, 'Salchicha Viena'),
('600', 'SVI-001', '5', '5', 'Kg.', '25', '125', 1148, 'Salchicha Viena'),
('601', 'SVI-001', '5', '5', 'Kg.', '25', '125', 1149, 'Salchicha Viena'),
('602', 'SVI-001', '5', '5', 'Kg.', '25', '125', 1150, 'Salchicha Viena'),
('603', 'SVI-001', '3', '3', 'Kg.', '24', '72', 1151, 'Salchicha Viena'),
('603', 'JDA-017', '1', '1', 'Kg.', '26', '26', 1153, 'Jamonada'),
('603', 'QCH-019', '1', '1', 'Kg.', '26', '26', 1154, 'Queso de Chancho'),
('604', 'SVI-001', '5', '5', 'Kg.', '23', '115', 1155, 'Salchicha Viena'),
('605', 'SVI-001', '3', '3', 'Kg.', '24', '72', 1156, 'Salchicha Viena'),
('606', 'SVI-001', '3', '3', 'Kg.', '24', '72', 1157, 'Salchicha Viena'),
('607', 'SVI-001', '5', '5', 'Kg.', '23', '115', 1158, 'Salchicha Viena'),
('608', 'SVI-001', '5', '5', 'Kg.', '25', '125', 1159, 'Salchicha Viena'),
('609', 'SVI-001', '5', '5', 'Kg.', '25', '125', 1160, 'Salchicha Viena'),
('610', 'SVI-001', '5', '5', 'Kg.', '25', '125', 1161, 'Salchicha Viena'),
('611', 'SVI-001', '5', '5', 'Kg.', '25', '125', 1162, 'Salchicha Viena'),
('612', 'SVI-001', '5', '5', 'Kg.', '25', '125', 1163, 'Salchicha Viena'),
('613', 'SVI-001', '5', '5', 'Kg.', '25', '125', 1164, 'Salchicha Viena'),
('614', 'SVI-001', '5', '5', 'Kg.', '25', '125', 1165, 'Salchicha Viena'),
('615', 'SCO-003', '5', '5', 'Kg.', '18', '90', 1166, 'Salchicha Corriente'),
('616', 'SES-002', '5', '5', 'Kg.', '22', '110', 1167, 'Salchicha Especial'),
('617', 'SVI-001', '15', '15', 'Kg.', '23', '345', 1169, 'Salchicha Viena'),
('619', 'SVI-001', '3', '3', 'Kg.', '24', '72', 1170, 'Salchicha Viena'),
('620', 'SVI-001', '5', '5', 'Kg.', '25', '125', 1171, 'Salchicha Viena'),
('621', 'SVI-001', '5', '5', 'Kg.', '25', '125', 1172, 'Salchicha Viena'),
('622', 'SVI-001', '5', '5', 'Kg.', '24', '120', 1173, 'Salchicha Viena'),
('623', 'SVI-001', '10', '10', 'Kg.', '24', '240', 1174, 'Salchicha Viena'),
('624', 'SVI-001', '5', '5', 'Kg.', '24', '120', 1175, 'Salchicha Viena'),
('625', 'SVI-001', '5', '5', 'Kg.', '24', '120', 1176, 'Salchicha Viena'),
('625', 'SES-002', '5', '5', 'Kg.', '22', '110', 1177, 'Salchicha Especial'),
('626', 'SVI-001', '5', '5', 'Kg.', '25', '125', 1178, 'Salchicha Viena'),
('627', 'SVI-001', '5', '5', 'Kg.', '24', '120', 1179, 'Salchicha Viena'),
('628', 'SES-002', '5', '5', 'Kg.', '22', '110', 1180, 'Salchicha Especial'),
('628', 'JDA-017', '0.5', '0.5', 'Kg.', '26', '13', 1181, 'Jamonada'),
('628', 'QCH-019', '0.5', '0.5', 'Kg.', '26', '13', 1182, 'Queso de Chancho'),
('630', 'SVI-001', '5', '5', 'Kg.', '25', '125', 1183, 'Salchicha Viena'),
('629', 'SVI-001', '10', '10', 'Kg.', '24', '240', 1184, 'Salchicha Viena'),
('629', 'JDA-017', '1', '1', 'Kg.', '26', '26', 1185, 'Jamonada'),
('629', 'QCH-019', '1', '1', 'Kg.', '26', '26', 1186, 'Queso de Chancho'),
('631', 'SVI-001', '5', '5', 'Kg.', '25', '125', 1187, 'Salchicha Viena'),
('632', 'QCH-019', '4.7', '4.7', 'Kg.', '25', '117.5', 1190, 'Queso de Chancho'),
('632', 'JDA-017', '3.9', '3.9', 'Kg.', '25', '97.5', 1191, 'Jamonada'),
('633', 'SES-002', '5', '5', 'Kg.', '22', '110', 1192, 'Salchicha Especial'),
('634', 'SES-002', '5', '5', 'Kg.', '22', '110', 1193, 'Salchicha Especial'),
('635', 'JDA-017', '8.2', '8.2', 'Kg.', '25', '204.99999999999997', 1196, 'Jamonada'),
('636', 'SPA-006', '14', '14', 'Kg.', '30', '420', 1197, 'Salchicha Paquete 1kg'),
('636', 'JSA-018', '6', '6', 'Kg.', '31', '186', 1198, 'Jamon Sanguchero'),
('637', 'SVI-001', '5', '5', 'Kg.', '27', '135', 1199, 'Salchicha Viena'),
('638', 'SPA-006', '10', '10', 'Kg.', '30', '300', 1200, 'Salchicha Paquete 1kg'),
('638', 'JSA-018', '2', '2', 'Kg.', '31', '62', 1201, 'Jamon Sanguchero'),
('639', 'SPA-006', '10', '10', 'Kg.', '30', '300', 1202, 'Salchicha Paquete 1kg'),
('639', 'JSA-018', '2', '2', 'Kg.', '31', '62', 1203, 'Jamon Sanguchero'),
('639', 'TOC-022', '1', '1', 'Kg.', '44', '44', 1204, 'Tocino Ahumado'),
('640', 'SPA-006', '16', '16', 'Kg.', '30', '480', 1205, 'Salchicha Paquete 1kg'),
('640', 'JSA-018', '4', '4', 'Kg.', '31', '124', 1206, 'Jamon Sanguchero'),
('640', 'TOC-022', '1', '1', 'Kg.', '44', '44', 1207, 'Tocino Ahumado'),
('641', 'SPA-006', '11', '11', 'Kg.', '30', '330', 1208, 'Salchicha Paquete 1kg'),
('641', 'JSA-018', '2', '2', 'Kg.', '31', '62', 1209, 'Jamon Sanguchero'),
('642', 'SPA-006', '4', '4', 'Kg.', '30', '120', 1210, 'Salchicha Paquete 1kg'),
('642', 'JSA-018', '2', '2', 'Kg.', '31', '62', 1211, 'Jamon Sanguchero'),
('643', 'SPA-006', '3', '3', 'Kg.', '32', '96', 1212, 'Salchicha Paquete 1kg'),
('643', 'JSA-018', '1', '1', 'Kg.', '35', '35', 1213, 'Jamon Sanguchero'),
('644', 'JSA-018', '8.4', '8.4', 'Kg.', '35', '294', 1215, 'Jamon Sanguchero'),
('646', 'SVI-001', '3', '3', 'Kg.', '23', '69', 1216, 'Salchicha Viena'),
('647', 'SVI-001', '15', '15', 'Kg.', '23', '345', 1217, 'Salchicha Viena'),
('648', 'SCO-003', '15', '15', 'Kg.', '18', '270', 1218, 'Salchicha Corriente'),
('649', 'SVI-001', '5', '5', 'Kg.', '23', '115', 1219, 'Salchicha Viena'),
('650', 'SVI-001', '5', '5', 'Kg.', '23', '115', 1220, 'Salchicha Viena'),
('651', 'SVI-001', '5', '5', 'Kg.', '23', '115', 1221, 'Salchicha Viena'),
('652', 'SVI-001', '5', '5', 'Kg.', '23', '115', 1222, 'Salchicha Viena'),
('653', 'SVI-001', '6', '6', 'Kg.', '23', '138', 1223, 'Salchicha Viena'),
('654', 'SVI-001', '5', '5', 'Kg.', '23', '115', 1224, 'Salchicha Viena'),
('655', 'SES-002', '5', '5', 'Kg.', '21', '105', 1225, 'Salchicha Especial'),
('656', 'SVI-001', '6', '6', 'Kg.', '23', '138', 1226, 'Salchicha Viena'),
('657', 'SVI-001', '5', '5', 'Kg.', '23', '115', 1227, 'Salchicha Viena'),
('658', 'SSE-005', '10', '10', 'Kg.', '28', '280', 1228, 'Salchicha Super Especial'),
('659', 'SVI-001', '5', '5', 'Kg.', '24', '120', 1229, 'Salchicha Viena'),
('660', 'SVI-001', '5', '5', 'Kg.', '23', '115', 1230, 'Salchicha Viena'),
('661', 'SVI-001', '3', '3', 'Kg.', '25', '75', 1231, 'Salchicha Viena'),
('662', 'QCH-019', '4.6', '4.6', 'Kg.', '25', '114.99999999999999', 1232, 'Queso de Chancho'),
('663', 'SES-002', '3', '3', 'Kg.', '22', '66', 1233, 'Salchicha Especial'),
('664', 'SVI-001', '5', '5', 'Kg.', '25', '125', 1234, 'Salchicha Viena'),
('664', 'JDA-017', '1', '1', 'Kg.', '26', '26', 1235, 'Jamonada'),
('664', 'QCH-019', '1', '1', 'Kg.', '26', '26', 1236, 'Queso de Chancho'),
('665', 'SVI-001', '6', '6', 'Kg.', '25', '150', 1237, 'Salchicha Viena'),
('666', 'SVI-001', '5', '5', 'Kg.', '24', '120', 1238, 'Salchicha Viena'),
('667', 'SES-002', '3', '3', 'Kg.', '22', '66', 1239, 'Salchicha Especial'),
('668', 'SPA-006', '20', '20', 'Kg.', '30', '600', 1240, 'Salchicha Paquete 1kg'),
('668', 'JSA-018', '4', '4', 'Kg.', '31', '124', 1241, 'Jamon Sanguchero'),
('668', 'TOC-022', '1', '1', 'Kg.', '44', '44', 1242, 'Tocino Ahumado'),
('669', 'SPA-006', '14', '14', 'Kg.', '30', '420', 1243, 'Salchicha Paquete 1kg'),
('669', 'JSA-018', '3', '3', 'Kg.', '31', '93', 1244, 'Jamon Sanguchero'),
('669', 'TOC-022', '1', '1', 'Kg.', '44', '44', 1245, 'Tocino Ahumado'),
('670', 'SPA-006', '15', '15', 'Kg.', '30', '450', 1246, 'Salchicha Paquete 1kg'),
('670', 'JSA-018', '2', '2', 'Kg.', '31', '62', 1247, 'Jamon Sanguchero'),
('671', 'SPA-006', '15', '15', 'Kg.', '30', '450', 1249, 'Salchicha Paquete 1kg'),
('671', 'JSA-018', '2', '2', 'Kg.', '31', '62', 1250, 'Jamon Sanguchero'),
('672', 'SPA-006', '15', '15', 'Kg.', '30', '450', 1251, 'Salchicha Paquete 1kg'),
('672', 'JSA-018', '3', '3', 'Kg.', '31', '93', 1252, 'Jamon Sanguchero'),
('672', 'TOC-022', '1', '1', 'Kg.', '44', '44', 1253, 'Tocino Ahumado'),
('673', 'SPA-006', '10', '10', 'Kg.', '30', '300', 1254, 'Salchicha Paquete 1kg'),
('673', 'TOC-022', '1', '1', 'Kg.', '44', '44', 1255, 'Tocino Ahumado'),
('674', 'CHP-036', '5', '5', 'Kg.', '16', '80', 1256, 'Chorizo Precocido 1/2 kg.'),
('674', 'QCH-019', '4.3', '4.3', 'Kg.', '25', '107.5', 1257, 'Queso de Chancho'),
('675', 'CHP-036', '3', '3', 'Kg.', '16', '48', 1258, 'Chorizo Precocido 1/2 kg.'),
('675', 'QCH-019', '4.8', '4.8', 'Kg.', '25', '120', 1259, 'Queso de Chancho'),
('676', 'SVI-001', '5', '5', 'Kg.', '25', '125', 1260, 'Salchicha Viena'),
('676', 'SES-002', '5', '5', 'Kg.', '22', '110', 1261, 'Salchicha Especial'),
('677', 'SVI-001', '5', '5', 'Kg.', '25', '125', 1262, 'Salchicha Viena'),
('678', 'SVI-001', '10', '10', 'Kg.', '23', '230', 1263, 'Salchicha Viena'),
('679', 'SVI-001', '5', '5', 'Kg.', '24', '120', 1264, 'Salchicha Viena'),
('680', 'SVI-001', '15', '15', 'Kg.', '23', '345', 1265, 'Salchicha Viena'),
('682', 'SVI-001', '10', '10', 'Kg.', '25', '250', 1266, 'Salchicha Viena'),
('683', 'SES-002', '10', '10', 'Kg.', '22', '220', 1267, 'Salchicha Especial'),
('686', 'SVI-001', '5', '5', 'Kg.', '25', '125', 1270, 'Salchicha Viena'),
('687', 'SVI-001', '15', '15', 'Kg.', '24', '360', 1271, 'Salchicha Viena'),
('687', 'QCH-019', '5', '5', 'Kg.', '26', '130', 1272, 'Queso de Chancho'),
('687', 'MPR-012', '3', '3', 'Kg.', '26', '78', 1273, 'Mortadela Primavera'),
('687', 'JDA-017', '2', '2', 'Kg.', '26', '52', 1274, 'Jamonada'),
('688', 'SVI-001', '5', '5', 'Kg.', '25', '125', 1275, 'Salchicha Viena'),
('688', 'CHP-036', '3', '3', 'Kg.', '16', '48', 1276, 'Chorizo Precocido 1/2 kg.'),
('689', 'SVI-001', '5', '5', 'Kg.', '24', '120', 1277, 'Salchicha Viena'),
('690', 'SVI-001', '5', '5', 'Kg.', '25', '125', 1278, 'Salchicha Viena'),
('690', 'SES-002', '10', '10', 'Kg.', '22', '220', 1279, 'Salchicha Especial'),
('690', 'CHP-007', '5', '5', 'Kg.', '32', '160', 1280, 'Chorizo Precocido a granel'),
('690', 'QCH-019', '9.5', '9.5', 'Kg.', '25', '237.5', 1281, 'Queso de Chancho'),
('690', 'MCA-011', '2.8', '2.8', 'Kg.', '25', '70', 1282, 'Mortadela Cazador'),
('690', 'JDA-017', '4.3', '4.3', 'Kg.', '25', '107.5', 1283, 'Jamonada'),
('691', 'QCH-019', '3', '3', 'Kg.', '26', '78', 1284, 'Queso de Chancho'),
('692', 'QCH-019', '4.8', '4.8', 'Kg.', '25', '120', 1285, 'Queso de Chancho'),
('692', 'JDA-017', '4.2', '4.2', 'Kg.', '25', '105', 1286, 'Jamonada'),
('693', 'SES-002', '3', '3', 'Kg.', '22', '66', 1287, 'Salchicha Especial'),
('681', 'SVI-001', '3', '3', 'Kg.', '23', '69', 1288, 'Salchicha Viena'),
('694', 'SES-002', '5', '5', 'Kg.', '22', '110', 1289, 'Salchicha Especial'),
('695', 'SVI-001', '3', '3', 'Kg.', '24', '72', 1290, 'Salchicha Viena'),
('684', 'SVI-001', '5', '5', 'Kg.', '23', '115', 1291, 'Salchicha Viena'),
('696', 'SVI-001', '3', '3', 'Kg.', '24', '72', 1292, 'Salchicha Viena'),
('697', 'SVI-001', '3', '3', 'Kg.', '24', '72', 1293, 'Salchicha Viena'),
('698', 'SVI-001', '3', '3', 'Kg.', '23', '69', 1294, 'Salchicha Viena'),
('700', 'SVI-001', '5', '5', 'Kg.', '25', '125', 1295, 'Salchicha Viena'),
('699', 'SVI-001', '6', '6', 'Kg.', '24', '144', 1296, 'Salchicha Viena'),
('701', 'SVI-001', '3', '3', 'Kg.', '24', '72', 1297, 'Salchicha Viena'),
('702', 'SVI-001', '3', '3', 'Kg.', '23', '69', 1298, 'Salchicha Viena'),
('704', 'SVI-001', '5', '5', 'Kg.', '23', '115', 1299, 'Salchicha Viena'),
('703', 'SVI-001', '3', '3', 'Kg.', '24', '72', 1300, 'Salchicha Viena'),
('705', 'SVI-001', '3', '3', 'Kg.', '23', '69', 1301, 'Salchicha Viena'),
('706', 'SVI-001', '2', '2', 'Kg.', '23', '46', 1302, 'Salchicha Viena'),
('707', 'SVI-001', '3', '3', 'Kg.', '23', '69', 1303, 'Salchicha Viena'),
('708', 'SVI-001', '3', '3', 'Kg.', '23', '69', 1304, 'Salchicha Viena'),
('709', 'SVI-001', '3', '3', 'Kg.', '23', '69', 1305, 'Salchicha Viena'),
('710', 'SVI-001', '3', '3', 'Kg.', '23', '69', 1306, 'Salchicha Viena'),
('711', 'SVI-001', '3', '3', 'Kg.', '23', '69', 1307, 'Salchicha Viena'),
('712', 'SVI-001', '3', '3', 'Kg.', '23', '69', 1308, 'Salchicha Viena'),
('713', 'SVI-001', '3', '3', 'Kg.', '23', '69', 1309, 'Salchicha Viena'),
('714', 'SVI-001', '3', '3', 'Kg.', '23', '69', 1310, 'Salchicha Viena'),
('715', 'SVI-001', '3', '3', 'Kg.', '23', '69', 1311, 'Salchicha Viena'),
('716', 'SVI-001', '3', '3', 'Kg.', '23', '69', 1312, 'Salchicha Viena'),
('717', 'SVI-001', '3', '3', 'Kg.', '23', '69', 1313, 'Salchicha Viena'),
('718', 'SVI-001', '3', '3', 'Kg.', '23', '69', 1314, 'Salchicha Viena'),
('719', 'CHP-036', '2', '2', 'Kg.', '15', '30', 1315, 'Chorizo Precocido 1/2 kg.'),
('720', 'SVI-001', '3', '3', 'Kg.', '23', '69', 1316, 'Salchicha Viena'),
('721', 'SVI-001', '3', '3', 'Kg.', '23', '69', 1317, 'Salchicha Viena'),
('721', 'CHP-036', '2', '2', 'Kg.', '15', '30', 1318, 'Chorizo Precocido 1/2 kg.'),
('722', 'SVI-001', '3', '3', 'Kg.', '23', '69', 1319, 'Salchicha Viena'),
('723', 'CHP-036', '2', '2', 'Kg.', '15', '30', 1320, 'Chorizo Precocido 1/2 kg.'),
('724', 'QCH-019', '0.5', '0.5', 'Kg.', '26', '13', 1321, 'Queso de Chancho'),
('725', 'SVI-001', '15', '15', 'Kg.', '23', '345', 1323, 'Salchicha Viena'),
('726', 'TOC-022', '2', '2', 'Kg.', '49', '98', 1324, 'Tocino Ahumado'),
('727', 'SPA-006', '47', '47', 'Kg.', '30', '1410', 1325, 'Salchicha Paquete 1kg'),
('727', 'JSA-018', '15', '15', 'Kg.', '31', '465', 1326, 'Jamon Sanguchero'),
('727', 'TOC-022', '2', '2', 'Kg.', '44', '88', 1327, 'Tocino Ahumado'),
('728', 'SVI-001', '5', '5', 'Kg.', '27', '135', 1328, 'Salchicha Viena'),
('729', 'SPA-006', '16', '16', 'Kg.', '30', '480', 1329, 'Salchicha Paquete 1kg'),
('729', 'JSA-018', '10', '10', 'Kg.', '31', '310', 1330, 'Jamon Sanguchero'),
('729', 'TOC-022', '1', '1', 'Kg.', '44', '44', 1331, 'Tocino Ahumado'),
('730', 'SPA-006', '35', '35', 'Kg.', '30', '1050', 1332, 'Salchicha Paquete 1kg'),
('730', 'JSA-018', '10', '10', 'Kg.', '31', '310', 1333, 'Jamon Sanguchero'),
('730', 'TOC-022', '2', '2', 'Kg.', '44', '88', 1334, 'Tocino Ahumado'),
('731', 'SPA-006', '49', '49', 'Kg.', '30', '1470', 1335, 'Salchicha Paquete 1kg'),
('731', 'JSA-018', '18', '18', 'Kg.', '31', '558', 1336, 'Jamon Sanguchero'),
('731', 'TOC-022', '3', '3', 'Kg.', '44', '132', 1337, 'Tocino Ahumado'),
('733', 'SPA-006', '25', '25', 'Kg.', '30', '750', 1344, 'Salchicha Paquete 1kg'),
('733', 'JSA-018', '7', '7', 'Kg.', '31', '217', 1345, 'Jamon Sanguchero'),
('733', 'TOC-022', '1', '1', 'Kg.', '44', '44', 1346, 'Tocino Ahumado'),
('734', 'SVI-001', '3', '3', 'Kg.', '25', '75', 1347, 'Salchicha Viena'),
('734', 'CHP-036', '3', '3', 'Kg.', '16', '48', 1348, 'Chorizo Precocido 1/2 kg.'),
('735', 'SES-002', '20', '20', 'Kg.', '21', '420', 1349, 'Salchicha Especial'),
('736', 'SVI-001', '3', '3', 'Kg.', '24', '72', 1350, 'Salchicha Viena'),
('737', 'SVI-001', '3', '3', 'Kg.', '23', '69', 1351, 'Salchicha Viena'),
('732', 'SPA-006', '16', '16', 'Kg.', '30', '480', 1352, 'Salchicha Paquete 1kg'),
('732', 'JSA-018', '5', '5', 'Kg.', '31', '155', 1353, 'Jamon Sanguchero'),
('732', 'TOC-022', '1', '1', 'Kg.', '44', '44', 1354, 'Tocino Ahumado'),
('739', 'SES-002', '20', '20', 'Kg.', '21', '420', 1355, 'Salchicha Especial'),
('740', 'SVI-001', '3', '3', 'Kg.', '24', '72', 1356, 'Salchicha Viena'),
('741', 'SVI-001', '3', '3', 'Kg.', '23', '69', 1357, 'Salchicha Viena'),
('742', 'SVI-001', '3', '3', 'Kg.', '25', '75', 1358, 'Salchicha Viena'),
('743', 'SVI-001', '3', '3', 'Kg.', '25', '75', 1359, 'Salchicha Viena'),
('744', 'SVI-001', '15', '15', 'Kg.', '23', '345', 1360, 'Salchicha Viena'),
('745', 'SVI-001', '5', '5', 'Kg.', '24', '120', 1361, 'Salchicha Viena'),
('746', 'SVI-001', '5', '5', 'Kg.', '24', '120', 1362, 'Salchicha Viena'),
('747', 'CHP-036', '5', '5', 'Kg.', '16', '80', 1363, 'Chorizo Precocido 1/2 kg.'),
('748', 'SVI-001', '5', '5', 'Kg.', '24', '120', 1364, 'Salchicha Viena'),
('748', 'CHP-036', '5', '5', 'Kg.', '16', '80', 1365, 'Chorizo Precocido 1/2 kg.'),
('749', 'CHP-036', '5', '5', 'Kg.', '16', '80', 1366, 'Chorizo Precocido 1/2 kg.'),
('749', 'QCH-019', '4.9', '4.9', 'Kg.', '25', '122.5', 1367, 'Queso de Chancho'),
('750', 'SVI-001', '10', '10', 'Kg.', '23', '230', 1368, 'Salchicha Viena'),
('751', 'SVI-001', '5', '5', 'Kg.', '25', '125', 1369, 'Salchicha Viena'),
('752', 'SVI-001', '5', '5', 'Kg.', '24', '120', 1370, 'Salchicha Viena'),
('753', 'SVI-001', '5', '5', 'Kg.', '23', '115', 1371, 'Salchicha Viena'),
('754', 'SVI-001', '10', '10', 'Kg.', '25', '250', 1372, 'Salchicha Viena'),
('755', 'SVI-001', '10', '10', 'Kg.', '24', '240', 1373, 'Salchicha Viena'),
('755', 'JDA-017', '4.6', '4.6', 'Kg.', '25', '115', 1374, 'Jamonada'),
('755', 'QCH-019', '4.5', '4.5', 'Kg.', '25', '112.5', 1375, 'Queso de Chancho'),
('756', 'SVI-001', '10', '10', 'Kg.', '24', '240', 1376, 'Salchicha Viena'),
('756', 'CHP-036', '5', '5', 'Kg.', '16', '80', 1377, 'Chorizo Precocido 1/2 kg.'),
('757', 'SVI-001', '5', '5', 'Kg.', '24', '120', 1378, 'Salchicha Viena'),
('757', 'CHP-036', '10', '10', 'Kg.', '16', '160', 1379, 'Chorizo Precocido 1/2 kg.'),
('757', 'CHC-009', '3', '3', 'Kg.', '16', '48', 1380, 'Chorizo Coctelero 1/2'),
('758', 'SVI-001', '5', '5', 'Kg.', '25', '125', 1381, 'Salchicha Viena'),
('758', 'CHP-036', '5', '5', 'Kg.', '16', '80', 1382, 'Chorizo Precocido 1/2 kg.'),
('759', 'CHP-036', '5', '5', 'Kg.', '15', '75', 1383, 'Chorizo Precocido 1/2 kg.'),
('760', 'CHP-036', '5', '5', 'Kg.', '16', '80', 1384, 'Chorizo Precocido 1/2 kg.'),
('762', 'SES-002', '5', '5', 'Kg.', '22', '110', 1385, 'Salchicha Especial'),
('762', 'CHF-008', '3', '3', 'Kg.', '28', '84', 1386, 'Chorizo Fresco a granel'),
('763', 'SVI-001', '10', '10', 'Kg.', '24', '240', 1387, 'Salchicha Viena'),
('763', 'CHP-036', '10', '10', 'Kg.', '15', '150', 1388, 'Chorizo Precocido 1/2 kg.'),
('761', 'SVI-001', '10', '10', 'Kg.', '25', '250', 1389, 'Salchicha Viena'),
('764', 'SVI-001', '5', '5', 'Kg.', '25', '125', 1390, 'Salchicha Viena'),
('764', 'CHF-008', '5', '5', 'Kg.', '16', '80', 1391, 'Chorizo Fresco a granel'),
('765', 'CHP-036', '10', '10', 'Kg.', '16', '160', 1392, 'Chorizo Precocido 1/2 kg.'),
('765', 'JDA-017', '4.1', '4.1', 'Kg.', '25', '102.5', 1393, 'Jamonada'),
('766', 'SVI-001', '5', '5', 'Kg.', '25', '125', 1394, 'Salchicha Viena'),
('765', 'QCH-019', '4.4', '4.4', 'Kg.', '25', '110', 1395, 'Queso de Chancho'),
('765', 'MPR-012', '4.1', '4.1', 'Kg.', '25', '102.5', 1396, 'Mortadela Primavera'),
('767', 'SVI-001', '10', '10', 'Kg.', '24', '240', 1397, 'Salchicha Viena'),
('767', 'CHP-036', '5', '5', 'Kg.', '16', '80', 1398, 'Chorizo Precocido 1/2 kg.'),
('767', 'JDA-017', '3', '3', 'Kg.', '26', '78', 1399, 'Jamonada'),
('767', 'QCH-019', '2', '2', 'Kg.', '26', '52', 1400, 'Queso de Chancho'),
('768', 'QCH-019', '3', '3', 'Kg.', '26', '78', 1401, 'Queso de Chancho'),
('769', 'SVI-001', '5', '5', 'Kg.', '24', '120', 1402, 'Salchicha Viena'),
('769', 'CHP-036', '10', '10', 'Kg.', '15', '150', 1403, 'Chorizo Precocido 1/2 kg.'),
('770', 'SES-002', '15', '15', 'Kg.', '22', '330', 1404, 'Salchicha Especial'),
('772', 'QCH-019', '4.6', '4.6', 'Kg.', '25', '115', 1405, 'Queso de Chancho'),
('773', 'SVI-001', '10', '10', 'Kg.', '24', '240', 1406, 'Salchicha Viena'),
('773', 'CHP-036', '5', '5', 'Kg.', '16', '80', 1407, 'Chorizo Precocido 1/2 kg.'),
('774', 'SPA-006', '6', '6', 'Kg.', '32', '192', 1408, 'Salchicha Paquete 1kg'),
('771', 'CHP-036', '5', '5', 'Kg.', '16', '80', 1409, 'Chorizo Precocido 1/2 kg.'),
('774', 'JSA-018', '1', '1', 'Kg.', '35', '35', 1410, 'Jamon Sanguchero'),
('775', 'SES-002', '5', '5', 'Kg.', '22', '110', 1411, 'Salchicha Especial'),
('776', 'SVI-001', '5', '5', 'Kg.', '24', '120', 1412, 'Salchicha Viena'),
('776', 'CHP-036', '3', '3', 'Kg.', '15', '45', 1413, 'Chorizo Precocido 1/2 kg.'),
('777', 'CHP-036', '2', '2', 'Kg.', '15', '30', 1414, 'Chorizo Precocido 1/2 kg.'),
('777', 'CHF-008', '2', '2', 'Kg.', '28', '56', 1415, 'Chorizo Fresco a granel'),
('778', 'JDA-017', '1', '1', 'Kg.', '26', '26', 1417, 'Jamonada'),
('778', 'QCH-019', '1', '1', 'Kg.', '26', '26', 1418, 'Queso de Chancho'),
('779', 'CHP-036', '5', '5', 'Kg.', '15', '75', 1419, 'Chorizo Precocido 1/2 kg.'),
('779', 'CHF-008', '5', '5', 'Kg.', '28', '140', 1420, 'Chorizo Fresco a granel'),
('728', 'JDA-017', '3.9', '3.9', 'Kg.', '27', '105.3', 1421, 'Jamonada'),
('780', 'CHP-036', '3', '3', 'Kg.', '15', '45', 1422, 'Chorizo Precocido 1/2 kg.'),
('780', 'JDA-017', '0.5', '0.5', 'Kg.', '26', '13', 1423, 'Jamonada'),
('780', 'QCH-019', '0.5', '0.5', 'Kg.', '26', '13', 1424, 'Queso de Chancho'),
('781', 'CHP-036', '5', '5', 'Kg.', '16', '80', 1425, 'Chorizo Precocido 1/2 kg.'),
('782', 'SES-002', '3', '3', 'Kg.', '22', '66', 1426, 'Salchicha Especial'),
('782', 'CHF-008', '3', '3', 'Kg.', '28', '84', 1427, 'Chorizo Fresco a granel'),
('783', 'CHF-008', '1', '1', 'Kg.', '28', '28', 1428, 'Chorizo Fresco a granel'),
('784', 'CHP-036', '5', '5', 'Kg.', '16', '80', 1429, 'Chorizo Precocido 1/2 kg.'),
('785', 'SVI-001', '10', '10', 'Kg.', '25', '250', 1430, 'Salchicha Viena'),
('786', 'CHP-036', '20', '20', 'Kg.', '16', '320', 1431, 'Chorizo Precocido 1/2 kg.'),
('787', 'SVI-001', '10', '10', 'Kg.', '25', '250', 1432, 'Salchicha Viena'),
('788', 'CHP-036', '5', '5', 'Kg.', '16', '80', 1433, 'Chorizo Precocido 1/2 kg.'),
('789', 'SVI-001', '5', '5', 'Kg.', '25', '125', 1434, 'Salchicha Viena'),
('791', 'SPA-006', '19', '19', 'Kg.', '30', '570', 1435, 'Salchicha Paquete 1kg'),
('792', 'SPA-006', '6', '6', 'Kg.', '30', '180', 1436, 'Salchicha Paquete 1kg'),
('793', 'SPA-006', '9', '9', 'Kg.', '30', '270', 1437, 'Salchicha Paquete 1kg'),
('794', 'SPA-006', '12', '12', 'Kg.', '30', '360', 1438, 'Salchicha Paquete 1kg'),
('795', 'SCO-026', '8', '8', 'Kg.', '30', '240', 1439, 'Salchicha Coctel 1/2 Kg'),
('795', 'JSA-018', '1', '1', 'Kg.', '31', '31', 1440, 'Jamon Sanguchero'),
('795', 'TOC-022', '1', '1', 'Kg.', '44', '44', 1441, 'Tocino Ahumado'),
('796', 'SPA-006', '3', '3', 'Kg.', '30', '90', 1442, 'Salchicha Paquete 1kg'),
('796', 'JSA-018', '1', '1', 'Kg.', '31', '31', 1443, 'Jamon Sanguchero'),
('797', 'SES-002', '6', '6', 'Kg.', '22', '132', 1444, 'Salchicha Especial'),
('797', 'JDA-017', '1.1', '1.1', 'Kg.', '25', '27.500000000000004', 1445, 'Jamonada'),
('797', 'QCH-019', '1.2', '1.2', 'Kg.', '25', '30', 1446, 'Queso de Chancho'),
('798', 'SVI-001', '5', '5', 'Kg.', '25', '125', 1447, 'Salchicha Viena'),
('799', 'SVI-001', '5', '5', 'Kg.', '25', '125', 1448, 'Salchicha Viena'),
('800', 'SVI-001', '5', '5', 'Kg.', '25', '125', 1449, 'Salchicha Viena'),
('801', 'CHF-008', '5', '5', 'Kg.', '28', '140', 1450, 'Chorizo Fresco a granel'),
('802', 'SVI-001', '10', '10', 'Kg.', '25', '250', 1451, 'Salchicha Viena'),
('803', 'SVI-001', '15', '15', 'Kg.', '25', '375', 1452, 'Salchicha Viena'),
('803', 'CHP-036', '5', '5', 'Kg.', '16', '80', 1453, 'Chorizo Precocido 1/2 kg.'),
('804', 'SVI-001', '10', '10', 'Kg.', '25', '250', 1454, 'Salchicha Viena'),
('805', 'CHP-036', '10', '10', 'Kg.', '16', '160', 1455, 'Chorizo Precocido 1/2 kg.'),
('806', 'SVI-001', '10', '10', 'Kg.', '25', '250', 1456, 'Salchicha Viena'),
('806', 'CHP-036', '3', '3', 'Kg.', '16', '48', 1457, 'Chorizo Precocido 1/2 kg.'),
('807', 'SES-002', '4', '4', 'Kg.', '22', '88', 1458, 'Salchicha Especial'),
('808', 'SVI-001', '3', '3', 'Kg.', '23', '69', 1459, 'Salchicha Viena'),
('809', 'SVI-001', '10', '10', 'Kg.', '25', '250', 1460, 'Salchicha Viena'),
('809', 'JDA-017', '12.2', '12.2', 'Kg.', '25', '305', 1461, 'Jamonada'),
('809', 'QCH-019', '9.3', '9.3', 'Kg.', '25', '232.5', 1462, 'Queso de Chancho'),
('810', 'CHP-036', '4', '4', 'Kg.', '15', '60', 1463, 'Chorizo Precocido 1/2 kg.'),
('811', 'SVI-001', '15', '15', 'Kg.', '25', '375', 1464, 'Salchicha Viena'),
('811', 'CHP-036', '5', '5', 'Kg.', '16', '80', 1465, 'Chorizo Precocido 1/2 kg.'),
('812', 'SVI-001', '5', '5', 'Kg.', '25', '125', 1466, 'Salchicha Viena'),
('813', 'CHF-008', '5', '5', 'Kg.', '28', '140', 1468, 'Chorizo Fresco a granel'),
('815', 'SVI-001', '5', '5', 'Kg.', '24', '120', 1470, 'Salchicha Viena'),
('814', 'SSE-005', '10', '10', 'Kg.', '28', '280', 1471, 'Salchicha Super Especial'),
('816', 'SVI-001', '5', '5', 'Kg.', '24', '120', 1472, 'Salchicha Viena'),
('817', 'SVI-001', '5', '5', 'Kg.', '25', '125', 1473, 'Salchicha Viena'),
('818', 'SVI-001', '5', '5', 'Kg.', '25', '125', 1474, 'Salchicha Viena'),
('819', 'SVI-001', '5', '5', 'Kg.', '25', '125', 1475, 'Salchicha Viena'),
('820', 'SVI-001', '5', '5', 'Kg.', '24', '120', 1476, 'Salchicha Viena'),
('820', 'CHP-036', '5', '5', 'Kg.', '16', '80', 1477, 'Chorizo Precocido 1/2 kg.'),
('821', 'SVI-001', '10', '10', 'Kg.', '24', '240', 1478, 'Salchicha Viena'),
('821', 'CHP-036', '5', '5', 'Kg.', '16', '80', 1479, 'Chorizo Precocido 1/2 kg.'),
('822', 'SPA-006', '5', '5', 'Kg.', '24', '120', 1480, 'Salchicha Paquete 1kg'),
('823', 'SVI-001', '5', '5', 'Kg.', '24', '120', 1481, 'Salchicha Viena'),
('823', 'CHP-036', '5', '5', 'Kg.', '16', '80', 1482, 'Chorizo Precocido 1/2 kg.'),
('824', 'SVI-001', '5', '5', 'Kg.', '24', '120', 1483, 'Salchicha Viena'),
('824', 'SES-002', '5', '5', 'Kg.', '22', '110', 1484, 'Salchicha Especial'),
('824', 'CHP-036', '5', '5', 'Kg.', '16', '80', 1485, 'Chorizo Precocido 1/2 kg.'),
('825', 'CHP-036', '3', '3', 'Kg.', '16', '48', 1486, 'Chorizo Precocido 1/2 kg.'),
('826', 'SES-002', '5', '5', 'Kg.', '22', '110', 1487, 'Salchicha Especial'),
('827', 'CHF-008', '1.8', '1.8', 'Kg.', '28', '50.4', 1492, 'Chorizo Fresco a granel'),
('828', 'SVI-001', '5', '5', 'Kg.', '24', '120', 1493, 'Salchicha Viena'),
('829', 'CHP-036', '3', '3', 'Kg.', '16', '48', 1494, 'Chorizo Precocido 1/2 kg.'),
('830', 'SVI-001', '5', '5', 'Kg.', '25', '125', 1495, 'Salchicha Viena'),
('831', 'SVI-001', '5', '5', 'Kg.', '25', '125', 1496, 'Salchicha Viena'),
('831', 'JDA-017', '2', '2', 'Kg.', '26', '52', 1497, 'Jamonada'),
('831', 'QCH-019', '2', '2', 'Kg.', '26', '52', 1498, 'Queso de Chancho'),
('832', 'SVI-001', '5', '5', 'Kg.', '25', '125', 1499, 'Salchicha Viena'),
('833', 'SVI-001', '5', '5', 'Kg.', '25', '125', 1500, 'Salchicha Viena'),
('833', 'CHP-036', '5', '5', 'Kg.', '16', '80', 1501, 'Chorizo Precocido 1/2 kg.'),
('833', 'JDA-017', '4.3', '4.3', 'Kg.', '25', '107.5', 1502, 'Jamonada'),
('833', 'QCH-019', '9.6', '9.6', 'Kg.', '25', '240', 1503, 'Queso de Chancho'),
('834', 'SES-002', '5', '5', 'Kg.', '22', '110', 1504, 'Salchicha Especial'),
('834', 'JDA-017', '4.3', '4.3', 'Kg.', '25', '107.5', 1505, 'Jamonada'),
('834', 'QCH-019', '4.7', '4.7', 'Kg.', '25', '117.5', 1507, 'Queso de Chancho'),
('835', 'SES-002', '5', '5', 'Kg.', '22', '110', 1508, 'Salchicha Especial'),
('835', 'JDA-017', '1', '1', 'Kg.', '26', '26', 1509, 'Jamonada'),
('835', 'QCH-019', '5', '5', 'Kg.', '26', '130', 1510, 'Queso de Chancho'),
('836', 'JDA-017', '8.5', '8.5', 'Kg.', '25', '212.5', 1511, 'Jamonada'),
('837', 'SES-002', '5', '5', 'Kg.', '22', '110', 1512, 'Salchicha Especial'),
('837', 'JDA-017', '1', '1', 'Kg.', '26', '26', 1513, 'Jamonada'),
('837', 'QCH-019', '1', '1', 'Kg.', '26', '26', 1514, 'Queso de Chancho'),
('838', 'SVI-001', '5', '5', 'Kg.', '24', '120', 1515, 'Salchicha Viena'),
('839', 'SVI-001', '5', '5', 'Kg.', '24', '120', 1516, 'Salchicha Viena'),
('840', 'SES-002', '3', '3', 'Kg.', '22', '66', 1517, 'Salchicha Especial'),
('841', 'SPA-006', '5', '5', 'Kg.', '30', '150', 1518, 'Salchicha Paquete 1kg'),
('841', 'JSA-018', '1', '1', 'Kg.', '32', '32', 1519, 'Jamon Sanguchero'),
('842', 'JSA-018', '4.6', '4.6', 'Kg.', '30', '138', 1520, 'Jamon Sanguchero'),
('843', 'TOC-022', '10', '10', 'Kg.', '49', '490', 1521, 'Tocino Ahumado'),
('844', 'QCH-019', '4.7', '4.7', 'Kg.', '25', '117.5', 1522, 'Queso de Chancho'),
('845', 'SVI-001', '5', '5', 'Kg.', '23', '115', 1523, 'Salchicha Viena'),
('846', 'SVI-001', '5', '5', 'Kg.', '23', '115', 1524, 'Salchicha Viena'),
('847', 'JDA-017', '4.8', '4.8', 'Kg.', '25', '120', 1527, 'Jamonada'),
('848', 'SVI-001', '5', '5', 'Kg.', '23', '115', 1528, 'Salchicha Viena'),
('849', 'SVI-001', '5', '5', 'Kg.', '23', '115', 1529, 'Salchicha Viena'),
('850', 'SVI-001', '5', '5', 'Kg.', '23', '115', 1530, 'Salchicha Viena'),
('851', 'SCO-003', '10', '10', 'Kg.', '18', '180', 1531, 'Salchicha Corriente'),
('852', 'SVI-001', '5', '5', 'Kg.', '23', '115', 1532, 'Salchicha Viena'),
('853', 'SSE-005', '5', '5', 'Kg.', '23', '115', 1533, 'Salchicha Super Especial'),
('855', 'SES-002', '5', '5', 'Kg.', '22', '110', 1534, 'Salchicha Especial'),
('856', 'SVI-001', '3', '3', 'Kg.', '24', '72', 1535, 'Salchicha Viena'),
('857', 'SVI-001', '3', '3', 'Kg.', '25', '75', 1536, 'Salchicha Viena'),
('858', 'SES-002', '3', '3', 'Kg.', '22', '66', 1537, 'Salchicha Especial'),
('859', 'SVI-001', '5', '5', 'Kg.', '25', '125', 1538, 'Salchicha Viena'),
('860', 'SVI-001', '3', '3', 'Kg.', '24', '72', 1539, 'Salchicha Viena'),
('861', 'SVI-001', '6', '6', 'Kg.', '24', '144', 1540, 'Salchicha Viena'),
('862', 'JDA-017', '1', '1', 'Kg.', '26', '26', 1541, 'Jamonada'),
('862', 'QCH-019', '1', '1', 'Kg.', '26', '26', 1542, 'Queso de Chancho'),
('863', 'SES-002', '3', '3', 'Kg.', '22', '66', 1543, 'Salchicha Especial'),
('864', 'SVI-001', '3', '3', 'Kg.', '24', '72', 1544, 'Salchicha Viena'),
('864', 'JDA-017', '0.5', '0.5', 'Kg.', '26', '13', 1545, 'Jamonada'),
('864', 'QCH-019', '0.5', '0.5', 'Kg.', '26', '13', 1546, 'Queso de Chancho'),
('865', 'SVI-001', '5', '5', 'Kg.', '24', '120', 1547, 'Salchicha Viena'),
('866', 'SVI-001', '5', '5', 'Kg.', '25', '125', 1548, 'Salchicha Viena'),
('867', 'SES-002', '3', '3', 'Kg.', '22', '66', 1549, 'Salchicha Especial'),
('867', 'JDA-017', '1', '1', 'Kg.', '26', '26', 1550, 'Jamonada'),
('868', 'SVI-001', '5', '5', 'Kg.', '24', '120', 1551, 'Salchicha Viena'),
('869', 'SVI-001', '5', '5', 'Kg.', '25', '125', 1552, 'Salchicha Viena'),
('870', 'SVI-001', '5', '5', 'Kg.', '25', '125', 1553, 'Salchicha Viena'),
('871', 'SVI-001', '5', '5', 'Kg.', '25', '125', 1554, 'Salchicha Viena'),
('873', 'SPA-006', '13', '13', 'Kg.', '30', '390', 1556, 'Salchicha Paquete 1kg'),
('874', 'SVI-001', '5', '5', 'Kg.', '27', '135', 1557, 'Salchicha Viena'),
('875', 'SPA-006', '4', '4', 'Kg.', '30', '120', 1558, 'Salchicha Paquete 1kg'),
('876', 'SPA-006', '12', '12', 'Kg.', '30', '360', 1559, 'Salchicha Paquete 1kg'),
('876', 'JSA-018', '1', '1', 'Kg.', '31', '31', 1560, 'Jamon Sanguchero'),
('877', 'SPA-006', '10', '10', 'Kg.', '30', '300', 1561, 'Salchicha Paquete 1kg'),
('877', 'JSA-018', '2', '2', 'Kg.', '31', '62', 1562, 'Jamon Sanguchero'),
('877', 'TOC-022', '1', '1', 'Kg.', '44', '44', 1563, 'Tocino Ahumado'),
('878', 'SPA-006', '8', '8', 'Kg.', '30', '240', 1564, 'Salchicha Paquete 1kg'),
('879', 'SPA-006', '6', '6', 'Kg.', '30', '180', 1565, 'Salchicha Paquete 1kg'),
('879', 'JSA-018', '2', '2', 'Kg.', '31', '62', 1566, 'Jamon Sanguchero'),
('880', 'JSA-018', '2', '2', 'Kg.', '32', '64', 1567, 'Jamon Sanguchero'),
('881', 'SPA-006', '4', '4', 'Kg.', '32', '128', 1568, 'Salchicha Paquete 1kg'),
('881', 'JSA-018', '1', '1', 'Kg.', '35', '35', 1569, 'Jamon Sanguchero'),
('882', 'SVI-001', '5', '5', 'Kg.', '25', '125', 1570, 'Salchicha Viena'),
('882', 'SES-002', '8', '8', 'Kg.', '22', '176', 1571, 'Salchicha Especial'),
('883', 'SVI-001', '10', '10', 'Kg.', '25', '250', 1572, 'Salchicha Viena'),
('884', 'SVI-001', '10', '10', 'Kg.', '23', '230', 1573, 'Salchicha Viena'),
('885', 'SVI-001', '10', '10', 'Kg.', '23', '230', 1574, 'Salchicha Viena'),
('886', 'SVI-001', '10', '10', 'Kg.', '25', '250', 1575, 'Salchicha Viena'),
('887', 'SVI-001', '5', '5', 'Kg.', '25', '125', 1576, 'Salchicha Viena'),
('887', 'QCH-019', '9.3', '9.3', 'Kg.', '25', '232.5', 1577, 'Queso de Chancho'),
('887', 'MPR-012', '4.1', '4.1', 'Kg.', '25', '102.5', 1578, 'Mortadela Primavera'),
('888', 'JDA-017', '12.6', '12.6', 'Kg.', '25', '315', 1579, 'Jamonada'),
('889', 'SVI-001', '5', '5', 'Kg.', '24', '120', 1580, 'Salchicha Viena'),
('890', 'JDA-017', '4.1', '4.1', 'Kg.', '25', '102.5', 1581, 'Jamonada'),
('890', 'MCA-011', '3', '3', 'Kg.', '25', '75', 1582, 'Mortadela Cazador'),
('890', 'MPC-015', '2.8', '2.8', 'Kg.', '25', '70', 1583, 'M. Pastel de Cabeza'),
('891', 'SVI-001', '20', '20', 'Kg.', '24', '480', 1584, 'Salchicha Viena'),
('891', 'QCH-019', '5', '5', 'Kg.', '26', '130', 1585, 'Queso de Chancho'),
('891', 'MPR-012', '4', '4', 'Kg.', '26', '104', 1586, 'Mortadela Primavera'),
('892', 'SVI-001', '5', '5', 'Kg.', '25', '125', 1587, 'Salchicha Viena'),
('893', 'SVI-001', '5', '5', 'Kg.', '25', '125', 1588, 'Salchicha Viena'),
('893', 'QCH-019', '1', '1', 'Kg.', '26', '26', 1589, 'Queso de Chancho'),
('893', 'MPR-012', '1', '1', 'Kg.', '26', '26', 1590, 'Mortadela Primavera'),
('894', 'QCH-019', '3', '3', 'Kg.', '26', '78', 1591, 'Queso de Chancho'),
('895', 'SVI-001', '15', '15', 'Kg.', '25', '375', 1592, 'Salchicha Viena'),
('895', 'JDA-017', '8.1', '8.1', 'Kg.', '25', '202.5', 1593, 'Jamonada'),
('895', 'QCH-019', '9.2', '9.2', 'Kg.', '25', '230', 1594, 'Queso de Chancho'),
('896', 'TOC-022', '5', '5', 'Kg.', '49', '245', 1595, 'Tocino Ahumado'),
('897', 'SPA-006', '5', '5', 'Kg.', '30', '150', 1596, 'Salchicha Paquete 1kg'),
('897', 'MCA-011', '1', '1', 'Kg.', '32', '32', 1597, 'Mortadela Cazador'),
('898', 'SVI-001', '5', '5', 'Kg.', '23', '115', 1598, 'Salchicha Viena'),
('898', 'JDA-017', '0.5', '0.5', 'Kg.', '26', '13', 1599, 'Jamonada'),
('898', 'QCH-019', '0.5', '0.5', 'Kg.', '26', '13', 1600, 'Queso de Chancho'),
('899', 'SVI-001', '3', '3', 'Kg.', '24', '72', 1601, 'Salchicha Viena'),
('899', 'CHP-036', '3', '3', 'Kg.', '15', '45', 1602, 'Chorizo Precocido 1/2 kg.'),
('899', 'JDA-017', '0.5', '0.5', 'Kg.', '26', '13', 1603, 'Jamonada'),
('899', 'QCH-019', '0.5', '0.5', 'Kg.', '26', '13', 1604, 'Queso de Chancho'),
('900', 'SVI-001', '5', '5', 'Kg.', '25', '125', 1605, 'Salchicha Viena'),
('901', 'SVI-001', '10', '10', 'Kg.', '25', '250', 1606, 'Salchicha Viena'),
('901', 'QCH-019', '2', '2', 'Kg.', '26', '52', 1607, 'Queso de Chancho'),
('901', 'JDA-017', '1', '1', 'Kg.', '26', '26', 1608, 'Jamonada'),
('902', 'SVI-001', '5', '5', 'Kg.', '24', '120', 1609, 'Salchicha Viena'),
('903', 'SVI-001', '5', '5', 'Kg.', '25', '125', 1610, 'Salchicha Viena'),
('904', 'SVI-001', '5', '5', 'Kg.', '24', '120', 1611, 'Salchicha Viena'),
('904', 'JDA-017', '8.7', '8.7', 'Kg.', '25', '217.5', 1612, 'Jamonada'),
('904', 'QCH-019', '9.5', '9.5', 'Kg.', '25', '237.5', 1613, 'Queso de Chancho'),
('904', 'MPI-014', '6', '6', 'Kg.', '25', '150', 1614, 'Mortadela Picante'),
('905', 'SES-002', '5', '5', 'Kg.', '22', '110', 1615, 'Salchicha Especial'),
('906', 'SVI-001', '5', '5', 'Kg.', '25', '125', 1616, 'Salchicha Viena'),
('907', 'SVI-001', '5', '5', 'Kg.', '25', '125', 1617, 'Salchicha Viena'),
('908', 'SVI-001', '5', '5', 'Kg.', '25', '125', 1618, 'Salchicha Viena'),
('909', 'SVI-001', '15', '15', 'Kg.', '23', '345', 1619, 'Salchicha Viena'),
('910', 'SVI-001', '5', '5', 'Kg.', '25', '125', 1620, 'Salchicha Viena'),
('911', 'SVI-001', '3', '3', 'Kg.', '23', '69', 1621, 'Salchicha Viena'),
('912', 'SVI-001', '5', '5', 'Kg.', '25', '125', 1622, 'Salchicha Viena'),
('913', 'SVI-001', '5', '5', 'Kg.', '25', '125', 1623, 'Salchicha Viena'),
('914', 'SVI-001', '5', '5', 'Kg.', '24', '120', 1624, 'Salchicha Viena'),
('915', 'SVI-001', '3', '3', 'Kg.', '23', '69', 1625, 'Salchicha Viena'),
('916', 'SVI-001', '5', '5', 'Kg.', '25', '125', 1626, 'Salchicha Viena'),
('917', 'JDA-017', '4', '4', 'Kg.', '25', '100', 1627, 'Jamonada'),
('917', 'QCH-019', '4.9', '4.9', 'Kg.', '25', '122.5', 1628, 'Queso de Chancho'),
('918', 'SVI-001', '3', '3', 'Kg.', '23', '69', 1629, 'Salchicha Viena'),
('919', 'SVI-001', '12', '12', 'Kg.', '23', '276', 1630, 'Salchicha Viena'),
('920', 'SVI-001', '5', '5', 'Kg.', '24', '120', 1631, 'Salchicha Viena'),
('921', 'SVI-001', '10', '10', 'Kg.', '25', '250', 1632, 'Salchicha Viena'),
('922', 'SVI-001', '3', '3', 'Kg.', '23', '69', 1633, 'Salchicha Viena'),
('923', 'SVI-001', '5', '5', 'Kg.', '25', '125', 1634, 'Salchicha Viena'),
('924', 'SVI-001', '5', '5', 'Kg.', '25', '125', 1635, 'Salchicha Viena'),
('925', 'SVI-001', '5', '5', 'Kg.', '25', '125', 1636, 'Salchicha Viena'),
('926', 'SVI-001', '5', '5', 'Kg.', '25', '125', 1637, 'Salchicha Viena'),
('927', 'SVI-001', '5', '5', 'Kg.', '23', '115', 1638, 'Salchicha Viena'),
('928', 'SVI-001', '5', '5', 'Kg.', '23', '115', 1639, 'Salchicha Viena'),
('929', 'SES-002', '10', '10', 'Kg.', '22', '220', 1640, 'Salchicha Especial'),
('930', 'SVI-001', '5', '5', 'Kg.', '25', '125', 1641, 'Salchicha Viena'),
('931', 'SES-002', '4', '4', 'Kg.', '22', '88', 1642, 'Salchicha Especial'),
('932', 'SVI-001', '3', '3', 'Kg.', '25', '75', 1643, 'Salchicha Viena'),
('933', 'SVI-001', '10', '10', 'Kg.', '23', '230', 1644, 'Salchicha Viena'),
('934', 'SVI-001', '6', '6', 'Kg.', '25', '150', 1645, 'Salchicha Viena'),
('935', 'SVI-001', '10', '10', 'Kg.', '24', '240', 1646, 'Salchicha Viena'),
('935', 'QCH-019', '4.9', '4.9', 'Kg.', '25', '122.5', 1647, 'Queso de Chancho'),
('935', 'JDA-017', '4.3', '4.3', 'Kg.', '25', '107.5', 1648, 'Jamonada'),
('936', 'SVI-001', '10', '10', 'Kg.', '24', '240', 1650, 'Salchicha Viena'),
('937', 'SVI-001', '5', '5', 'Kg.', '25', '125', 1651, 'Salchicha Viena'),
('938', 'SSE-005', '5', '5', 'Kg.', '24', '120', 1652, 'Salchicha Super Especial'),
('939', 'SVI-001', '5', '5', 'Kg.', '24', '120', 1653, 'Salchicha Viena'),
('940', 'JDA-017', '2', '2', 'Kg.', '26', '52', 1654, 'Jamonada'),
('940', 'QCH-019', '2', '2', 'Kg.', '26', '52', 1655, 'Queso de Chancho'),
('941', 'JDA-017', '2', '2', 'Kg.', '26', '52', 1656, 'Jamonada'),
('941', 'QCH-019', '2', '2', 'Kg.', '26', '52', 1657, 'Queso de Chancho'),
('941', 'SVI-001', '5', '5', 'Kg.', '25', '125', 1658, 'Salchicha Viena'),
('942', 'SVI-001', '5', '5', 'Kg.', '25', '125', 1659, 'Salchicha Viena'),
('943', 'SES-002', '5', '5', 'Kg.', '22', '110', 1660, 'Salchicha Especial'),
('944', 'SVI-001', '5', '5', 'Kg.', '25', '125', 1661, 'Salchicha Viena'),
('945', 'SVI-001', '5', '5', 'Kg.', '24', '120', 1662, 'Salchicha Viena'),
('946', 'SVI-001', '5', '5', 'Kg.', '24', '120', 1663, 'Salchicha Viena'),
('946', 'SES-002', '5', '5', 'Kg.', '22', '110', 1664, 'Salchicha Especial'),
('947', 'SVI-001', '5', '5', 'Kg.', '24', '120', 1665, 'Salchicha Viena'),
('947', 'SES-002', '5', '5', 'Kg.', '22', '110', 1666, 'Salchicha Especial'),
('948', 'SVI-001', '5', '5', 'Kg.', '25', '125', 1667, 'Salchicha Viena'),
('949', 'JDA-017', '1', '1', 'Kg.', '26', '26', 1668, 'Jamonada'),
('949', 'QCH-019', '4', '4', 'Kg.', '26', '104', 1669, 'Queso de Chancho'),
('950', 'QCH-019', '4.7', '4.7', 'Kg.', '25', '117.5', 1670, 'Queso de Chancho'),
('951', 'SVI-001', '5', '5', 'Kg.', '25', '125', 1671, 'Salchicha Viena'),
('952', 'SVI-001', '5', '5', 'Kg.', '25', '125', 1672, 'Salchicha Viena'),
('952', 'SES-002', '5', '5', 'Kg.', '22', '110', 1673, 'Salchicha Especial'),
('952', 'JDA-017', '4.7', '4.7', 'Kg.', '25', '117.5', 1674, 'Jamonada'),
('953', 'SVI-001', '5', '5', 'Kg.', '25', '125', 1675, 'Salchicha Viena'),
('954', 'SVI-001', '5', '5', 'Kg.', '25', '125', 1676, 'Salchicha Viena'),
('955', 'SVI-001', '5', '5', 'Kg.', '27', '135', 1677, 'Salchicha Viena'),
('955', 'JDA-017', '4.4', '4.4', 'Kg.', '27', '118.8', 1678, 'Jamonada'),
('956', 'SPA-006', '19', '19', 'Kg.', '30', '570', 1679, 'Salchicha Paquete 1kg');
INSERT INTO `nota_pedido` (`id_nota`, `id_producto`, `cantidad`, `entregado`, `masa`, `precio`, `subtotal`, `codigo`, `nombre`) VALUES
('956', 'JSA-018', '6', '6', 'Kg.', '31', '186', 1680, 'Jamon Sanguchero'),
('956', 'TOC-022', '1', '1', 'Kg.', '44', '44', 1681, 'Tocino Ahumado'),
('957', 'SPA-006', '11', '11', 'Kg.', '30', '330', 1682, 'Salchicha Paquete 1kg'),
('957', 'TOC-022', '1', '1', 'Kg.', '44', '44', 1683, 'Tocino Ahumado'),
('958', 'SPA-006', '15', '15', 'Kg.', '30', '450', 1684, 'Salchicha Paquete 1kg'),
('958', 'JSA-018', '3', '3', 'Kg.', '31', '93', 1685, 'Jamon Sanguchero'),
('959', 'SPA-006', '16', '16', 'Kg.', '30', '480', 1686, 'Salchicha Paquete 1kg'),
('959', 'JSA-018', '4', '4', 'Kg.', '31', '124', 1687, 'Jamon Sanguchero'),
('960', 'SPA-006', '8', '8', 'Kg.', '30', '240', 1688, 'Salchicha Paquete 1kg'),
('961', 'SPA-006', '6', '6', 'Kg.', '30', '180', 1689, 'Salchicha Paquete 1kg'),
('961', 'JSA-018', '3', '3', 'Kg.', '31', '93', 1690, 'Jamon Sanguchero'),
('962', 'TOC-022', '3', '3', 'Kg.', '49', '147', 1691, 'Tocino Ahumado'),
('963', 'SES-002', '15', '15', 'Kg.', '21', '315', 1692, 'Salchicha Especial'),
('964', 'CHP-036', '5', '5', 'Kg.', '16', '80', 1693, 'Chorizo Precocido 1/2 kg.'),
('964', 'QCH-019', '4.4', '4.4', 'Kg.', '25', '110', 1694, 'Queso de Chancho'),
('965', 'SVI-001', '5', '5', 'Kg.', '23', '115', 1695, 'Salchicha Viena'),
('965', 'QCH-019', '4.3', '4.3', 'Kg.', '25', '107.5', 1696, 'Queso de Chancho'),
('966', 'SVI-001', '5', '5', 'Kg.', '24', '120', 1697, 'Salchicha Viena'),
('967', 'JSA-018', '2.3', '2.3', 'Kg.', '30', '69', 1698, 'Jamon Sanguchero'),
('967', 'TOC-022', '4', '4', 'Kg.', '8', '32', 1699, 'Tocino Ahumado'),
('968', 'SVI-001', '5', '5', 'Kg.', '24', '120', 1700, 'Salchicha Viena'),
('969', 'SVI-001', '5', '5', 'Kg.', '25', '125', 1701, 'Salchicha Viena'),
('970', 'SVI-001', '5', '5', 'Kg.', '23', '115', 1702, 'Salchicha Viena'),
('971', 'SES-002', '10', '10', 'Kg.', '22', '220', 1703, 'Salchicha Especial'),
('972', 'SVI-001', '5', '5', 'Kg.', '24', '120', 1705, 'Salchicha Viena'),
('973', 'SVI-001', '10', '10', 'Kg.', '23', '230', 1706, 'Salchicha Viena'),
('974', 'SVI-001', '5', '5', 'Kg.', '25', '125', 1707, 'Salchicha Viena'),
('974', 'QCH-019', '3', '3', 'Kg.', '26', '78', 1708, 'Queso de Chancho'),
('975', 'SVI-001', '5', '5', 'Kg.', '25', '125', 1709, 'Salchicha Viena'),
('976', 'QCH-019', '3', '3', 'Kg.', '26', '78', 1710, 'Queso de Chancho'),
('977', 'SVI-001', '5', '5', 'Kg.', '23', '115', 1711, 'Salchicha Viena'),
('978', 'SVI-001', '5', '5', 'Kg.', '24', '120', 1712, 'Salchicha Viena'),
('979', 'SPA-006', '5', '5', 'Kg.', '30', '150', 1713, 'Salchicha Paquete 1kg');

-- --------------------------------------------------------

--
-- Estructura de tabla para la tabla `pedido`
--

CREATE TABLE IF NOT EXISTS `pedido` (
  `id_pedido` varchar(20) NOT NULL,
  `subtotal` varchar(255) DEFAULT NULL,
  `cantidad` varchar(255) DEFAULT NULL,
  `id_producto` varchar(255) DEFAULT NULL,
  PRIMARY KEY (`id_pedido`)
) ENGINE=InnoDB DEFAULT CHARSET=latin1;

--
-- Volcado de datos para la tabla `pedido`
--

INSERT INTO `pedido` (`id_pedido`, `subtotal`, `cantidad`, `id_producto`) VALUES
('100001', '', '5', '2'),
('100002', '', '3', '6'),
('100003', '', '6', '1'),
('100004', '', '2', '11'),
('100005', '', '2', '13'),
('100006', '', '5', '4'),
('100007', '', '3', '3'),
('100008', '', '6', '6'),
('100009', '', '2', '9'),
('100010', '', '1', '13');

-- --------------------------------------------------------

--
-- Estructura de tabla para la tabla `producto`
--

CREATE TABLE IF NOT EXISTS `producto` (
  `id_producto` varchar(20) NOT NULL,
  `nombre` varchar(255) DEFAULT NULL,
  `precio_fabrica` varchar(255) DEFAULT NULL,
  `observacion` varchar(255) DEFAULT NULL,
  `precio_sinFactura` varchar(250) DEFAULT NULL,
  `precio_preventista` varchar(250) DEFAULT NULL,
  `precio_megas` varchar(150) DEFAULT NULL,
  PRIMARY KEY (`id_producto`)
) ENGINE=InnoDB DEFAULT CHARSET=latin1;

--
-- Volcado de datos para la tabla `producto`
--

INSERT INTO `producto` (`id_producto`, `nombre`, `precio_fabrica`, `observacion`, `precio_sinFactura`, `precio_preventista`, `precio_megas`) VALUES
('CHC-009', 'Chorizo Coctelero 1/2', '18', 'Paquete', '16', '16', ''),
('CHF-008', 'Chorizo Fresco a granel', '35', '', '31', '28', ''),
('CHP-007', 'Chorizo Precocido a granel', '36', '', '32', '', ''),
('CHP-036', 'Chorizo Precocido 1/2 kg.', '18', '', '16', '', ''),
('JDA-017', 'Jamonada', '30', '', '28', '26', ''),
('JPA-029', 'Jamon del Pais', '', '', '', '', ''),
('JSA-018', 'Jamon Sanguchero', '35', '', '32', '30', '31'),
('MCA-011', 'Mortadela Cazador', '28', '', '25', '', ''),
('MLI-013', 'Mortadela Lionesa', '28', '', '25', '', ''),
('MPC-015', 'M. Pastel de Cabeza', '28', '', '25', '', ''),
('MPI-014', 'Mortadela Picante', '28', '', '25', '', ''),
('MPO-016', 'Mortadela de Pollo', '28', '', '25', '', ''),
('MPR-012', 'Mortadela Primavera', '28', '', '25', '', ''),
('PPI-021', 'Peperoni', '38', '', '34', '', ''),
('QCH-019', 'Queso de Chancho', '30', '', '28', '26', ''),
('SCO-003', 'Salchicha Corriente', '18', '', '18', '18', ''),
('SCO-026', 'Salchicha Coctel 1/2 Kg', '', '', '', '', ''),
('SCP-004', 'Salchicha Corriente Pintado', '18', '', '18', '18', ''),
('SES-002', 'Salchicha Especial', '25', '', '22', '22', ''),
('SME-020', 'Salame', '38', '', '34', '', ''),
('SME-036', 'Salame 100 (1/10 kg)', '', '', '', '', ''),
('SPA-006', 'Salchicha Paquete 1kg', '32', '', '29', '29', '30'),
('SSE-005', 'Salchicha Super Especial', '31', '', '28', '28', ''),
('SVI-001', 'Salchicha Viena', '29', '', '26', '25', ''),
('TBA-023', 'Tocino en Barra', '49', '', '45', '45', ''),
('TOC-022', 'Tocino Ahumado', '49', '', '45', '45', '44'),
('TOC-037', 'Tocino 100 (1/10 kg)', '', '', '', '', '');

-- --------------------------------------------------------

--
-- Estructura de tabla para la tabla `test_table`
--

CREATE TABLE IF NOT EXISTS `test_table` (
  `id` varchar(20) NOT NULL,
  `nombre` varchar(50) DEFAULT NULL,
  `edad` int(10) DEFAULT NULL,
  PRIMARY KEY (`id`)
) ENGINE=InnoDB DEFAULT CHARSET=latin1;

--
-- Volcado de datos para la tabla `test_table`
--

INSERT INTO `test_table` (`id`, `nombre`, `edad`) VALUES
('1', 'jhon smith', 28),
('2', 'rebe', 25);

-- --------------------------------------------------------

--
-- Estructura de tabla para la tabla `usuario`
--

CREATE TABLE IF NOT EXISTS `usuario` (
  `id_usuario` varchar(20) NOT NULL,
  `id_empleado` varchar(255) NOT NULL,
  `nombre` varchar(250) DEFAULT NULL,
  `rol` varchar(255) DEFAULT NULL,
  `imagen` varchar(255) DEFAULT NULL,
  `observacion` varchar(255) DEFAULT NULL,
  `password` varchar(100) DEFAULT NULL,
  `correo` varchar(250) NOT NULL,
  PRIMARY KEY (`id_usuario`)
) ENGINE=InnoDB DEFAULT CHARSET=latin1;

--
-- Volcado de datos para la tabla `usuario`
--

INSERT INTO `usuario` (`id_usuario`, `id_empleado`, `nombre`, `rol`, `imagen`, `observacion`, `password`, `correo`) VALUES
('4745061LP', '1', 'Hernando Gutierrez', 'otros', '', '', 'yacaeras', 'hernan@gmail.com'),
('6058218LP', '7', 'Maria Copa', 'administrador', '', '', 'arthur1+', 'maritia123@gmail.com'),
('6066719LP', 'rebeca6066719', 'Rebeca Quispe', 'administrador', 's', 'as', 'r3b3c4', 'rebes.rebe9@gmail.com'),
('6597356 LP', '102', 'Diego Tarifa', 'otros', 'qw', 'qw', 'qw', 'qw'),
('6897356LP', 'caj220888', 'Juan Callisaya', 'administrador', '23sd', '', '123', 'kael123456789.2014@gmail.com'),
('888862LP', '106', 'ivan pro', 'otros', '', '', '12345', '2@a'),
('9211146LP', '4', 'Cinthia Pusari', 'administrador', '', '', 'cv123', 'shalom30alejem@gmail.com');

-- --------------------------------------------------------

--
-- Estructura de tabla para la tabla `vendedor`
--

CREATE TABLE IF NOT EXISTS `vendedor` (
  `id_vendedor` varchar(20) NOT NULL,
  `id_empleado` varchar(255) NOT NULL,
  `ruta` varchar(255) DEFAULT NULL,
  `observacion` varchar(255) DEFAULT NULL,
  PRIMARY KEY (`id_vendedor`)
) ENGINE=InnoDB DEFAULT CHARSET=latin1;

--
-- Volcado de datos para la tabla `vendedor`
--

INSERT INTO `vendedor` (`id_vendedor`, `id_empleado`, `ruta`, `observacion`) VALUES
('1', '101', 'senkata', NULL),
('2', '102', 'miraflores', NULL),
('3', '103', 'ceja', NULL),
('4', '104', 'CEJA, CALLE 3 LA JUNGLA', NULL),
('5', '101', 'VILLA ADELA', NULL);

/*!40101 SET CHARACTER_SET_CLIENT=@OLD_CHARACTER_SET_CLIENT */;
/*!40101 SET CHARACTER_SET_RESULTS=@OLD_CHARACTER_SET_RESULTS */;
/*!40101 SET COLLATION_CONNECTION=@OLD_COLLATION_CONNECTION */;
